SalePageId,SalePageTitle,SaleProductDescShortContent,GMV,TotalQty
7678885,76酵母胺基酸淨膚潔顏露（防滑升級版）【鍾明軒．蔡頤榛推薦】,｜76酵母胺基酸淨膚潔顏露｜,1.8420264E7,10577
7586646,【母親節囤貨｜買4送2】76酵母胺基酸淨膚潔顏露 4入【送】潔膚巾(100pcs)2入 (珍珠紋 或 十字紋 款式隨機贈送)【鍾明軒推薦】,※超商取貨限購2組，3組以上因超過超商限制大小請選擇【宅配】配送,1.2962188E7,3412
7467074,76酵母胺基酸淨膚潔顏露（防滑升級版）2入【鍾明軒推薦】,｜76酵母胺基酸淨膚潔顏露｜,1.095723E7,5770
8036028,爽膚零油光｜76酵母胺基酸淨膚潔顏露+99控油保濕平衡乳【鍾明軒．蔡頤榛推薦】,｜爽膚零油光｜,7746125.0,3875
7550689,【買2送1】76酵母胺基酸淨膚潔顏露*2【送】100%純棉植物纖維潔膚巾(珍珠紋加厚版100pcs)【鍾明軒推薦】,｜健康好膚質的保養捷徑｜,6348824.0,3176
7467069,76酵母胺基酸淨膚潔顏露（防滑升級版）【鍾明軒推薦】,｜76酵母胺基酸淨膚潔顏露｜,6205680.0,5746
8539536,【女王節囤貨｜買4送2】76酵母胺基酸淨膚潔顏露+蜂王乳極潤修護精華露+黃金胜肽賦活精華+99控油保濕平衡乳 送 黃金修護白泡泡面膜50ML隨身瓶+76酵母胺基酸淨膚潔顏露30ML隨身瓶,｜混和肌必備組｜,5774496.0,1092
7576390,【油痘肌最愛】黃金修護白泡泡面膜+76酵母胺基酸淨膚潔顏露【鍾明軒．蔡頤榛推薦】,無皂鹼、無刺激性介面劑的溫和保養級潔顏露,4885556.0,2444
7993561,洗臉好夥伴｜光感淨透洗臉機（聲波導入版）+ 76酵母胺基酸淨膚潔顏露【鍾明軒推薦】,｜洗臉好夥伴｜,4452975.0,2025
7941791,混和肌推薦｜76酵母胺基酸淨膚潔顏露+黃金修護白泡泡面膜+蜂王乳極潤修護精華露+黃金胜肽賦活精華+99控油保濕平衡乳【王凱推薦】,｜混和肌推薦｜,4430333.0,761
8128607,【母親節囤貨｜買4送2】76酵母胺基酸淨膚潔顏露 2入 +99控油保濕平衡乳 2入 送 潔膚巾(100pcs)2入 (珍珠紋 或 十字紋 款式隨機贈送)【鍾明軒推薦】,※贈品-珍珠紋潔膚巾與舒敏款潔膚巾，隨機發贈,3751062.0,938
7552856,全方位大掃除專用四寶組（萬用清潔噴霧+黑皂寶+神奇檸檬泡泡+酵素洗碗泡泡）各一瓶,,3341490.0,3593
8187452,【淨膚補水組】藍銅玻尿酸保濕修復精華+76酵母胺基酸淨膚潔顏露【鍾明軒．蔡頤榛推薦】,｜藍銅玻尿酸保濕修復精華｜,3243552.0,1248
8191446,【爆水小藍瓶】藍銅玻尿酸保濕修復精華【謝京穎推薦】,｜藍銅玻尿酸保濕修復精華｜,2920336.0,1073
8126188,外油內乾超淨化｜黃金修護白泡泡面膜+76酵母胺基酸淨膚潔顏露+99控油保濕平衡乳【鍾明軒．蔡頤榛推薦】,無皂鹼、無刺激性介面劑的溫和保養級潔顏露,2738120.0,889
7183547,黃金胜肽賦活精華【鄭亦真推薦】,｜黃金胜肽賦活精華｜,2735040.0,1628
7910885,【混和肌救星】99控油保濕平衡乳【黃上晏推薦】,｜99控油保濕平衡乳｜,2519040.0,1968
8192135,【爆水小藍瓶】藍銅玻尿酸保濕修復精華【謝京穎推薦】,｜藍銅玻尿酸保濕修復精華｜,2435400.0,1230
7774661,保濕淨化透光組｜76酵母胺基酸淨膚潔顏露+黃金胜肽賦活精華【鍾明軒．蔡頤榛推薦】,｜保濕淨化透光組｜,2391282.0,1018
8536052,【控油淨荳組｜新春買4送3】99控油保濕平衡乳+45淨化毛孔調理安瓶+76酵母胺基酸淨膚潔顏露+黃金修護白泡泡面膜 送 美白調理平衡露30g隨身瓶＋76酵母胺基酸淨膚潔顏露30g隨身瓶+琥珀酸喚膚粉刺泥膜30g隨身瓶 【11點熱吵店推薦．高效粉刺黑武士．新一代喚膚權威】,｜控油淨荳組｜,2345568.0,461
7353241,黃金修護白泡泡面膜【毛孔吸塵器．11點熱吵店推薦】,｜黃金修護白泡泡面膜｜,2026240.0,1583
7904452,【混和肌救星】99控油保濕平衡乳【黃上晏推薦】,｜99控油保濕平衡乳｜,1997059.0,987
8540842,【新春購｜+$188多一件】熱療撫紋導入儀（音波震動版）+黃金胜肽賦活精華-10ml隨身瓶【夏宇禾．鄭亦真推薦】,｜熱療撫紋導入儀｜,1910964.0,1023
7534157,76酵母胺基酸淨膚潔顏露-30G隨身瓶【鍾明軒推薦】,｜76酵母胺基酸淨膚潔顏露｜,1852492.0,5308
8188979,【清潔保濕組】藍銅玻尿酸保濕修復精華+76酵母胺基酸淨膚潔顏露+蜂王乳極潤修護精華露【鍾明軒．蔡頤榛推薦】,｜藍銅玻尿酸保濕修復精華｜,1718560.0,467
7761995,毛孔極淨組｜45淨化毛孔調理安瓶+76酵母胺基酸淨膚潔顏露【11點熱吵店推薦．高效粉刺黑武士．新一代喚膚權威】,｜毛孔極淨組｜,1700190.0,810
7747431,黃金胜肽賦活精華【鄭亦真推薦】,｜黃金胜肽賦活精華｜,1666846.0,711
8240571,神奇的檸檬~對付水垢用的泡泡噴霧500g（1個噴瓶+3個補充瓶）,特殊檸檬酸泡泡配方，能有效將水垢緊緊包覆，破壞及軟化水垢，速效除垢，無異味不傷手，水垢一噴即BYE，光亮超有感。,1644750.0,3225
7397667,蜂王乳極潤修護精華露【保濕潤膚推薦】,｜蜂王乳極潤修護精華露｜,1579520.0,1234
7789118,【高效粉刺黑武士．新一代喚膚權威】45淨化毛孔調理安瓶【11點熱吵店．王凱推薦】,｜45淨化毛孔調理安瓶｜,1573200.0,1140
8282166,【限時加贈】76酵母胺基酸淨膚潔顏露（二入）+黃金修護白泡泡面膜+黃金胜肽賦活精華 【鄭亦真推薦】,潔顏露－淨化髒汙修復肌膚，締造澄淨細緻,1557829.0,371
8536428,【抗老輕護組｜新春買4送3】一夜透亮活膚精露+蜂王乳極潤修護精華露+76酵母胺基酸淨膚潔顏露+藍銅玻尿酸保濕修復精華 送 黃金胜肽賦活精華隨身瓶10ml+冰原花后賦活修護乳霜隨身瓶10g+76酵母胺基酸淨膚潔顏露隨身瓶30ml,｜抗老輕護組｜,1536024.0,223
5588692,慈禧御用玉容散深層嫩白水凝乳100ml（兩瓶優惠組）,蘊含了來自大自然的無患子及慈禧養顏美容成份玉容散，搭配多種植物萃取成分， 具深層保濕、緊緻白皙、平衡油脂。使肌膚更加白皙有光滑，細緻有彈性，擁有水嫩亮白和細緻的好膚感。,1532720.0,3332
7397721,No.1極致彈潤水能量｜黃金胜肽賦活精華+蜂王乳極潤修護精華露,｜No.1極致彈潤水能量｜,1514394.0,606
7508330,【淨膚修復機能組】76酵母胺基酸淨膚潔顏露+蜂王乳極潤修護精華露【蔡頤榛推薦】,｜淨膚修復機能組｜,1511244.0,756
8179152,【新春搶購】黃金胜肽緊緻電波眼霜(高保濕震動導入版)【黃金電熨斗．一代女王推薦】,｜黃金胜肽緊緻電波眼霜｜,1505358.0,1371
8614627,【油田攻略組】99控油保濕平衡乳+45淨化毛孔調理安瓶+76酵母胺基酸淨膚潔顏露+黃金修護白泡泡面膜 【11點熱吵店推薦．高效粉刺黑武士．新一代喚膚權威】,潔顏露，淨化毛孔髒汙，暢通保養渠道,1375720.0,300
6479212,全植物成份~古法冷製橄欖黑皂寶1000g（一瓶）,橄欖皂液(有ECOCERT天然認證),1369350.0,3043
6483836,全植物成份~古法冷製橄欖黑皂寶1000g（三瓶優惠）,橄欖皂液(有ECOCERT天然認證),1323650.0,1151
8536268,【保濕修復組｜新春買4送3】76酵母胺基酸淨膚潔顏露+冰原花后賦活修護乳霜+藍銅玻尿酸保濕修復精華+黃金胜肽緊緻電波眼霜(高保濕震動導入版)【送】超導水藍銅修復面膜30G隨身瓶+蜂王乳極潤修護精華露30ml+黃金胜肽賦活精華10ml隨身瓶【鍾明軒推薦】,｜保濕修復組｜,1288056.0,187
7904610,油肌大三角｜99控油保濕平衡乳 + 45淨化毛孔調理安瓶 + 76酵母胺基酸淨膚潔顏露【11點熱吵店推薦．高效粉刺黑武士．新一代喚膚權威】,｜毛孔極淨組｜,1272000.0,400
8187583,【超導淨潤組】藍銅玻尿酸保濕修復精華+光感淨透洗臉機（聲波導入版）+ 76酵母胺基酸淨膚潔顏露【蔡頤榛推薦】,｜藍銅玻尿酸保濕修復精華｜,1270500.0,330
8168721,抗老修護推薦｜76酵母胺基酸淨膚潔顏露+蜂王乳極潤修護精華露+黃金胜肽賦活精華+黃金胜肽電波眼霜+冰原花后賦活修護乳霜,※眼霜有「冰鎮陶瓷按摩頭」與「鋅合金按摩頭」，兩款皆屬TRUU正確商品，使用功效相同。,1236312.0,188
7761063,【高效粉刺黑武士．新一代喚膚權威】45淨化毛孔調理安瓶【11點熱吵店．王凱推薦】,｜45淨化毛孔調理安瓶｜,1223997.0,639
8149228,【海外免運】黃金修護白泡泡面膜 2入+76酵母胺基酸淨膚潔顏露2入 +99控油保濕平衡乳2入 送 保濕輕旅5件組,無皂鹼、無刺激性介面劑的溫和保養級潔顏露,1175832.0,168
8188739,【保濕控油組】藍銅玻尿酸保濕修復精華+99控油保濕平衡乳【黃上晏．謝京穎推薦】,｜藍銅玻尿酸保濕修復精華｜,1173160.0,422
7762003,油痘粉刺攻略｜黃金修護白泡泡面膜+76酵母胺基酸淨膚潔顏露+45淨化毛孔調理安瓶【蔡頤榛推薦．新一代喚膚權威】,無皂鹼、無刺激性介面劑的溫和保養級潔顏露,1154340.0,363
7714326,密羅木瞬效賦活精華露100ml保濕肌膚能量滿分（兩瓶優惠）,不含MI/MCI、Paraben類防腐劑、人工香精、色素,1144710.0,1449
7940329,油性肌推薦｜76酵母胺基酸淨膚潔顏露+面膜2擇1+美白調理平衡露+45淨化毛孔調理安瓶＋乳霜乳液2擇1,｜油性肌推薦｜,1142780.0,220
8558597,頂級藍銅肌因修復精華+76酵母胺基酸淨膚潔顏露【鍾明軒推薦】,｜頂級藍銅肌因修復精華｜,1141619.0,331
7260922,黃金胜肽緊緻電波眼霜(高保濕震動導入版)【黃金電熨斗．一代女王推薦】,※眼霜有「冰鎮陶瓷按摩頭」與「鋅合金按摩頭」，兩款皆屬TRUU正確商品，使用功效相同。,1134080.0,886
7115829,神奇的檸檬~對付水垢用的泡泡噴霧500g（4個噴瓶）,特殊檸檬酸泡泡配方，能有效將水垢緊緊包覆，破壞及軟化水垢，速效除垢，無異味不傷手，水垢一噴即BYE，光亮超有感。,1131312.0,1924
7882295,【買5送4｜油肌囤貨組】76酵母胺基酸淨膚潔顏露 3入+ 黃金修護白泡泡面膜 2入【贈】冰原花后修復安瓶面膜 4入（生物纖維面膜）,無皂鹼、無刺激性介面劑的溫和保養級潔顏露,1130805.0,195
6820470,神奇的檸檬~對付水垢用的泡泡噴霧500g（1個噴瓶+1個補充瓶）,特殊檸檬酸泡泡配方，能有效將水垢緊緊包覆，破壞及軟化水垢，速效除垢，無異味不傷手，水垢一噴即BYE，光亮超有感。,1117380.0,3386
8213228,【好4成雙｜買4送2】藍銅玻尿酸保濕修復精華2入+76酵母胺基酸淨膚潔顏露2入 送  100%純棉植物纖維潔膚巾(珍珠紋加厚版100pcs) 2入【娘娘 · 蔡頤榛推薦】,潔顏露淨化毛孔，去除多餘油脂,1086591.0,209
8303002,超導水藍銅修復面膜+藍銅玻尿酸保濕修復精華+76酵母胺基酸淨膚潔顏露【鍾明軒．蔡頤榛推薦】,｜超導水藍銅修復面膜｜,1086211.0,271
8523100,熱療撫紋導入儀（音波震動版）,｜熱療撫紋導入儀（音波震動版）｜,1072328.0,426
7510407,小強掰　怪味掰 居家萬用清潔噴霧500g（噴霧瓶+補充瓶各一）,,1067040.0,2736
8534767,【藍銅系列保濕組｜新春買4送2】超導水藍銅修復面膜+藍銅玻尿酸保濕修復精華+76酵母胺基酸淨膚潔顏露+蜂王乳極潤修護精華露 送 蜂王乳極潤修護精華露30ml隨身瓶+黃金修護白泡泡面膜50ML隨身瓶【小姐不熙娣．鍾明軒推薦】,｜藍銅系列保濕組｜,1064992.0,184
8519712,一夜透亮活膚精露+熱療撫紋導入儀（音波震動版）,｜一夜透亮活膚精露｜,1059680.0,296
8271899,果然有酵！硬繭軟嫩嫩 手足修護霜100g(兩瓶),90%*以上天然來源成分,1057920.0,2204
8558584,頂級藍銅肌因修復精華【最高濃度5000ppm】,｜頂級藍銅肌因修復精華｜,1055330.0,284
8523606,一夜透亮活膚精露+熱療撫紋導入儀（音波震動版）+76酵母胺基酸淨膚潔顏露+藍銅玻尿酸保濕修復精華,76潔顏露，修復洗淨毛孔髒汙與油膩,1042929.0,171
7875124,潔膚首選｜光感淨透洗臉機（聲波導入版）,｜光感淨透洗臉機｜,1037691.0,533
7745864,黃金修護白泡泡面膜【毛孔吸塵器．11點熱吵店推薦】,｜黃金修護白泡泡面膜｜,1021144.0,568
8174743,淨荳緊潤組｜黃金修護白泡泡面膜+76酵母胺基酸淨膚潔顏露+黃金胜肽賦活精華【鍾明軒．鄭亦真推薦】,潔顏露－淨化髒汙修復肌膚，締造澄淨細緻,1008253.0,294
8598513,【極潤撫紋組｜新春買6送5】一夜透亮活膚精露+頂級藍銅肌因修復精華+熱療撫紋導入儀（音波震動版）+蜂王乳極潤修護精華露+76酵母胺基酸淨膚潔顏露+冰原花后賦活修護乳霜 送 頂級藍銅肌因修復精華7ml+冰原花后賦活修護乳霜10g+76酵母胺基酸淨膚潔顏露30g+黃金胜肽賦活精華-10ml+一夜透亮活膚精露-10ml,｜極潤撫紋組｜,1006992.0,84
7928586,【美白淨透組】76酵母胺基酸淨膚潔顏露+美白褪黑精華升級版【蔡頤榛推薦】,｜美白淨透組｜,998325.0,425
6820479,神奇的檸檬~對付水垢用的泡泡噴霧500g（4個補充瓶）,嚴選食品檸檬酸與無患子植物性泡泡,970555.0,1945
7940231,乾敏肌推薦｜76酵母胺基酸淨膚潔顏露+黑鑽松露金緻抗老面膜+蜂王乳極潤修護精華露+黃金胜肽賦活精華＋日霜乳霜2擇1,｜乾敏肌推薦｜,953674.0,143
8558586,頂級藍銅肌因修復精華【最高濃度5000ppm】,｜頂級藍銅肌因修復精華｜,953600.0,320
8591130,【精華液任選｜買3送3】藍銅玻尿酸保濕修復精華+(褪黑美白精華升級版/45淨化毛孔調理安瓶/黃金胜肽賦活精華)3擇2 送 黃金胜肽賦活精華-10ml隨身瓶+76酵母胺基酸淨膚潔顏露-30G隨身瓶+蜂王乳極潤修護精華露-30ML隨身瓶,※美白精華瓶器異動中，原始小黑瓶與滴管式白色瓶器皆為正確商品，敬請見諒※,934860.0,177
7368848,雙精萃蜂王奇蹟日霜SPF35★★【11點熱吵店推薦】,｜雙精萃蜂王奇蹟日霜SPF35★★｜,922880.0,721
8169176,怯斑美白推薦｜76酵母胺基酸淨膚潔顏露+化妝水 2擇1+褪黑美白精華升級版+乳霜/日霜 2擇1【謝京穎推薦】,※美白精華瓶器異動中，原始小黑瓶與滴管式白色瓶器皆為正確商品，敬請見諒※,920401.0,199
8044423,【APP獨享禮遇】99控油保濕平衡乳（兩入）【黃上晏推薦．混和肌救星】,｜99控油保濕平衡乳｜,915474.0,426
7937321,76酵母胺基酸淨膚潔顏露+雙精萃蜂王奇蹟日霜SPF35★★【11點熱吵店推薦】,｜潤白防曬美肌組｜,899550.0,450
7183641,黃金胜肽賦活精華(兩入)【蘇心甯．鄭亦真推薦】,｜黃金胜肽賦活精華｜,896980.0,301
8179157,【新春搶購】雙精萃蜂王奇蹟日霜SPF35★★【11點熱吵店．夏宇禾推薦】,｜雙精萃蜂王奇蹟日霜SPF35★★｜,894870.0,815
8523500,一夜透亮活膚精露【7大天然植萃精油】,｜一夜透亮活膚精露｜,880322.0,264
7679017,黃金胜肽緊緻電波眼霜(高保濕震動導入版)【黃金電熨斗．一代女王推薦】,※眼霜有「冰鎮陶瓷按摩頭」與「鋅合金按摩頭」，兩款皆屬TRUU正確商品，使用功效相同。,871040.0,512
7554352,【全新冰原花后系列】冰原花后賦活修護乳霜,｜冰原花后賦活修護乳霜｜,860560.0,347
7904465,【混和肌救星】99控油保濕平衡乳（兩入）【黃上晏推薦】,｜99控油保濕平衡乳｜,853212.0,388
7993605,潔顏養膚3部曲｜光感淨透洗臉機（聲波導入版）+ 76酵母胺基酸淨膚潔顏露＋精華液5擇1,｜潔顏養膚3部曲｜,848790.0,234
7923130,褪黑美白精華升級版【謝京穎推薦】,※美白精華瓶器異動中，原始小黑瓶與滴管式白色瓶器皆為正確商品，敬請見諒※,843360.0,502
7367322,一朵朵~黑白髮都美麗的染髮霜60ml（蜂蜜栗子）多盒任選更便宜,選用PTD做為過色劑，無臭味、不刺激、不破壞髮質，輕鬆上色。,804720.0,1916
6845313,活力元氣~甜橙精油天然蠟燭200ml/6.76 oz（任選三件85折）,實測可燃燒超過36小時,802990.0,1361
7428238,【廠商直送】ESTEE LAUDER特潤超導全方位修護露100ml(平行輸入),全新升級小棕瓶,787508.0,313
8231751,專為敏感肌及寶寶設計的萬用舒緩霜180g（兩罐優惠）脫屑乾癢、紅屁屁用的寶寶霜,乾燥脫皮泛紅肌膚,776640.0,1618
8146484,【買3送2｜保濕輕旅組】黃金胜肽賦活精華-10ml隨身瓶+76酵母胺基酸淨膚潔顏露-30g隨身瓶+蜂王乳極潤修護精華露-30ml隨身瓶【送】冰原花后修復安瓶面膜+手提收納包,※手提收納包內不含保養品,765111.0,589
7924570,【牛奶肌3件組】美白調理平衡露+褪黑美白精華升級版+99控油保濕平衡乳【謝京穎推薦】,※美白精華瓶器異動中，原始小黑瓶與滴管式白色瓶器皆為正確商品，敬請見諒※,762540.0,213
7135358,微遮瑕潤色 奈米級物理防曬乳SPF50+，控油柔膚配方30ml 多件任選更優惠,無添加香料、色素、酒精,750240.0,3126
6655291,濃縮洗衣精補充包1600ml 自由配（單包150元，任選五包599元）無香/小蒼蘭/香檸抗菌/橘油去汙,無香-成分純淨簡單，無香精、無色素，溫和安心洗淨,745500.0,4970
8127444,【新春搶購】蜂王乳極潤修護精華露【夏宇禾推薦】,｜蜂王乳極潤修護精華露｜,743346.0,677
7825716,蜂王乳極潤修護精華露【保濕潤膚推薦】,｜蜂王乳極潤修護精華露｜,738663.0,359
7761988,【高效粉刺黑武士．新一代喚膚權威】45淨化毛孔調理安瓶（兩入）,｜45淨化毛孔調理安瓶｜,729296.0,304
7928740,潔膚首選｜光感淨透洗臉機（聲波導入版）,｜光感淨透洗臉機｜,720760.0,487
7627537,蜂王青春 臉部緊緻保濕乳液60ml（兩瓶優惠）全膚質適用 維持粉嫩,皮膚亮白、修復肌膚、強化肌膚、留住水份、撫平皺紋,720200.0,1108
7353346,黃金修護白泡泡面膜(兩入)【毛孔吸塵器．11點熱吵店推薦】,｜黃金修護白泡泡面膜｜,697083.0,317
4605710,頂級香蓮植物胎盤精華100ml（買一送一）,天然頂級蓮花胎盤精華打造光滑細緻肌,680400.0,1890
8282271,【人氣潔護組｜買3送2】光感淨透洗臉機（聲波導入版）+ 76酵母胺基酸淨膚潔顏露+黃金胜肽賦活精華【送】76酵母胺基酸淨膚潔顏露-30G隨身瓶+黃金胜肽賦活精華-10ml隨身瓶,｜76酵母胺基酸淨膚潔顏露｜,674160.0,159
8522342,熱療撫紋導入儀（音波震動版）,｜熱療撫紋導入儀（音波震動版）｜,658560.0,392
7924459,褪黑美白精華升級版【謝京穎推薦】,※美白精華瓶器異動中，原始小黑瓶與滴管式白色瓶器皆為正確商品，敬請見諒※,653480.0,297
7756332,【買5送4｜包郵豪華組】黃金修護白泡泡面膜+76酵母胺基酸淨膚潔顏露+黃金胜肽賦活精華+黃金胜肽緊緻電波眼霜(高保濕震動導入版)+雙精萃蜂王奇蹟日霜SPF35★★【送】冰原花后修復安瓶面膜 4片,※眼霜有「冰鎮陶瓷按摩頭」與「鋅合金按摩頭」，兩款皆屬TRUU正確商品，使用功效相同。,650895.0,105
8563533,【新春購｜+$188多一件】黃金修護白泡泡面膜+76酵母胺基酸淨膚潔顏露隨身瓶 30g【鍾明軒推薦】,無皂鹼、無刺激性介面劑的溫和保養級潔顏露,650324.0,443
7265092,No.1黃金修護雙核心｜黃金胜肽賦活精華＋黃金胜肽緊緻電波眼霜(高保濕震動導入版)【黃金電熨斗．一代女王推薦】,※眼霜有「冰鎮陶瓷按摩頭」與「鋅合金按摩頭」，兩款皆屬TRUU正確商品，使用功效相同。,644742.0,258
8518508,一夜透亮活膚精露,｜一夜透亮活膚精露｜,639840.0,258
8519753,一夜透亮活膚精露+76酵母胺基酸淨膚潔顏露（防滑升級版）【鍾明軒．蔡頤榛推薦】,｜一夜透亮活膚精露｜,629790.0,210
7639808,【APP獨享禮遇】黃金胜肽緊緻電波眼霜(高保濕震動導入版)(兩入)【小明星大跟班推薦】,※眼霜有「冰鎮陶瓷按摩頭」與「鋅合金按摩頭」，兩款皆屬TRUU正確商品，使用功效相同。,621061.0,289
8558877,頂級藍銅肌因修復精華+超導水藍銅修復面膜+冰原花后賦活修護乳霜+76酵母胺基酸淨膚潔顏露（防滑升級版）【蔡頤榛推薦】,｜頂級藍銅肌因修復精華｜,618709.0,91
7841353,【美膚神仙水】美白調理平衡露,｜美白調理平衡露｜,615680.0,481
8524255,強健固髮洗髮露550g-不落方（單瓶優惠-方瓶任選兩瓶299元）,👩🏻‍🦰中性及油性髮質適用👩🏻‍🦰,607348.0,3052
8552132,【新春輕旅特惠】黃金修護白泡泡面膜-50ml隨身瓶+黃金胜肽賦活精華-10ml隨身瓶+76酵母胺基酸淨膚潔顏露-30g隨身瓶+蜂王乳極潤修護精華露-30ml隨身瓶【送】手提收納包,深層清潔後迅速保濕透亮,604344.0,338
7524820,【買5送1｜免運送76】黃金修護白泡泡面膜+美白調理平衡露+45淨化毛孔調理安瓶+黃金胜肽賦活精華+黃金胜肽緊緻電波眼霜(高保濕震動導入版)【送】76酵母胺基酸淨膚潔顏露 150G,※眼霜有「冰鎮陶瓷按摩頭」與「鋅合金按摩頭」，兩款皆屬TRUU正確商品，使用功效相同。,600213.0,87
7221095,寶貝招福平安二合一(泡泡浴露)400g（兩瓶）大自然來源度97%,pH5.5 不流淚配方,588240.0,1548
8526221,熱療撫紋導入儀（音波震動版）+(黃金胜肽賦活精華/藍銅玻尿酸保濕修復精華/褪黑美白精華升級版/頂級藍銅肌因修復精華)4擇1,※美白精華瓶器異動中，原始小黑瓶與滴管式白色瓶器皆為正確商品，敬請見諒※,584849.0,192
8187699,【修復注水組】藍銅玻尿酸保濕修復精華 +冰原花后賦活修護乳霜【全新冰原花后系列】【謝京穎推薦】,｜藍銅玻尿酸保濕修復精華｜,567000.0,150
8521169,一夜透亮活膚精露+熱療撫紋導入儀（音波震動版）+(黃金胜肽賦活精華/藍銅玻尿酸保濕修復精華/褪黑美白精華升級版/頂級藍銅肌因修復精華)4擇1,※美白精華瓶器異動中，原始小黑瓶與滴管式白色瓶器皆為正確商品，敬請見諒※,566348.0,109
6845319,舒眠安神輕奢~薰衣草精油香氛天然蠟燭200ml/6.76 oz（任選三件85折）,實測可燃燒超過36小時,556500.0,742
8558589,頂級藍銅肌因修復精華(兩入)【最高濃度5000ppm】,｜頂級藍銅肌因修復精華｜,553720.0,109
8187629,【高水感潤膚組】藍銅玻尿酸保濕修復精華+蜂王乳極潤修護精華露,｜藍銅玻尿酸保濕修復精華｜,553220.0,199
7468991,98.5%大馬士革玫瑰純露250ml（含玫瑰精油的純正花水）一瓶（任選三件85折）,,539850.0,915
8187222,【爆水小藍瓶】藍銅玻尿酸保濕修復精華 2入【謝京穎推薦】,｜藍銅玻尿酸保濕修復精華｜,527280.0,156
8192576,好吃的綠蜂膠+麥蘆卡蜂蜜噴劑30ml（兩瓶）轉式長噴嘴,45%蜂膠巴西綠蜂膠（生物類黃酮4%）,522720.0,594
8558820,頂級藍銅肌因修復精華+超導水藍銅修復面膜【最高濃度5000ppm】,｜頂級藍銅肌因修復精華｜,520463.0,137
8282024,【緊實光潤組｜買3送3】黃金修護白泡泡面膜+76酵母胺基酸淨膚潔顏露+黃金胜肽賦活精華 送 76酵母胺基酸淨膚潔顏露-30G隨身瓶+美白調理平衡露-30g隨身瓶＋100%純棉植物纖維潔膚巾(珍珠紋加厚版100pcs)【夏宇禾．鄭亦真推薦】,潔顏露－淨化髒汙修復肌膚，締造澄淨細緻,519870.0,130
8302647,超導水藍銅修復面膜+藍銅玻尿酸保濕修復精華【謝京穎推薦】,｜超導水藍銅修復面膜｜,515828.0,172
7366930,黃金喚活醒膚組｜黃金胜肽賦活精華+黃金修護白泡泡面膜【毛孔吸塵器 · 蘇心甯推薦】,｜黃金喚活醒膚組｜,512295.0,205
7596870,【日夜修護不間斷】雙精萃蜂王奇蹟日霜SPF35★★+冰原花后賦活修護乳霜【11點熱吵店推薦】,｜冰原花后賦活修護乳霜｜,511840.0,160
7888808,雙精萃蜂王奇蹟日霜SPF35★★【11點熱吵店推薦】,｜雙精萃蜂王奇蹟日霜SPF35★★｜,509197.0,261
7027227,招福平安沐浴露500g（五瓶超值）*,來自大自然的無患子皂素，搭配胺基酸潔膚成分。添加10種草本萃取與多種精油，溫柔泡泡包覆著每一寸敏感肌膚，讓你洗後感受多款安心草本的魔力。,496800.0,540
8271866,果然有酵！硬繭軟嫩嫩 手足修護霜100g(單瓶),90%*以上天然來源成分,491840.0,1696
8302595,超導水藍銅修復面膜【德國藍銅．冰沁修復】,｜超導水藍銅修復面膜｜,476560.0,322
7308249,潤姬桃子1.5g*30條,原廠正品 潤姬桃子,473600.0,370
7924502,【1＋1美白組】美白調理平衡露+褪黑美白精華升級版【謝京穎推薦】,※美白精華瓶器異動中，原始小黑瓶與滴管式白色瓶器皆為正確商品，敬請見諒※,472311.0,189
7924468,褪黑美白精華升級版（兩入）【謝京穎推薦】,※美白精華瓶器異動中，原始小黑瓶與滴管式白色瓶器皆為正確商品，敬請見諒※,441040.0,148
8227269,【豪華旅行組】76酵母胺基酸淨膚潔顏露30g+化妝水30ml 2擇1+精華液隨身瓶 4擇1+頂級山茶花黃金護唇膏+泥膜/泡泡面膜隨身瓶 2擇1+精油/乳霜隨身瓶 2擇1+冰原花后修復安瓶面膜+手提收納包,※手提收納包內不含保養品,439337.0,163
8520986,一夜透亮活膚精露+(蜂王乳極潤修護精華露/美白調理平衡露)2擇1+(黃金胜肽賦活精華/藍銅玻尿酸保濕修復精華/褪黑美白精華升級版)3擇1,※美白精華瓶器異動中，原始小黑瓶與滴管式白色瓶器皆為正確商品，敬請見諒※,438769.0,94
7982605,黃金胜肽賦活精華-10ml隨身瓶【蘇心甯．鄭亦真推薦】,｜黃金胜肽賦活精華隨身瓶｜,437553.0,797
8540770,【年中慶｜+$168多一件】45淨化毛孔調理安瓶+琥珀酸喚膚粉刺泥膜30g隨身瓶【11點熱吵店．王凱推薦】,｜45淨化毛孔調理安瓶｜,435904.0,278
7809292,毛孔油光救星｜美白調理平衡露 + 45淨化毛孔調理安瓶 + 76酵母胺基酸淨膚潔顏露【11點熱吵店推薦．高效粉刺黑武士．新一代喚膚權威】,｜毛孔油光救星｜,432480.0,136
7510419,小強掰　怪味掰 居家萬用清潔噴霧500g（噴霧瓶X3）,,427460.0,737
7924533,【亮白嫩膚組】99控油保濕平衡乳+褪黑美白精華升級版【謝京穎推薦】,※美白精華瓶器異動中，原始小黑瓶與滴管式白色瓶器皆為正確商品，敬請見諒※,424830.0,170
7576294,【熟齡肌必備】蜂王乳極潤修護精華露+黃金胜肽賦活精華+冰原花后賦活修護乳霜【鄭亦真推薦】,｜熟齡肌必備｜,423108.0,92
7468999,98.5%大馬士革玫瑰純露250ml（含玫瑰精油的純正花水）兩瓶,,408240.0,378
8567034,【精華液任選｜買3送2】頂級藍銅肌因修復精華+(一夜透亮活膚精露/高濃縮褪黑美白精華/黃金胜肽賦活精華)3擇2 送 頂級藍銅肌因修復精華-7ML隨身瓶+冰原花后賦活修護乳霜-10g隨身瓶,｜頂級藍銅肌因修復精華｜,403600.0,60
8591082,【精華液任選｜買3送3】頂級藍銅肌因修復精華+(一夜透亮活膚精露/高濃縮褪黑美白精華/黃金胜肽賦活精華)3擇2 送 高濃縮褪黑美白精華-10ML隨身瓶+藍銅玻尿酸保濕修復精華-10ML隨身瓶+黃金胜肽賦活精華-10ml隨身瓶,｜頂級藍銅肌因修復精華｜,401320.0,58
8302669,超導水藍銅修復面膜+76酵母胺基酸淨膚潔顏露【鍾明軒．蔡頤榛推薦】,｜超導水藍銅修復面膜｜,399714.0,186
7397688,蜂王乳極潤修護精華露(兩入)【保濕潤膚推薦】,｜蜂王乳極潤修護精華露｜,398019.0,181
8276796,【APP獨享禮遇】藍銅玻尿酸保濕修復精華【謝京穎推薦】,｜藍銅玻尿酸保濕修復精華｜,397580.0,206
8524340,一夜透亮活膚精露＋（黃金胜肽賦活精華／褪黑美白精華升級版／藍銅玻尿酸保濕修復精華 / 頂級藍銅肌因修復精華）精華液4擇1【7大天然植萃精油】,※美白精華瓶器異動中，原始小黑瓶與滴管式白色瓶器皆為正確商品，敬請見諒※,397360.0,105
8188719,【潤亮保濕組】藍銅玻尿酸保濕修復精華+雙精萃蜂王奇蹟日霜SPF35★★,｜藍銅玻尿酸保濕修復精華｜,394760.0,142
6770964,招福平安沐浴露500g（兩瓶優惠）,來自大自然的無患子皂素，搭配胺基酸潔膚成分。添加10種草本萃取與多種精油，溫柔泡泡包覆著每一寸敏感肌膚，讓你洗後感受多款安心草本的魔力。,394380.0,939
7756167,【買3送1｜包郵經濟組】黃金胜肽賦活精華＋黃金胜肽緊緻電波眼霜(高保濕震動導入版)+黃金修護白泡泡面膜【送】黑鑽松露金緻抗老面膜,※眼霜有「冰鎮陶瓷按摩頭」與「鋅合金按摩頭」，兩款皆屬TRUU正確商品，使用功效相同。,394320.0,93
8302576,超導水藍銅修復面膜【德國藍銅．冰沁修復】,｜超導水藍銅修復面膜｜,392757.0,201
8188864,【澎潤眼周組】藍銅玻尿酸保濕修復【謝京穎推薦】+黃金胜肽緊緻電波眼霜(高保濕震動導入版)【黃金電熨斗．一代女王推薦】,※眼霜有「冰鎮陶瓷按摩頭」與「鋅合金按摩頭」，兩款皆屬TRUU正確商品，使用功效相同。,391980.0,141
5176304,創新泡沫噴頭！無患子酵素泡泡 碗盤油汙洗潔液500g（一個噴瓶+一個補充瓶）-強去油！不咬手，植物洗淨好安心^^,強力去油，不傷手,383019.0,1281
8558801,頂級藍銅肌因修復精華+冰原花后賦活修護乳霜【最高濃度5000ppm】,｜頂級藍銅肌因修復精華｜,372000.0,80
6042603,九蒸九曝 秘傳以黑補黑 髮翳淨髮露550g-（單瓶優惠-方瓶任選兩瓶299元）,黑人蔘.黑色桔梗根.黑沙參.黑刺五加.黑大豆.黑米-具抗氧化能力，可活絡毛髮、強健髮根，減少秀髮受損與乾燥斷裂、強化髮質，防止髮絲分岔斷裂，使頭髮回復年輕光彩與青春的頭髮。,369543.0,1857
6950831,96.5%以上大自然成份的 招福平安淨化環境噴霧 300g（兩瓶）,可用於衣物/家中/辦公室/廁所等,367680.0,766
7366883,喚顏修護金三角｜黃金胜肽賦活精華＋黃金胜肽緊緻電波眼霜(高保濕震動導入版)+黃金修護白泡泡面膜【黃金電熨斗．一代女王推薦】,※眼霜有「冰鎮陶瓷按摩頭」與「鋅合金按摩頭」，兩款皆屬TRUU正確商品，使用功效相同。,361580.0,101
8577026,洋娃娃醇米胜肽眼霜15ml-睫毛蓬蓬 好亮眼（兩瓶優惠）,滋潤清爽好吸收，一瓶兩用,358720.0,608
8561126,速乾．光亮．抗菌的地板清潔劑1000ml❤️添加迷迭香尤加利精油（兩瓶）,📣全新瓶器，容量不變~好拿取、也好好看😍,353080.0,679
7928598,【潤白防曬美肌組】美白褪黑精華升級版+雙精萃蜂王奇蹟日霜SPF35★★【11點熱吵店推薦】,｜潤白防曬美肌組｜,349860.0,140
5176307,無患子酵素泡泡 碗盤油汙洗潔液500g（補充瓶*6）-強去油！不咬手，植物洗淨好安心^^,強力去油，不傷手,349842.0,586
7507705,【超值加價購】頂級山茶花黃金護唇膏,｜頂級山茶花黃金護唇膏｜,349300.0,700
7807242,【美膚神仙水】美白調理平衡露,｜美白調理平衡露｜,344512.0,194
7862760,高濃度三倍洗淨洗衣精1000ml-低敏配方（溫暖陽光香氛）+抗菌配方（青檸萊姆香氛）各一瓶,超高濃度，是市售洗衣精的三倍潔淨力,341700.0,1005
5477790,玫瑰甘露化妝水150ml（兩瓶省110元）,經測試，能促進肌膚新陳代謝,341020.0,578
8523595,一夜透亮活膚精露+熱療撫紋導入儀（音波震動版）+蜂王乳極潤修護精華露+黃金胜肽賦活精華 +冰原花后賦活修護乳霜【謝京穎推薦】,｜黃金胜肽賦活精華｜,340158.0,42
7998097,痘不逗留❤收口超快的抗痘舒緩修護精華乳30ml（兩罐優惠）,請塗在痘痘上，舒緩極佳,339900.0,618
8579275,媚比琳 飛天翹防水睫毛膏 (黑/暖棕),一刷睫毛立即逆天飛翹!,339150.0,850
6335386,耕心田 蘆薈保濕精華化妝水500ml （買一送一）,無添加酒精、色素、Paraben、MI/MCI防腐成份,330771.0,829
8271966,果然有酵！硬繭軟嫩嫩 手足修護霜100g（四瓶最優惠）,90%*以上天然來源成分,327850.0,395
7698801,【生物纖維面膜】冰原花后修復安瓶面膜 20入（1片＝5安瓶）,｜冰原花后修復安瓶面膜｜,327509.0,91
8555712,【超值加價購】黃金修護白泡泡面膜-50ML隨身瓶【毛孔吸塵器．11點熱吵店推薦】,｜黃金修護白泡泡面膜｜,325798.0,502
7895926,【美膚神仙水】美白調理平衡露-30G隨身瓶,｜美白調理平衡露隨身瓶｜,324786.0,814
8551953,【新春輕旅特惠】76酵母胺基酸淨膚潔顏露-30g隨身瓶+ 藍銅玻尿酸保濕修復精華-10ml隨身瓶+冰原花后賦活修護乳霜-10g隨身瓶+蜂王乳極潤修護精華露-30ml隨身瓶【送】手提收納包【小姐不熙娣．鍾明軒推薦】,潔顏露 - 淨化毛孔髒汙，暢通保養渠道,318264.0,178
7379789,全效修護奇肌組｜黃金胜肽賦活精華+雙精萃蜂王奇蹟日霜SPF35★★【11點熱吵店推薦】,｜全效修護奇肌組｜,317373.0,127
8561124,速乾．光亮．抗菌的地板清潔劑1000ml❤️添加迷迭香尤加利精油（一瓶）,📣全新瓶器，容量不變~好拿取、也好好看😍,312156.0,1044
8194589,【爆水小藍瓶】藍銅玻尿酸保濕修復精華-10ML隨身瓶【謝京穎推薦】,｜藍銅玻尿酸保濕修復精華 隨身瓶｜,311754.0,446
7639812,【APP獨享禮遇】冰原花后賦活修護乳霜【全新冰原花后系列】,｜冰原花后賦活修護乳霜｜,305661.0,139
8537040,【極潤撫紋組｜新春買6送5】一夜透亮活膚精露+頂級藍銅肌因修復精華+熱療撫紋導入儀（音波震動版）+蜂王乳極潤修護精華露+76酵母胺基酸淨膚潔顏露+冰原花后賦活修護乳霜 送 頂級藍銅肌因修復精華7ml+冰原花后賦活修護乳霜10g+76酵母胺基酸淨膚潔顏露30g+蜂王乳極潤修護精華露30g+超導水藍銅修復面膜30g,｜極潤撫紋組｜,299700.0,25
8566804,【精華液任選活動】藍銅玻尿酸保濕修復精華+(高濃縮褪黑美白精華/45淨化毛孔調理安瓶/黃金胜肽賦活精華)3擇2 送 黃金胜肽賦活精華-10ml隨身瓶+高濃縮褪黑美白精華-10ML隨身瓶,｜藍銅玻尿酸保濕修復精華｜,297480.0,57
7510396,小強掰　怪味掰 居家萬用清潔噴霧500g（噴霧瓶）任選三件85折,,297330.0,1122
7510429,小強掰　怪味掰 居家萬用清潔噴霧500g（補充瓶X3）無噴頭喔！,,295740.0,558
7534173,【超值加價購】100%純棉植物纖維潔膚巾 (珍珠紋加厚版100pcs),｜100%純棉植物纖維潔膚巾｜,289377.0,2923
7714311,密羅木瞬效賦活精華露100ml保濕肌膚能量滿分（一瓶）,不含MI/MCI、Paraben類防腐劑、人工香精、色素,285300.0,634
7381850,神奇的檸檬~對付水垢用的泡泡噴霧500g（1個慕絲噴霧瓶）任選三件85折,特殊檸檬酸泡泡配方，能有效將水垢緊緊包覆，破壞及軟化水垢，速效除垢，無異味不傷手，水垢一噴即BYE，光亮超有感。,284570.0,1430
8593208,【熱導緊膚體驗組】熱療撫紋導入儀（音波震動版）+黃金胜肽賦活精華-10ml隨身瓶+頂級藍銅肌因修復精華-7ml隨身瓶+一夜透亮活膚精露-10ml隨身瓶+(藍銅玻尿酸保濕修復精華-10ml隨身瓶/高濃縮褪黑美白精華-10ml隨身瓶) 2擇1+手提收納包,｜熱療撫紋導入儀（音波震動版）｜,279680.0,76
6378642,玫瑰純露洗髮精 480g（單瓶）另有精油洗髮任選兩瓶490元專區,●適合一般及中乾性髮質,274240.0,857
4913842,千金方洗髮露550g+九蒸九曝  髮翳淨髮露550g（方瓶）,"千金方:無矽靈,去屑控油 一洗搞定",273884.0,916
7260926,黃金胜肽緊緻電波眼霜(高保濕震動導入版)(兩入)【黃金電熨斗．一代女王推薦】,※眼霜有「冰鎮陶瓷按摩頭」與「鋅合金按摩頭」，兩款皆屬TRUU正確商品，使用功效相同。,272676.0,124
8541006,【新春購｜+$188多一件】頂級藍銅肌因修復精華+冰原花后賦活修護乳霜-10G隨身瓶【鄭亦真．夏宇禾推薦】,｜頂級藍銅肌因修復精華｜,272448.0,86
7534159,蜂王乳極潤修護精華露-30ML隨身瓶【國際名模推薦】,｜蜂王乳極潤修護精華露｜,269325.0,675
6042655,古寶無患子 薑萃草本滋養洗髮精華露550g（單瓶優惠-方瓶任選兩瓶299元）,無患子植物性皂素豐富細緻泡沫，溫和不易刺激肌,265864.0,1336
8512357,【聖誕限定買4送2】藍銅玻尿酸保濕修復精華+76酵母胺基酸淨膚潔顏露+蜂王乳極潤修護精華露+99控油保濕平衡乳 送 超導水藍銅修復面膜30g【小姐不熙娣+76酵母胺基酸淨膚潔顏露30g．鍾明軒推薦】,｜藍銅玻尿酸保濕修復精華｜,263952.0,48
7859776,【毛孔專家】琥珀酸喚膚粉刺泥膜,｜琥珀酸喚膚粉刺泥膜｜,262440.0,243
7865933,蟲新導航~居家三蟲最害怕的精油噴霧300ml（兩瓶優惠）,蟑螂：2小時／24小時，具有100%／93%忌避效果,258720.0,539
7698799,【生物纖維面膜】冰原花后修復安瓶面膜 10入（1片＝5安瓶）,｜冰原花后修復安瓶面膜｜,257871.0,129
7379860,保濕活潤晨間組｜黃金胜肽賦活精華＋黃金胜肽緊緻電波眼霜(高保濕震動導入版)+雙精萃蜂王奇蹟日霜SPF35★★【11點熱吵店．夏宇禾推薦】,※眼霜有「冰鎮陶瓷按摩頭」與「鋅合金按摩頭」，兩款皆屬TRUU正確商品，使用功效相同。,257760.0,72
8137790,亮色飽滿染後髮色❤️修護型洗髮精250g（兩瓶）,適合染髮過後兩週開始使用,257400.0,330
4585708,草本柔順滋養潤髮護髮精華320g-柔順飄逸 (一分鐘修護-沖洗式)（買一送一）,摩洛哥油：深度修護,257040.0,952
6950822,96.5%以上大自然成份的 招福平安淨化環境噴霧 300g（一瓶）（任選三件以上85折）,可用於衣物/家中/辦公室/廁所等,255982.0,859
8539711,【新春搶購】超導水藍銅修復面膜【德國藍銅．冰沁修復】,｜超導水藍銅修復面膜｜,253736.0,197
8303034,超導水藍銅修復面膜+藍銅玻尿酸保濕修復精華+冰原花后賦活修護乳霜【謝京穎推薦】,｜超導水藍銅修復面膜｜,252450.0,50
8504480,【冰原花后系列】冰原花后賦活修護乳霜-10g隨身瓶,｜冰原花后賦活修護乳霜 隨身瓶｜,251640.0,360
6379458,透白珍珠光 奈米級物理防曬乳SPF50+，控油柔膚配方30ml 多件任選更優惠,無添加香料、色素、酒精,246720.0,1028
7815016,媚比琳煙燻柔霧奶霜唇膏 (多款任選),「開架唇膏霸主」Maybelline New York全新「Color Sensational煙燻柔霧奶霜唇膏」絕美新登場！全新系列外殼採細長管身設計，優雅時尚；磨砂材質燙印銀色 logo細緻又高級；本次一共推出了包含#799煙燻焦糖等6款獨家煙燻色選，全部都是大勢紅棕色調霸氣又時尚！更添加荷荷巴油精萃與維他命E，有效滋潤及修護你的乾燥唇，一抹輕霧，卻柔滑絕不拔乾！是乾唇人也可以駕馭的霧面唇膏！,242555.0,695
7823999,【毛孔專家｜買2送1淨膚組】琥珀酸喚膚粉刺泥膜 + 76酵母胺基酸淨膚潔顏露【贈】100%純棉植物纖維潔膚巾(珍珠紋加厚版100pcs),｜買二送一淨膚組｜,241879.0,121
7851958,【毛孔吸塵器．11點熱吵店推薦】黃金修護白泡泡面膜-50ML隨身瓶,｜黃金修護白泡泡面膜｜,241800.0,310
4586151,寶貝嬰兒舒緩二合一(泡泡浴露)400g（買一送一）,不含化學人工香精、皂鹼不含石化界面活性劑、不流淚、不刺激,239400.0,684
8146988,【買3送2｜喚顏養膚組】黃金修護白泡泡面膜-50ml隨身瓶+黃金胜肽賦活精華-10ml隨身瓶+76酵母胺基酸淨膚潔顏露-30g隨身瓶【送】冰原花后修復安瓶面膜+手提收納包,※手提收納包內不含保養品,235053.0,147
4605711,慈禧御用玉容散深層嫩白水凝乳100ml（任選三件85折）,蘊含了來自大自然的無患子及慈禧養顏美容成份玉容散，搭配多種植物萃取成分， 具深層保濕、緊緻白皙、平衡油脂。使肌膚更加白皙有光滑，細緻有彈性，擁有水嫩亮白和細緻的好膚感。,233801.0,809
7627530,蜂王青春 臉部緊緻保濕乳液60ml（一瓶）全膚質適用 維持粉嫩,皮膚亮白、修復肌膚、強化肌膚、留住水份、撫平皺紋,231420.0,609
8245794,淨嫩白皙組｜黑鑽松露金緻抗老面膜+76酵母胺基酸淨膚潔顏露,｜黑鑽松露金緻抗老面膜｜,229885.0,115
8271804,一朵朵~很襯膚色的黑髮專用染髮霜60ml（奶茶楓糖）多盒任選更便宜,選用PTD做為過色劑，無臭味、不刺激、不破壞髮質，輕鬆上色。,229320.0,546
5477793,玫瑰甘露化妝水150ml（四瓶省410元）,經測試，能促進肌膚新陳代謝,226710.0,229
8146926,【買3送2｜控油輕旅組】美白調理平衡露30g隨身瓶＋76酵母胺基酸淨膚潔顏露-30g隨身瓶+琥珀酸喚膚粉刺泥膜-30g隨身瓶【送】冰原花后修復安瓶面膜+手提收納包,※手提收納包內不含保養品,226069.0,181
7576247,【乾性肌神器】蜂王乳極潤修護精華露+冰原花后賦活修護乳霜【保濕潤膚推薦】,｜乾性肌神器｜,223930.0,70
8245724,黑鑽松露金緻抗老面膜【修復抗老巔峰】,｜黑鑽松露金緻抗老面膜｜,222720.0,174
7275416,中衛醫療口罩50入-多款任選,表層具潑水效果,220020.0,749
6988715,自然綻放 野芒果潤唇膏3.4g（兩支優惠）,,219240.0,522
7152537,招財納福檀木薰香沐浴露500g（兩瓶優惠）,來自大自然的無患子皂素，搭配胺基酸潔膚成分。添加多種草本萃取與多種精油，溫柔泡泡包覆著每一寸敏感肌膚，讓你洗後感受多款暖心草本的魔力。,218820.0,521
7916701,SPA級潔顏養肌｜光感淨透洗臉機（聲波導入版）+ 76酵母胺基酸淨膚潔顏露【贈】冰原花后修復安瓶面膜 (1片=5安瓶)【蔡頤榛推薦】,｜SPA級潔顏養肌｜,218309.0,91
7164951,96.5%以上大自然成份的 招福平安淨化環境噴霧 1000g一瓶+連續噴霧瓶一個（任選三件以上85折）,可用於衣物/家中/辦公室/廁所等,217389.0,311
6716384,無患子萃取高濃度三倍洗淨無香洗衣精1000g（補充瓶*4）新瓶口,塑膠使用減少70%,215180.0,406
7807243,【美膚神仙水】美白調理平衡露 兩入,｜美白調理平衡露｜,213303.0,97
7904587,【控油養膚組】99控油保濕平衡乳+琥珀酸喚膚粉刺泥膜【娘娘．阿本推薦】,｜控油養膚組｜,211894.0,106
8154371,優惠限定❤️ 深層頭皮SPA碳酸清潔幕斯200g (五瓶組) -日本沙龍級 (全/特殊護理使用) 花香,獨特的碳酸分子，徹底吸附髒污,211797.0,303
8504463,超導水藍銅修復面膜-30G隨身瓶【德國藍銅．冰沁修復】,｜超導水藍銅修復面膜｜,209718.0,382
7904354,好神奇吸色片（防止衣物染色）100片/盒（兩盒優惠）,具有優良的吸色力 會優先把水裡的顏色吸走,208380.0,302
6882903,多層次香氣的洗衣香氛（青檸羅勒/浪漫牡丹/雨吻之葉/茉香橙花）單瓶（另有任選兩瓶優惠價）,,207760.0,742
7092800,舒緩精華沐浴露750g（敏感肌適用）一瓶（沐浴任選兩瓶325元）,Cristalhyal 綠色玻尿酸:,206040.0,808
6716413,無患子萃取高濃度三倍洗淨無香洗衣精1000g（一個回流瓶+三個補充瓶，共四瓶）新瓶口,塑膠使用減少70%,198720.0,368
6042623,千金方洗髮露550g-古法抗屑控油（單瓶優惠-方瓶任選兩瓶299元）,無患子植物性皂素豐富細緻泡沫，溫和不易刺激肌,198403.0,997
7791223,淨油超能亮｜黃金修護白泡泡面膜＋45淨化毛孔調理安瓶【毛控吸塵器．11點熱吵店推薦．高效粉刺黑武士】,｜淨油超能亮｜,197714.0,86
6770890,招福平安沐浴露500g（一瓶）（任選三件以上85折）,來自大自然的無患子皂素，搭配胺基酸潔膚成分。添加10種草本萃取與多種精油，溫柔泡泡包覆著每一寸敏感肌膚，讓你洗後感受多款安心草本的魔力。,193180.0,743
8556870,96.5%以上大自然成份的 招福平安淨化環境噴霧 1000g三瓶超值組,可用於衣物/家中/辦公室/廁所等,189840.0,113
6133353,玫瑰純露洗髮精 480g+西西里檸檬純露洗髮精 480g,●弱酸性配方,189630.0,387
7928213,【毛孔專家】琥珀酸喚膚粉刺泥膜-30G隨身瓶,｜琥珀酸喚膚粉刺泥膜｜,189029.0,421
7152556,招財納福檀木薰香沐浴露500g（五瓶超值）,來自大自然的無患子皂素，搭配胺基酸潔膚成分。添加多種草本萃取與多種精油，溫柔泡泡包覆著每一寸敏感肌膚，讓你洗後感受多款暖心草本的魔力。,187680.0,204
6691599,最高詢問度 檸檬馬鞭草洗面乳180g（兩瓶優惠）弱酸性配方,不含MI/MCI、Paraben類防腐劑,187174.0,626
5285329,LOTUS 保濕香蓮卸妝液-500g（5瓶組）*,敏弱性/一般肌膚適用無酒精，溫和不易刺激完美4效合1，具卸妝，潔膚，舒緩，保濕,184070.0,233
7822826,【毛孔專家】琥珀酸喚膚粉刺泥膜,｜琥珀酸喚膚粉刺泥膜｜,183773.0,118
8231261,專為敏感肌及寶寶設計的萬用舒緩霜180g（一罐）脫屑乾癢、紅屁屁用的寶寶霜,乾燥脫皮泛紅肌膚,183570.0,633
6042656,養氣人蔘洗髮露550g-補氣固頭皮（單瓶優惠-方瓶任選兩瓶299元）,無患子植物性皂素，含有豐富的細緻泡沫，溫和不易刺激肌膚。,183080.0,920
8532402,巴黎萊雅紫熨斗PRO特惠組,全新普拉斯鏈PRO，2倍濃度!,179820.0,180
6720711,魚子萊姆頭皮淨化微泡精華120g（兩瓶優惠）,95%源自大自然，無添加SLS、SLES、皂鹼、矽靈,177480.0,493
7050168,Dr.FreeVenus藝群-植物神經醯胺精華露-30ML,保濕、修護，角質層是肌膚最重要的保護力,176860.0,1042
7368866,雙精萃蜂王奇蹟日霜SPF35★★(兩入)【11點熱吵店推薦】,｜雙精萃蜂王奇蹟日霜SPF35★★｜,171522.0,78
7050142,Simply夜間代謝酵素錠30錠,促進代謝 調整體質,169290.0,171
7164982,96.5%以上大自然成份的 招福平安淨化環境噴霧 1000g兩瓶+連續噴霧瓶一個,可用於衣物/家中/辦公室/廁所等,167240.0,148
4702995,九蒸九曝 秘傳以黑補黑 髮翳淨髮露550g-（買一送一）方瓶,黑人蔘.黑色桔梗根.黑沙參.黑刺五加.黑大豆.黑米-具抗氧化能力，可活絡毛髮、強健髮根，減少秀髮受損與乾燥斷裂、強化髮質，防止髮絲分岔斷裂，使頭髮回復年輕光彩與青春的頭髮。,164151.0,549
7554366,【全新冰原花后系列】冰原花后賦活修護乳霜(兩入),｜冰原花后賦活修護乳霜｜,162640.0,38
8245871,油水調理組｜黑鑽松露金緻抗老面膜+琥珀酸喚膚粉刺泥膜,｜黑鑽松露金緻抗老面膜｜,161919.0,81
7046076,媚比琳FIT ME 反孔特霧粉底液 30ML-(多款任選),FIT ME粉底液 全新控油科技 質地大升級！,161143.0,457
8120376,五倍消臭力！薄荷除臭噴霧300g（兩瓶優惠）,,159933.0,267
8221649,*耕心田X茶金 東方美人茶賦黑洗髮精華露400g【加購品】,,157950.0,1053
8221628,*耕心田X茶金 東方美人茶白皙沐浴精華露500g【加購品】,,157500.0,1050
8302622,超導水藍銅修復面膜  2入【德國藍銅．冰沁修復】,｜超導水藍銅修復面膜｜,157437.0,63
7624213,【生物纖維面膜】冰原花后修復安瓶面膜 4入（1片＝5安瓶）,｜冰原花后修復安瓶面膜｜,156843.0,157
5477407,玫瑰甘露化妝水150ml（單瓶特價）（任選三件85折）,經測試，能促進肌膚新陳代謝,155750.0,445
7416360,日間保養全系列｜黃金修護白泡泡面膜+蜂王乳極潤修護精華露+黃金胜肽賦活精華+黃金胜肽緊緻電波眼霜(高保濕震動導入版)+雙精萃蜂王奇蹟日霜SPF35★★,※眼霜有「冰鎮陶瓷按摩頭」與「鋅合金按摩頭」，兩款皆屬TRUU正確商品，使用功效相同。,153873.0,27
8507899,【聖誕限定買5送3】76酵母胺基酸淨膚潔顏露+黃金修護白泡泡面膜+蜂王乳極潤修護精華露+黃金胜肽賦活精華+99控油保濕平衡乳 送 超導水藍銅修復面膜-30G隨身瓶+藍銅玻尿酸保濕修復精華-10ML隨身瓶+100%純棉植物纖維潔膚巾 (珍珠紋加厚版100pcs)【王凱推薦】,｜混和肌推薦｜,151800.0,23
6937552,招福平安洗沐組~洗髮精露400g+沐浴露500g（各一瓶）,來自大自然的無患子皂素，含有豐富的細緻泡沫，搭配胺基酸成分，溫和洗淨頭皮髒污及油脂。添加10種草本萃取與多種精油，洗淨同時，讓香氣濃郁的草本精油，讓你洗後感受多款安心草本的魔力。,150945.0,347
8087311,檸檬馬鞭草抗菌洗手乳310g（一瓶）洗手乳多瓶任選更便宜,溫和ph5.5弱酸性配方，不易刺激不咬手,150384.0,964
7648595,【全新冰原花后系列】冰原花后賦活修護乳霜,｜冰原花后賦活修護乳霜｜,150167.0,49
7400819,苦橙純露豐盈蓬鬆洗髮精 480g（單瓶）精油洗髮任選兩瓶490元,適合一般及中油性髮質,150080.0,469
8559222,頂級藍銅肌因修復精華-7ML隨身瓶【最高濃度5000ppm】,｜頂級藍銅肌因修復精華｜,149850.0,150
5192808,LOTUS 保濕香蓮卸妝液-500g單瓶（任選三件85折）,敏弱性/一般肌膚適用無酒精，溫和不易刺激完美4效合1，具卸妝，潔膚，舒緩，保濕,149600.0,748
8550787,【新春輕旅特惠】76酵母胺基酸淨膚潔顏露-30ml隨身瓶+頂級藍銅肌因修復精華-7ml隨身瓶+冰原花后賦活修護乳霜-10g隨身瓶【送】手提收納包,｜76酵母胺基酸淨膚潔顏露｜,148544.0,88
7152521,招財納福檀木薰香沐浴露500g（一瓶）（任選三件以上85折）,來自大自然的無患子皂素，搭配胺基酸潔膚成分。添加多種草本萃取與多種精油，溫柔泡泡包覆著每一寸敏感肌膚，讓你洗後感受多款暖心草本的魔力。,146900.0,565
5884650,排寒排水~小野花暖暖鬆筋舒酸按摩油100ml~99.7%大自然來源（單瓶）（任選三件85折）,冬天的乾燥冰冷肌膚修護最佳神器,145470.0,373
4585707,深層頭皮SPA碳酸清潔幕斯200g-日本沙龍級(全/特殊護理使用)（買一送一）花香,獨特的碳酸分子，徹底吸附髒污,143910.0,369
8104093,保加利亞原裝進口~純玫瑰精油1g-otto蒸餾萃取,,143520.0,156
5602151,去屑微涼 茶樹4T頭皮養護噴霧100g（單瓶特價）（任選三件85折）,頭皮淨化　滋養　調理,141450.0,615
8192566,好吃的綠蜂膠+麥蘆卡蜂蜜噴劑30ml（一瓶）轉式長噴嘴,45%蜂膠巴西綠蜂膠（生物類黃酮4%）,141120.0,288
7875134,潔膚首選｜光感淨透洗臉機 2入（聲波導入版）,｜光感淨透洗臉機｜,140800.0,55
7443321,優媚霜三重護髮 雙管/單管染髮霜-多款任選,濃郁乳霜，精準覆蓋局部白髮,139063.0,367
8004281,DR.WU玻尿酸保濕精華乳50ml,輕盈潤澤保濕乳液，可強力鎖水保濕，維持肌膚長效滋潤。全新升級第六代智慧型玻尿酸水循環科技，結合大、小、微分子玻尿酸、玻尿酸循環因子及啟動因子，從源頭進行鎖水、補水、造水、活水及聚水，長效深層保濕、潤澤肌膚，維持肌表屏障健全。另添加菸鹼醯胺(B3)、維他命原B5及三重神經醯胺，有效鎮定舒緩肌膚不適、修復受損屏障，提升肌膚對環境傷害的防護力。協同植萃角鯊烷及尿囊素，強化肌膚屏障改善乾燥粗糙，使肌膚恢復柔嫩有彈性。,137275.0,163
7469392,頂級山茶花黃金護唇膏,｜頂級山茶花黃金護唇膏｜,137171.0,229
7532564,沐潤_罌粟花與白麝香水潤沐浴露1000g-彈潤鎖水（任選三件85折）,95%天然來源，無添加化學色素,136469.0,571
7174999,煥白淡斑 璀璨超C化妝水120ml（兩瓶優惠）,史上無敵強煥白化妝水*！超有感、超透亮、好保濕,135150.0,159
5382959,蔬果碗盤洗潔液-檸檬綠茶酵素補充包800g(去腥配方)（五包組）,檢驗通過國家CNS3800標準溫和不傷手符合食品用清潔劑標準,133450.0,314
8599707,【買3送2｜抗老輕旅組】黃金胜肽賦活精華-10ml隨身瓶+一夜透亮活膚精露-10ml隨身瓶+蜂王乳極潤修護精華露-30ml隨身瓶【送】冰原花后修復安瓶面膜+手提收納包,※手提收納包內不含保養品,131327.0,73
7509619,【超值加價購】德國金鋁製專業面膜刷 (雙頭毛刷組),｜德國金鋁製專業面膜刷｜,129766.0,434
7092783,檸檬馬鞭草經典冠軍沐浴露750g（中性肌適用）一瓶（沐浴任選兩瓶325元）,Cristalhyal 綠色玻尿酸:,129285.0,507
5250585,古寶無患子 薑萃草本滋養洗髮精華露550g（買一送一）*方瓶,無患子植物性皂素豐富細緻泡沫，溫和不易刺激肌,128869.0,431
7064632,萊雅溫和眼唇卸妝液 125ml,一次滿足對卸妝的所有需求,128163.0,357
6916248,1/2米蜜粉，更細緻保濕，日本專利（透明色）一盒（任選三件85折）,,126390.0,383
5196583,寶貝嬰兒舒緩沐浴露400g+寶貝嬰兒舒緩洗髮精400g,不含化學人工香精、皂鹼不含石化界面活性劑、不流淚、不刺激,124950.0,357
7488804,亮顏啾啾 迷你2000膠原蛋白 1000g胜肽化極小分子 無腥味,本商品體積較大，會獨立裝箱出貨唷,124700.0,43
5581283,沐潤_玻尿酸B5保濕精華沐浴露1000g-水潤保濕（任選三件85折）,95%天然來源，無添加化學色素,124519.0,521
7865939,蟲新導航~居家三蟲最害怕的精油噴霧300ml（四瓶最便宜）,蟑螂：2小時／24小時，具有100%／93%忌避效果,123250.0,145
8087292,茶樹精油抗菌洗手乳310g（一瓶）洗手乳多瓶任選更便宜,溫和ph5.5弱酸性配方，不易刺激不咬手,122148.0,783
7969230,好溫和的水潤潤私密清潔露250g（兩瓶優惠）95%以上大自然來源成份,95%以上大自然來源成分,121370.0,229
7865921,蟲新導航~居家三蟲最害怕的精油噴霧300ml（一瓶）,蟑螂：2小時／24小時，具有100%／93%忌避效果,120120.0,429
8507845,【聖誕限定買3送3】76酵母胺基酸淨膚潔顏露+黃金胜肽賦活精華+99控油保濕平衡乳 【送】 76酵母胺基酸淨膚潔顏露30g隨身瓶+蜂王乳極潤修護精華露30ml隨身瓶+100%純棉植物纖維潔膚巾 (珍珠紋加厚版100pcs)【鍾明軒推薦】,潔顏露－淨化髒汙修復肌膚，締造澄淨細緻,119970.0,30
8519664,一夜透亮活膚精露 （2入）【7大天然植萃精油】,｜一夜透亮活膚精露｜,119840.0,28
5921452,排寒排水~小野花暖暖鬆筋舒酸按摩油100ml~99.7%大自然來源（四瓶回購）,冬天的乾燥冰冷肌膚修護最佳神器,119790.0,121
6373062,胺基酸亮白溫和潔顏慕斯90ml（兩瓶省80元）97%大自然成份,無添加SLS、SLES、皂鹼、矽靈、壬基苯酚環境賀爾蒙,119280.0,284
5921446,排寒排水~小野花暖暖鬆筋舒酸按摩油100ml~99.7%大自然來源（兩瓶特價）,冬天的乾燥冰冷肌膚修護最佳神器,119180.0,202
8214997,【超值加價購】專業彈力面膜刷（雙頭兩用組）,｜專業彈力面膜刷｜,119002.0,398
7998084,痘不逗留❤收口超快的抗痘舒緩修護精華乳30ml（一罐）,請塗在痘痘上，舒緩極佳,118650.0,339
8137789,亮色飽滿染後髮色❤️修護型洗髮精250g（一瓶）,適合染髮過後兩週開始使用,117900.0,262
6700110,絲滑觸感的溫感卸妝露280g （單瓶）（任選三件85折）,配方單純全部只有九種成分,117740.0,406
7656895,【生物纖維面膜】冰原花后修復安瓶面膜（1片＝5安瓶）,｜冰原花后修復安瓶面膜｜,117399.0,98
8599677,一夜透亮活膚精露-10ml隨身瓶【7大天然植萃精油】,｜一夜透亮活膚精露｜,116640.0,108
6700111,絲滑觸感的溫感卸妝露280g （兩瓶優惠）,配方單純全部只有九種成分,115920.0,252
7119632,招福平安洗沐組~油頭專用洗髮精露400g+沐浴露500g（各一瓶）,來自大自然的無患子皂素，含有豐富的細緻泡沫，搭配胺基酸成分，溫和洗淨頭皮髒污及油脂。添加10種草本萃取與多種精油，洗淨同時，讓香氣濃郁的草本精油，讓你洗後感受多款安心草本的魔力。,115275.0,265
4582632,深層嫩白 慈禧白皙秘方 玉容散活膚晶 經典款100g (臉/身體)（5顆組）,珍珠粉珍貴添加獨家研磨技術，深入吸收洗臉=敷臉，重現嬰兒般細緻肌膚,115080.0,411
5602173,去屑微涼 茶樹4T頭皮養護噴霧100g（兩瓶省70）,頭皮淨化　滋養　調理,114660.0,294
7952102,香水檸檬固髮洗髮精400g（兩瓶優惠）,適合一般及中乾性髮質,114300.0,254
5602182,去屑微涼 茶樹4T頭皮養護噴霧100g（四瓶省230）,頭皮淨化　滋養　調理,113850.0,165
7174996,煥白淡斑 璀璨超C化妝水120ml（單瓶特價）（任選三件85折）,史上無敵強煥白化妝水*！超有感、超透亮、好保濕,113190.0,231
7498208,創新泡沫噴頭！無患子酵素泡泡 碗盤油汙洗潔液500g（一個噴瓶）任選三件85折,強力去油，不傷手,112680.0,626
5581233,沐潤_小蒼蘭山花精亮白沐浴露1000g-洗出妳的亮白肌（任選三件85折）,95%天然來源，無添加化學色素,112330.0,470
4849727,*草本柔順滋養護髮精華320g-柔順飄逸 (一分鐘修護-沖洗式)*1瓶【加購品】,摩洛哥油：深度修護維生素B5：減少髮絲斷裂有機山茶花油：加強保濕,111112.0,817
6950843,96.5%以上大自然成份的 招福平安淨化環境噴霧 300g（四瓶）,可用於衣物/家中/辦公室/廁所等,110880.0,126
4702881,千金方洗髮露550g-古法抗屑控油（買一送一）方瓶,無患子植物性皂素豐富細緻泡沫，溫和不易刺激肌,110630.0,370
8516147,【聖誕限定買5送4】一夜透亮活膚精露+熱療撫紋導入儀（音波震動版）+藍銅玻尿酸保濕修復精華+76酵母胺基酸淨膚潔顏露+蜂王乳極潤修護精華露 送 藍銅玻尿酸保濕修復精華-10ML隨身瓶+冰原花后賦活修護乳霜-10g隨身瓶+76酵母胺基酸淨膚潔顏露 隨身瓶30g+手提收納包【小姐不熙娣．鍾明軒推薦】,｜藍銅玻尿酸保濕修復精華｜,110487.0,13
8244707,吉．福．旺 平安富脂皂（三顆/盒）（三盒送禮組）,,110442.0,158
7532619,沐潤_烏木玫瑰嫩白沐浴露1000g-白皙透亮（任選三件85折）,95%天然來源，無添加化學色素,110418.0,462
8061646,完美護色！染後專用矯色髮膜110g（兩條優惠）特別適合染髮兩週以上使用,90%來源自然成分 *以ISO16128天然來源成分計算標準(含配方水),109760.0,196
7319220,寶貝招福平安二合一(泡泡浴露)400g（單瓶）大自然來源度97%（任選三件以上85折）,pH5.5 不流淚配方,109440.0,456
7444413,招財納福檀木薰香洗髮精露 400g（兩瓶優惠）,來自大自然的無患子皂素，含有豐富的細緻泡沫，搭配胺基酸成分，溫和洗淨頭皮髒污及油脂。,109020.0,237
7326610,孔雀石 活化洗髮精（微香岩蘭草）450g（能量波動系列任選兩瓶499元）,,107640.0,360
6396146,滿水凍膜140g 大自然成份來源97%以上（兩瓶特惠）,"敷臉時加壓效果, 讓水分滲透到更深層的位置",106860.0,274
8581969,持久型淡香精體香噴霧55ml 多瓶更優惠唷,小巧瓶身，方便掛在包包外,106210.0,559
8577024,洋娃娃醇米胜肽眼霜15ml-睫毛蓬蓬 好亮眼（一瓶）,滋潤清爽好吸收，一瓶兩用,106080.0,272
4586139,寶貝嬰兒舒緩洗髮精400g（買一送一）,不含化學人工香精、皂鹼不含石化界面活性劑、不流淚、不刺激,103950.0,297
7927438,招福平安抗菌洗手液600ml補充瓶（一瓶／兩瓶／五瓶）,添加衛生福利部公告有效的抗菌成分,103780.0,245
8220564,歡樂慶🎉小野花身體乳液 No.2花店（超級滋潤配方）250g一瓶,溫和親膚，迅速滲透至肌膚底層,102740.0,467
6988710,自然綻放 野芒果潤唇膏3.4g（任選三件85折）,,101920.0,364
8302930,超導水藍銅修復面膜+(專業彈力面膜刷 / 德國金鋁製專業面膜刷 )  2擇1【德國藍銅．冰沁修復】,｜超導水藍銅修復面膜｜,101335.0,65
6672555,耕心田 緊實按摩油100ml + 舒緩按摩油100ml（各一瓶）,,98901.0,99
8014688,最具防護力的四級胺抗菌噴霧500ml（三瓶最優惠）,由LONZA提供的實驗報告中，顯示有效抗菌！,97637.0,163
7312479,冰河水+EDI超純水 強保濕濕紙巾（80抽）5包（數量填2另享有十包優惠價）,ECOCERT認證加拿大冰河礦物水,97300.0,278
7526580,古寶藥妝 熱感桑一下 身體舒緩凝膠100g（兩瓶）,,96660.0,179
8550822,【新春輕旅特惠】藍銅玻尿酸保濕修復精華-10ml隨身瓶+超導水藍銅修復面膜-30g隨身瓶+76酵母胺基酸淨膚潔顏露-30ml隨身瓶【送】手提收納包,｜藍銅玻尿酸保濕修復精華｜,95772.0,69
7469319,100%純棉植物纖維潔膚巾 (珍珠紋加厚版100pcs),｜100%純棉植物纖維潔膚巾｜,94928.0,272
7406748,毛鬆蓬軟~去味持久的寵物洗毛精250g（兩瓶優惠）,去除油臭味與髒汙（無患子、日本洗淨成分）,94120.0,181
7049949,DR.WU杏仁酸亮白煥膚身體乳150ml,輕盈潤澤水感乳液 清爽好吸收,93330.0,104
7476998,古寶藥妝 乾癢肌愛用 燕麥脂胺基酸沐浴慕斯400ml（一個壓瓶+一個補充瓶）,,92655.0,213
8264443,黑鑽松露金緻萃抗老面膜【抗老修復巔峰】,｜黑鑽松露金緻抗老面膜｜,91611.0,52
7582802,瞬吸！亮白 高濃度精油乳液250ml（兩瓶優惠）,,91020.0,111
7279646,蕾妮亞極吸好眠晚安褲褲型衛生棉4片M-L,極薄0.25cm速吸層 翻睡超安心,90025.0,904
8536359,甩水輕盈湯浴包 全身暖呼呼（10g*6入）兩包,舒展緊繃,89180.0,182
7904352,好神奇吸色片（防止衣物染色）100片/盒（一盒）,具有優良的吸色力 會優先把水裡的顏色吸走,88977.0,223
5541728,吹彈水潤益母草水感面膜*10片（紅綠面膜任選多件更便宜）,妝前敷一片，調理肌膚油水平衡，水潤Q彈好上妝，不易脫妝。,88555.0,445
6782659,雙薑沐浴露500g+招福平安沐浴露500g（各一瓶優惠組合）,來自大自然的無患子皂素，搭配胺基酸潔膚成分。添加10種草本萃取與多種精油，溫柔泡泡包覆著每一寸敏感肌膚，讓你洗後感受多款安心草本的魔力。,87381.0,219
7858857,高濃度三倍洗淨洗衣精1000ml-抗菌配方（青檸萊姆香氛）一瓶／兩瓶,超高濃度，是市售洗衣精的三倍潔淨力,86800.0,294
8197520,貝膚黛瑪舒敏潔膚液-500ml-4入組,溫和潔淨：獨特Micelle Technology膠束科技，兩性特殊結構親水及親油分子，清潔臉部彩妝與髒汙，調理肌膚油水平衡。,86738.0,62
7685670,一日30mg足量葉黃素飲（好喝）*10包/盒,,86600.0,68
8150038,【超值加價購】手提收納包（防水大容量設計）,※手提收納包內不含保養品,86167.0,433
4925030,寶貝小蘇打奶瓶蔬果清潔劑620g（買一送一）,不含化學人工香精、皂鹼不含石化界面活性劑、給寶寶無毒環境,86154.0,346
8245897,黑鑽松露膜刷組｜黑鑽松露金緻抗老面膜+專業彈力面膜刷（雙頭兩用組）【修復抗老巔峰】,｜黑鑽松露膜刷組｜,85339.0,61
7088395,妮維雅極淨深層眼部卸妝液125ml,含葵花籽油，維生素B6強韌滋養睫毛根部,85215.0,285
7198243,寶拉珍選2%水楊酸身體乳210ml,衛福部公告最高濃度2%水楊酸,84968.0,86
8227731,【美白小黑瓶】高濃縮褪黑美白精華-10ML隨身瓶【許鈞鈞推薦】,｜高濃縮褪黑美白精華隨身瓶｜,84579.0,121
6716424,無患子萃取高濃度三倍洗淨無香洗衣精1000g（一個回流瓶+一個補充瓶，共兩瓶）新瓶口,塑膠使用減少70%,84480.0,264
7861208,DR.WU杏仁酸亮白煥膚精華18% 15ml,創始經典明星商品，專為油性、混合肌設計。首度將刷酸概念帶入居家煥膚保養，透過刷酸煥膚的原理，快速清除肌膚表面老廢角質，並有效協同肌膚代謝，疏通、淨化、緊緻毛孔，使用7天能減少粉刺70%、毛孔緊緻17%*；另添加大分子玻尿酸、β-聚葡萄醣體，補水保濕舒緩肌膚，緩解乾癢脫屑 ; 亮白修護精萃能由肌底層層煥白，從內而外打造晶透瞬白。長期持續煥膚，能重現完美無瑕的細嫩肌膚。全成分無酒精、人工香精，溫和不刺激。,84235.0,100
7383925,快樂24K金梳🔮（圓潤紫）,氣墊髮梳上有一個通氣孔，能使氣墊排氣保持彈性，並非掉針瑕疵唷~,83880.0,120
6691589,最高詢問度 檸檬馬鞭草洗面乳180g（單瓶特價）弱酸性配方（任選三件85折）,不含MI/MCI、Paraben類防腐劑,81590.0,410
4586190,舒緩寶貝嫩肌嬰兒清爽乳液250g（兩瓶）,不含化學人工香精富含有機乳木果油、向日葵油添加有機甘草、小白花萃取,81550.0,233
7444409,招財納福檀木薰香洗髮精露 400g（一瓶）任選三件85折,來自大自然的無患子皂素，含有豐富的細緻泡沫，搭配胺基酸成分，溫和洗淨頭皮髒污及油脂。,81480.0,291
8120369,五倍消臭力！薄荷除臭噴霧300g（一瓶）,,80730.0,207
6378654,西西里檸檬純露洗髮精 480g（單瓶）另有精油洗髮任選兩瓶490元專區,適合一般及中油性髮質,80640.0,252
6968698,招福平安洗髮精露 400g-油頭專用強化清潔配方（兩瓶優惠價）,來自大自然的無患子皂素，含有豐富的細緻泡沫，搭配胺基酸成分，溫和洗淨頭皮髒污及油脂。添加10種草本萃取與多種精油，洗淨同時，讓香氣濃郁的草本精油，深層淨化頭皮，讓你洗後感受多款安心草本的魔力。,80550.0,179
7416580,夜間保養全系列｜黃金修護白泡泡面膜+黑鑽松露金緻抗老面膜+蜂王乳極潤修護精華露+黃金胜肽賦活精華＋黃金胜肽緊緻電波眼霜(高保濕震動導入版),※眼霜有「冰鎮陶瓷按摩頭」與「鋅合金按摩頭」，兩款皆屬TRUU正確商品，使用功效相同。,79786.0,14
8250086,抗老活膚組｜黑鑽松露金緻抗老面膜+黃金胜肽賦活精華＋黃金胜肽緊緻電波眼霜(高保濕震動導入版),※眼霜有「冰鎮陶瓷按摩頭」與「鋅合金按摩頭」，兩款皆屬TRUU正確商品，使用功效相同。,78760.0,22
7050166,Dr FreeVenus藝群-晶鑽極潤修護滋養霜30ML,溫和無香精配方，含維他命E、維他命B5、角鯊烷、神經醯胺、乳油木果脂成份,78455.0,136
6813242,耕心田 蘆薈舒緩保濕修護霜（兩瓶）,,78204.0,196
5006495,唐朝楊貴妃凝脂秘方 紅玉面膜*40片,妝前敷：調理肌膚油水平衡，水潤Q彈好上妝,76672.0,128
7262071,喝了好放鬆GABA無咖啡因 野桑茶30g（2g*15包）兩袋優惠,台東池上桑葉採集製成,75400.0,145
7069903,乾洗手噴霧1000ml（75%酒精+植物精油+護手配方）超大瓶*1瓶（任選三件85折）,勤洗手，遠離汙染，加強個人衛生防護,75210.0,109
8008686,無矽靈植萃修護洗髮精露450g-檸檬馬鞭草（深層潔淨）新包裝,洪百榕/梁又南/王思佳大力推荐馬鞭草香氛,74730.0,470
8174084,口感香甜甜❤️蜜桃漱口水500ml（含氟量220ppm）兩瓶優惠,無添加酒精,74730.0,159
6373060,胺基酸亮白溫和潔顏慕斯90ml（單瓶特價）97%大自然成份（任選三件85折）,無添加SLS、SLES、皂鹼、矽靈、壬基苯酚環境賀爾蒙,74250.0,297
8245928,全面抗老修護組｜黑鑽松露金緻抗老面膜+（褪黑美白精華升級版/黃金胜肽賦活精華/藍銅玻尿酸保濕修復精華）3擇1,※美白精華瓶器異動中，原始小黑瓶與滴管式白色瓶器皆為正確商品，敬請見諒※,73314.0,29
7403707,全日營養肝精薑黃飲_食品_100mL_10入,4969726110744,72590.0,61
4599592,木梨與小蒼蘭保濕嫩白身體乳液-320g (清爽配方)（任選三件85折）,多種美肌成份與迷人的小蒼蘭香氛，猶如鮮採清新梨子，搭配小蒼蘭綻放迷人花香，質地清爽保濕不黏膩易吸收。頂級阿爾卑斯山有機山花精萃取，改善黯沉，使肌膚白皙明亮。添加有機摩洛哥堅果油、可可脂油滋養肌膚，改善老化與粗糙乾裂現象。搭配保濕因子玻尿酸，層層鎖住水份達到長效保濕，使肌膚水潤Q彈有活力。維他命E有效修護肌膚，對抗肌膚老化，減少乾糙與細紋，使用後肌膚光滑緊緻有彈性。,72210.0,290
6916257,1/2米蜜粉，更細緻保濕，日本專利（透明色）兩盒優惠,,72050.0,131
6278820,體味掰掰~ 森林系體香噴霧50ml（四瓶省470元）,,71760.0,104
7754262,黑不溜丟弱酸洗髮皂 100g（三顆很優惠）,【各種髮質使用頻率推薦】,71280.0,144
7090956,TISS深層卸妝油-毛孔潔淨升級型230ml,卸妝的同時，讓推積毛孔中的頑固粉刺也一顆顆浮出。,71170.0,204
6165696,*茶樹精油抗菌洗手乳310g（一瓶）【加購品】,溫和ph5.5弱酸性配方，不易刺激不咬手,70983.0,717
8153938,青檸橙花水嫩沐浴精華露600g（中性肌適用）一瓶（沐浴任選兩瓶325元）,加勒比海清爽香氛~,70875.0,315
7858885,高濃度三倍洗淨洗衣精1000ml-低敏配方（溫暖陽光香氛）一瓶／兩瓶,超高濃度，是市售洗衣精的三倍潔淨力,70800.0,256
7476951,古寶藥妝 乾癢肌愛用 燕麥脂胺基酸沐浴慕斯400ml（一瓶）任選三件85折,,70760.0,244
7426895,日本花王_新2蒸氣感舒緩眼罩12P純淨無香,4901301348029,70263.0,269
6910366,招福平安洗髮精露 400g（兩瓶優惠價）,明星商品，工廠趕貨中！可能會晚一兩天才寄出喔🙇‍♀️敬請見諒,70200.0,156
7669088,一口好乾淨~漱口雲❤專門對付口腔異味與髒污95%大自然來源成份~古寶藥妝100ml（兩瓶優惠）,,68928.0,192
7069910,乾洗手噴霧1000ml（75%酒精+植物精油+護手配方）超大瓶 買一送一(共2瓶),勤洗手，遠離汙染，加強個人衛生防護,68750.0,55
7326613,孔雀石 乾淨持久洗髮精（無香單純）450g（能量波動系列任選兩瓶499元）,,68172.0,228
4864686,唐朝楊貴妃凝脂秘方 紅玉面膜*10片（紅綠面膜任選多件更便宜）,妝前敷：調理肌膚油水平衡，水潤Q彈好上妝,67660.0,340
8008732,無矽靈植萃修護洗髮精露450g-真正薰衣草（舒緩乾癢）新包裝,無患子：有效抑制油脂分泌,67257.0,423
7090941,TISS深層卸粧油230ML-乾濕兩用進化型,潔淨再進化，手濕濕也可輕鬆完美卸粧,67205.0,193
5541777,吹彈水潤益母草水感面膜*40片（省197元）,妝前敷一片，調理肌膚油水平衡，水潤Q彈好上妝，不易脫妝。,67088.0,112
8504371,1028 飛我莫屬限量眼彩盤 朱古力,特調濃醇朱古力配色，搭配柔霧、亮片、珠光及碎鑽濕粉四種精選質地，一盤創造多種層次眼妝。 ,66633.0,167
8550728,*宜蘭小農的快樂長秈米600g 粒粒分明 好吃!【加購品】,保育生態理念耕作、無毒栽培、不用除草劑，與自然生態共生,66500.0,665
7011824,酒粕青春洗髮精露550g偏油性/油性髮質適用（單瓶特惠）,,66466.0,334
7490849,招福平安超保濕水潤乳液250g兩瓶優惠,,66120.0,114
5006515,蔬果碗盤洗潔液-經典原味補充包800g（五包組）,檢驗通過國家CNS3800標準溫和不傷手符合食品用清潔劑標準,65450.0,154
7049885,DR.WU角鯊潤澤修復精華30ML,獨家輕盈油狀質地快速吸收,64785.0,54
7097638,康乃馨醫療口罩一般耳帶50片盒裝-多色任選(新舊款包裝隨機出貨),防塵、過濾細菌使用。,64500.0,430
7927508,招福平安抗菌洗手液600ml補充瓶+自動感應給皂機,溫和ph5.5弱酸性配方，不易刺激不咬手,64310.0,109
7138478,MKUP狠大眼睫毛膏2.8g-黑,輕盈抗暈膏體，能無限延伸上下睫毛卻不結塊，全日維持睫毛長、捲、翹，極致綻放大眼。,64277.0,199
5485607,無矽靈植萃修護洗髮精露450g-馬鞭草薄荷 (中油性/頭皮問題)超級涼爽配方（三瓶省117元）,來自大自然的無患子皂素，含有豐富的細緻泡沫，溫和不易刺激肌膚，達到深層清潔。,64020.0,194
7046072,媚比琳 超激細抗暈眼線液抗手震版 (多款任選),彈性韌度兼具的超激細筆尖精準控制眼線線條穩定度,63945.0,203
6424430,亮白淨味私密潔淨慕斯-98%以上大自然成份100ml（單瓶）（任選三件85折）,●無添加SLS、SLES、皂鹼、矽靈、壬基苯酚環境賀爾蒙,63840.0,228
7646107,【生物纖維面膜】冰原花后修復安瓶面膜 (1片=5安瓶),｜冰原花后修復安瓶面膜｜,63840.0,168
7318587,歐樂B 3D電動牙刷PRO1-白色,兩分鐘計時器+日常刷牙模式,63721.0,61
6389244,冰河泥毛孔潔淨洗面乳150g 胺基酸基底溫和不緊繃（兩條省100元）98%以上大自然來源成分,使用後肌膚變得細緻又滑嫩，不會乾澀緊繃，適合中性至油性肌膚使用。,63480.0,138
7197464,99%以上大自然來源的小野花玫瑰美胸按摩油100ml（兩瓶優惠）,,62540.0,106
7050165,Dr.FreeVenus藝群-玻尿酸精華液-50ML,含玻尿酸、神經醯胺、維他命B5、膠原蛋白、小黃瓜萃取液,62211.0,147
7582792,瞬吸！亮白 高濃度精油乳液250ml（一瓶）,,61899.0,141
8235641,舒潔袖珍包面紙10抽26入-限定款,寶可夢新包裝【限量販售】,61578.0,622
8245736,黑鑽松露金緻抗老面膜（兩入）【修復抗老巔峰】,｜黑鑽松露金緻抗老面膜｜,61572.0,28
7488785,亮顏啾啾 迷你2000膠原蛋白 200g（兩瓶）胜肽化極小分子 無腥味,,61440.0,48
6904229,環境友善的衣物柔軟精1000g-補充瓶*4,,61380.0,62
7093541,絲柏檀木沐浴露750g（中性肌適用）一瓶（沐浴任選兩瓶325元）,Cristalhyal 綠色玻尿酸:,61200.0,240
8045901,巴黎萊雅寶雅獨家青春密碼特惠組,一夜修護六大瑕疵,61132.0,68
7410356,ettusais 艾杜紗 東京輕吻染唇膏 #10 (寶雅獨家限量),寶雅獨家限量色,60840.0,117
6389236,冰河泥毛孔潔淨洗面乳150g 胺基酸基底溫和不緊繃（單條）98%以上大自然來源成分（任選三件85折）,使用後肌膚變得細緻又滑嫩，不會乾澀緊繃，適合中性至油性肌膚使用。,60480.0,216
8014206,媚比琳反孔特霧全進化零瑕嫩粉餅,超強遮蓋力X裸妝感的完美實現,60278.0,172
8008762,無矽靈植萃修護洗髮精露方瓶450g-咖啡因（控油強健髮根）新包裝,髮絲強韌健康雙重鋅因子長效控油深層清潔修護頭皮,59466.0,374
6017675,強化琺瑯質 亮白 清新低敏牙膏140g-98%以上大自然來源（圓瓶牙膏任選組合更便宜）,成分98%以上源自天然,59340.0,258
7275116,耕心田 甜橙去角質凝膠150g（一條）（任選三件85折）即將完售斷貨，喜愛🍊請把握最後數量唷！,無添加防腐劑MI/MCI、PARABEN,59202.0,198
6720683,魚子萊姆頭皮淨化微泡精華120g（單瓶特價）（任選三件85折）,95%源自大自然，無添加SLS、SLES、皂鹼、矽靈,59110.0,257
6424432,亮白淨味私密潔淨慕斯-98%以上大自然成份100ml（兩瓶特惠）,●無添加SLS、SLES、皂鹼、矽靈、壬基苯酚環境賀爾蒙,58950.0,131
8121670,AHC 3D超效煥活全臉眼霜30ml,3D抗老無懼重力， 全方位超效煥活緊實輪廓、重現澎潤彈力 !​,57289.0,85
8620771,又鬆又暖  石墨烯溫感精油貼布 20片/包 多包更超值唷,5種植物精油 搭載 多層石墨烯粉,57130.0,197
8256300,滑順不NG ~ 超持久眼線膠筆（兩支優惠）,採用Trimethylsiloxysilicate成膜防水矽油,57109.0,191
4843652,珍珠玉容活膚晶100g (珍珠蛋白-亮白加倍/臉部及身體適用)（6顆組）,升級版---日本頂級宇和島珍珠粉添加，亮白細緻效果加倍。全新升級配方，珍珠蛋白增強效果,56960.0,160
7490843,招福平安超保濕水潤乳液250g一瓶（任選三件85折）,,56700.0,162
7369101,耕心田 橄欖胺基酸補水沐浴乳500g,耕心田美人系列任選兩瓶399元,56511.0,189
4586116,寶貝嬰兒舒緩沐浴露400g（買一送一）,不含化學人工香精、皂鹼不含石化界面活性劑、不流淚、不刺激,56350.0,161
6396130,滿水凍膜140g 大自然成份來源97%以上（單瓶）（任選三件85折）,"敷臉時加壓效果, 讓水分滲透到更深層的位置",55970.0,193
8061640,完美護色！染後專用矯色髮膜110g（單條）特別適合染髮兩週以上使用,90%來源自然成分 *以ISO16128天然來源成分計算標準(含配方水),54605.0,163
6910358,招福平安洗髮精露 400g（一瓶）（任選三件以上85折）,來自大自然的無患子皂素，含有豐富的細緻泡沫，搭配胺基酸成分，溫和洗淨頭皮髒污及油脂。添加10種草本萃取與多種精油，洗淨同時，讓香氣濃郁的草本精油，深層淨化頭皮，讓你洗後感受多款安心草本的魔力。,54600.0,195
7823795,【毛孔專家】琥珀酸喚膚粉刺泥膜 兩入,｜琥珀酸喚膚粉刺泥膜｜,53172.0,28
8008706,無矽靈植萃修護洗髮精露450g-奧圖玫瑰（固色修護）新包裝,來自大自然的無患子植物性皂素，含有豐富的細緻泡沫,53106.0,334
6830951,Tree to Tub融化系玫瑰水 眼霜15ml,,53040.0,68
7090935,Za美白隔離霜,粧前打底修飾膚色不均,52819.0,239
4598060,蔬果碗盤洗潔液-檸檬綠茶酵素1000g (除油去腥配方),添加綠茶萃取/去油去腥 檢驗通過國家CNS3800標準，符合食品用清潔劑標準 無患子植物性泡沫，安心使用 溫和不傷手 不含漂白劑 不含螢光劑,52448.0,352
7063305,巴黎萊雅24H無瑕完美粉底液-30ml,會呼吸的粉底液!!,52269.0,131
8214995,專業彈力面膜刷（雙頭兩用組）,｜專業彈力面膜刷｜,52001.0,149
5711384,耕心田 植萃淨 精油芳香噴霧100ml（甜橙+佛手柑）+植萃舒 精油芳香噴霧100ml（真正薰衣草+甜橙+佛手柑）-各一瓶,適用於衣物、室內空間、寢具、鞋子、汽車內,51896.0,104
5399160,植物肥皂140g*4顆-橘油配方 潔淨雙倍(貼身衣物/嬰幼兒衣物)（*3盒，共12顆）,貼身衣物天天洗輕鬆除垢好沖洗天然環保安心洗,51554.0,173
7526586,古寶藥妝 熱感桑一下 身體舒緩凝膠100g（四瓶最優惠）,,51300.0,54
7069347,【即期品】好奇純水嬰兒濕巾加厚型20抽-迪士尼限定版(新舊包裝隨機出貨)(效期2024/11/29),飲用級純水: 寶寶無負擔,51246.0,1314
7054157,好自在熊抱安睡褲4片(M/L)-尺寸任選,蜜桃形剪裁貼臀型,51207.0,303
7105684,風倍清織物除菌消臭噴霧370ml-高效除菌,日本熱銷NO1空氣清新專家,51066.0,514
6968699,招福平安洗髮精露 400g-油頭專用強化清潔配方（一瓶）（任選三件以上85折）,來自大自然的無患子皂素，含有豐富的細緻泡沫，搭配胺基酸成分，溫和洗淨頭皮髒污及油脂。添加10種草本萃取與多種精油，洗淨同時，讓香氣濃郁的草本精油，深層淨化頭皮，讓你洗後感受多款安心草本的魔力。,50680.0,181
6904461,環境友善的衣物柔軟精1000g-回流瓶*1+補充瓶*1,,50440.0,97
6448463,94%以上大自然成份的 藍風鈴芳香環境噴霧 300g（一瓶）（任選三件85折）,可用於衣物/家中/辦公室/廁所/寵物/鞋子等,50400.0,140
7092767,荔香玫瑰亮白沐浴露750g（中/乾性肌適用）一瓶（沐浴任選兩瓶325元）,Cristalhyal 綠色玻尿酸:,49980.0,196
7113419,舒潔濕式衛生紙40抽3入(新舊包裝隨機出貨),適量水分‧ 天然綠茶複合配方 適合天天使用‧ 不含酒精 大人小孩都可安心使用‧,49899.0,369
7275140,耕心田 甜橙去角質凝膠150g（二條優惠）        即將完售斷貨，喜愛🍊請把握最後數量唷！,無添加防腐劑MI/MCI、PARABEN,49875.0,125
7049954,DR.WU超逆齡多肽修復眼霜15ml,七天年輕一歲！更強韌超飽滿,49650.0,34
6436898,全新玉容亮白面膜-升級款（四盒超值）共20片,妝前敷：調理肌膚油水平衡，水潤Q彈好上妝曬後敷：舒緩肌膚不適，安撫亮白肌膚每天敷：使肌膚水感保濕淨白。,48930.0,70
7427338,友和植物酵素強力清潔噴霧super500ml,4516825005091,48720.0,168
7425776,DHC橄欖油護唇膏1.5g,4511413302163,48438.0,162
7083613,蘇菲彈力貼身超薄潔翼14片4入日用23cm,超瞬吸小孔表層,48160.0,344
7922778,【澳洲泥膜刷組】琥珀酸喚膚粉刺泥膜+德國金鋁製專業面膜刷 (雙頭毛刷組),｜琥珀酸喚膚粉刺泥膜｜,48063.0,37
7824145,淨化控油拍檔｜琥珀酸喚膚粉刺泥膜 + 美白調理平衡露,｜淨化控油拍檔｜,47976.0,24
7952095,香水檸檬固髮洗髮精400g（一瓶）,適合一般及中乾性髮質,47880.0,171
7488778,亮顏啾啾 迷你2000膠原蛋白 200g（一瓶）胜肽化極小分子 無腥味,,47610.0,69
6661933,耕心田 緊實按摩油100ml（耕心田按摩油任選兩瓶999元）,,47321.0,79
7049939,霓淨思積雪草B5修護純粹精華30ml,修護敏感，肌膚彈潤保濕,46800.0,39
5418833,耕心田 舒緩精油滾珠瓶 10ml（真正薰衣草+甜橙+佛手柑）單瓶（任選三件85折）,草本植萃，源自天然的完美搭配,46644.0,156
7904217,招福平安活膚晶100g敏感肌適用（兩顆優惠）,琉璃苣、薰衣草、鼠尾草、無患子、銀杏、蕁麻、月桂葉、迷迭香、雪松、洋甘菊萃取、金縷梅萃取,46566.0,234
6278811,體味掰掰~ 森林系體香噴霧50ml（兩瓶省190元）,,46410.0,119
4598058,蔬果碗盤洗潔液-經典款1000g,檢驗通過國家CNS3800標準，符合食品用清潔劑標準 無患子植物性泡沫，安心使用 溫和不傷手蔬果農藥不殘留 不含漂白劑 不含螢光劑,46339.0,311
7044725,膚蕊 卸粧按摩霜250g,留住滋潤不留殘粧,45952.0,230
8153896,櫻花紫羅蘭亮白沐浴精華露600g（中性肌適用）一瓶（沐浴任選兩瓶325元）,櫻花紫羅蘭香氛~,45675.0,203
7611119,妮維雅極淨透亮眼部卸妝液125ml,"眼周敏感肌適用,清爽,不熏眼,不刺激",45448.0,152
4878104,耕心田 洗頭水 山茶花柔順修護340g（單瓶特價）（任選三件85折）,● 天然胺基酸與肥皂草潔膚成分，泡沫細緻且溫和清潔● 堅持pH5.5弱酸，不易刺激肌膚/不流淚配方● 無添加SLS、SLES、ALS、CDEA、CMEA、皂鹼起泡劑● 無添加化學防腐劑/無添加矽靈化學順髮劑● 無添加人工化學色素/無添加化學抗菌劑● 高生物分解度，不造成環境汙染，環保愛地球,45448.0,152
7406670,毛鬆蓬軟~去味持久的寵物洗毛精250g（一瓶）,去除油臭味與髒汙（無患子、日本洗淨成分）,45440.0,142
6706590,洗去身體的冷~ 雙薑沐浴露500g（一瓶）（任選三件85折）,,45080.0,196
7469402,頂級山茶花黃金護唇膏(兩入),｜頂級山茶花黃金護唇膏｜,44955.0,45
7253531,妮維雅極致修護護手霜75ml,立即舒緩乾癢，並修護指緣乾裂、脫皮，新添加高濃度維他命原B5,44901.0,499
6448469,94%以上大自然成份的 藍風鈴芳香環境噴霧 300g（兩瓶特價）,可用於衣物/家中/辦公室/廁所/寵物/鞋子等,43727.0,73
7685693,一日30mg足量葉黃素飲（好喝）*10包/盒【加購品】,,43491.0,109
6716446,無患子萃取高濃度三倍洗淨無香洗衣精1000g新瓶口（單一回流瓶）,塑膠使用減少70%,43130.0,227
8276803,【APP獨享禮遇】黑鑽松露金緻抗老面膜【修復抗老巔峰】,｜黑鑽松露金緻抗老面膜｜,43050.0,35
7879166,蟲蟲大作戰~蟲新導航精油噴霧300ml+長頸鹿防蚊精油噴霧100ml+PMD檸檬桉葉防蚊液100ml+萬用清潔噴霧500g（各一瓶）,一般防蚊+咬後舒緩~請用長頸鹿防蚊精油噴霧,42826.0,46
7049861,BB 2%乙基維他命C美白精華30ml,配合5重玻尿酸，結合中小分子及特殊作用的陽離子玻尿酸及3D玻尿酸，,41776.0,151
7057401,樂品無染洗臉巾100抽-2款任選(新舊包裝隨機出貨),寶雅熱銷top1 乾濕兩用洗臉巾，千萬人次肯定,41671.0,559
8185804,巴黎萊雅優媚霜時尚魅力系列染髮霜,全新潮色!霧光暮幻髮色!,41311.0,109
7050175,Dr.FreeVenus藝群保濕精華乳-30ml,含玫瑰果籽油、小麥胚芽油和維他命C,41309.0,67
8244426,【絕版搶購】76酵母胺基酸淨膚潔顏露（亮面款）【鍾明軒推薦】,｜76酵母胺基酸淨膚潔顏露｜,41040.0,38
7048677,LOVEMORE豐台灣面膜5入-多款任選,"愛戀膜法玫瑰水白蠶絲面膜,以純淨台灣在地山玫瑰純露結合純淨海洋深層水，製成會隱形的蠶絲面膜",40963.0,137
7069356,好奇純水嬰兒濕巾加厚型70抽-小熊維尼限定(新舊包裝隨機出貨),飲用級純水: 寶寶無負擔,40950.0,1050
7069317,康乃馨律動美人貼身護墊38片*2無香14cm,1. 100%嬰兒棉表層觸感輕柔，棉片平整舒適不變形。,40577.0,516
4598549,植物肥皂140g*4顆(貼身衣物/嬰幼兒衣物)（*3盒，共12顆）,貼身衣物天天洗輕鬆除垢好沖洗天然環保安心洗,39932.0,134
7387776,巴黎萊雅 玻尿酸高效溫和 三合一卸妝潔顏水,全新 #超級玻尿酸 潔顏水,39920.0,80
7326616,玫瑰石能量沐浴~岩蘭草精油配方500g（能量波動系列任選兩瓶499元）,,39767.0,133
8148930,*有安全鎖的連續噴瓶一個100ml（空瓶，需自行填充）【加購品】,,39000.0,325
8504376,1028 唇迷心竅潤萃唇膏 (多款任選),細緻滑順奶霜質地，奢華綿密服貼雙唇，展現精緻光潤妝感。 ,38442.0,129
7213487,好自在氣墊棉秒吸抗黏10片日用28cm,革命性秒吸抗黏膩,38368.0,352
4843607,蜂王乳蜂蜜活膚晶100g (抗氧化緊緻+保濕配方/臉部及身體適用)（6顆組）,泡沫細緻，深層清潔洗完不緊繃，緊緻肌膚改善暗沉、保濕抗衰老,38092.0,107
8153871,白茶椿花抗菌沐浴精華露600g（中性肌適用）一瓶（沐浴任選兩瓶325元）,白茶香氛~,38025.0,169
7385241,蘇菲超熟睡內褲型衛生棉2片-XL (新舊包裝隨機出貨),360°Fit設計可以全方位防漏,37906.0,494
7685106,媚比琳36H極限持久激細抗暈眼線液-多款任選,眼線就要超持久X不脫妝X挑戰0.01MM超激細電眼極限! 造就全天超時完美眼妝!,37673.0,101
6436896,全新玉容亮白面膜-升級款（兩盒特價）共10片,妝前敷：調理肌膚油水平衡，水潤Q彈好上妝曬後敷：舒緩肌膚不適，安撫亮白肌膚每天敷：使肌膚水感保濕淨白。,37506.0,94
7048676,SEXYLOOK雙拉提面膜10入-多款任選,全天候建築肌膚的鎖水層，我的白 「水嫩Q彈」,37076.0,124
5569948,耕心田 心悅幸福精油滾珠瓶 10ml（玫瑰+尤加利+檸檬+天竺葵）單瓶（任選三件85折）,給予心靈幸福的力量,37076.0,124
8019860,嗜香氛HGP控油精油洗髮露300ml,"森林系迷人香氛:沉香醇百里香、杜松漿果、芳樟-清潔毛髮、深層放鬆。薄荷、桉油醇迷迭香、羅勒-能讓情緒自在放鬆。義大利永久花、紅橘-化解瘀滯的能量,讓脹痛的頭得到紓緩。晚香玉-補充頭髮水分，調理頭皮",37050.0,39
7355392,Relove馬甲纖so飲24包,Relove獨家七國專利配方有效擊破囤積,36960.0,22
8581461,1028 飛激長瞬翹防水睫毛膏 EX,激長EX-獨特筆直纖型刷頭，完美貼合眼型並深入睫毛間隙，搭配無重力超長纖維，刷出根根分明的激長睫毛。 ,36800.0,111
7312607,冰河水+EDI超純水 強保濕濕紙巾（80抽）一箱（24包）整箱出貨,ECOCERT認證加拿大冰河礦物水,36720.0,27
7291338,ettusais 艾杜紗 魔束捲翹睫毛底膏 6g (黑色),在日本彩妝界擁有無可取代的崇高地位,36612.0,98
6904220,環境友善的衣物柔軟精1000g-回流瓶*1（任選三件85折）,,36540.0,126
5418796,耕心田 活力精油滾珠瓶 10ml（薄荷+尤加利+檸檬）單瓶（任選三件85折）,草本植萃，源自天然的完美搭配,36478.0,122
7291344,ettusais 艾杜紗 絕不失手眼線膠筆 0.09g (多色可選),打造細致濃密線條與驚人持妝力,36414.0,102
4599591,乳木果油細緻身體乳液320g (深層滋潤配方)（任選三件85折）,蘊含高含量頂級有機乳木果油、有機燕麥油及可可脂、潤澤質地好吸收不黏膩，能有效滋養柔潤肌膚，預防肌膚乾燥粗糙老化。添加玻尿酸能長效保濕潤澤易乾燥的身體肌膚，使肌膚維持水潤Ｑ彈有活力。搭配維他命E、B3、B5能有效修護滋養柔潤肌膚，對抗肌膚老化，減少乾糙細紋皺紋，使用後肌膚光滑有彈性。,36354.0,146
8024855,【超值加價購】環保帆布袋（獨家訂製款）,｜環保帆布袋｜,36135.0,365
6445889,*全新玉容亮白面膜-升級款-單片*1片 無外盒【加購物】,妝前敷：調理肌膚油水平衡，水潤Q彈好上妝曬後敷：舒緩肌膚不適，安撫亮白肌膚每天敷：使肌膚水感保濕淨白。,36080.0,902
8047280,黛絲恩髮根緊緊防斷去結限量組,,35995.0,57
6424157,97%以上大自然成份 茶樹抗菌泡浴液600ml（三瓶特價）,因原白色瓶器數量不多，部份出貨會改用咖啡色瓶器喔~,35940.0,60
6706631,洗去身體的冷~ 雙薑沐浴露500g（兩瓶）,,35890.0,97
8587489,*卡片式噴霧式瓶50ml（空瓶，需自行填充）【加購品】,卡片式設計輕巧好帶,35880.0,920
5391464,好聞的防蚊噴霧100ml ，99%以上大自然來源 （兩瓶省110元）,精萃茶樹精油中4T,35880.0,92
7229777,高絲涵萃潤肌精全效面膜32入(312mL)/包,具有洗顏‧化粧水‧乳液‧美容液‧粧前保濕效果,35425.0,71
6769740,94%以上大自然成份的 藍風鈴芳香環境噴霧 300g（四瓶超超值）,可用於衣物/家中/辦公室/廁所/寵物/鞋子等,35360.0,34
7049922,DR.WU潤透光密集淡斑精華20ml,明星成分穀胱甘肽,35340.0,53
8263960,風倍清浴廁用防霉防臭劑7ml*2-(清新柑橘/柔和花香),全天候阻斷黴菌生長循環,35097.0,123
7442165,AHC超能A醛賦活緊緻精華30ml,"『超能A醛』激活年輕超進化,14天打造煥采亮澤青春美肌!",35000.0,28
4878090,耕心田 洗頭水 柑仔清爽控油340g（單瓶特價）（任選三件85折）,天然胺基酸與肥皂草潔膚成分，泡沫細緻且溫和清潔,34983.0,117
7063501,Perfect洗顏專科超微米深層潔顏乳120g,吸附毛孔內老廢角質，添加蠶絲蛋白精華，5倍超濃密泡泡,34980.0,220
7432135,Pharmaact無添加潔顏乳130g,4513574009103,34634.0,866
7046074,媚比琳新宛若真眉柔霧塑型眉膠筆,"獨特的眉膠幻化眉粉材質, 眉彩完妝瞬間展現蓬鬆輕盈的眉型",34620.0,157
7197423,99%以上大自然來源的小野花玫瑰美胸按摩油100ml（單瓶）,,34320.0,88
7091006,Za 旋轉眉筆 (多款任選),修飾眉型,34182.0,211
8256272,滑順不NG ~ 超持久眼線膠筆（單支）,採用Trimethylsiloxysilicate成膜防水矽油,34029.0,171
7426896,日本花王_新2蒸氣感舒緩眼罩12P薰衣草香,4901301348043,34003.0,131
7253660,妮維雅驅黑淨白精華凝乳320ml,3倍！白得深層！有效打擊黑色素,33864.0,136
4602588,玫瑰香氛亮白玉容散沐浴乳450g-明星最愛(中性肌)（3瓶）,精選15種漢藥秘方研製添加保濕玫瑰花水泡沫細緻不刺激,33660.0,102
7824272,小黑蚊怕怕~PMD檸檬桉葉防蚊液100ml~ 98.5%大自然來源成份（兩瓶）,無添加DEET（敵避成分）,33433.0,67
7213488,好自在氣墊棉秒吸抗黏12片日用24cm,革命性秒吸抗黏膩,33354.0,306
7469370,德國金鋁製專業面膜刷 (雙頭毛刷組),｜德國金鋁製專業面膜刷｜,33155.0,95
8174082,口感香甜甜❤️蜜桃漱口水500ml（含氟量220ppm）一瓶,無添加酒精,33060.0,114
7386093,【絕版加價購】黑松露金萃喚顏面膜,｜黑松露金萃喚顏面膜｜,32967.0,33
8536307,甩水輕盈湯浴包 全身暖呼呼（10g*6入） 多包更優惠,舒展緊繃,32890.0,110
7344968,寶貝嬰兒舒緩二合一(泡泡浴露)400g（單瓶）任選三件85折,不含化學人工香精、皂鹼不含石化界面活性劑、不流淚、不刺激,32864.0,158
7044713,凱婷 凝色柔滑眼線膠筆,耐皮脂 耐磨擦 速乾不易暈染,32783.0,103
7064636,萊雅三合一卸妝潔顏水 400ml-2款任選,添加法國玫瑰保濕精萃、法國高山泉水能深層潤澤肌膚,32763.0,67
7787884,MKUP 空氣感精華粉底液30ml (不含粉撲),1.輕透服貼,32487.0,49
8075447,微涼 消異味 玫瑰原精 花水牙膏 65ml（兩條）,木糖醇微涼配方,32430.0,47
7523180,P&G_Ariel超強潔淨4D洗衣膠球39P補,4987176062765,32079.0,111
4843542,玫瑰玉容活膚晶100g (有機玫瑰精露-增加保濕度/臉部及身體適用)（6顆組）,無患子清潔配方宮廷秘方玉容散，深度嫩白科技化奈米珍珠粉,32040.0,90
7476981,古寶藥妝 乾癢肌愛用 燕麥脂胺基酸沐浴慕斯400ml（兩瓶）補充瓶（沒有附壓頭喔！）,,31980.0,82
8216749,FINO高效滲透護髮膜300g限量,居家沙龍護髮專用內含7種美容頂級精華液,31938.0,142
7656170,凱婷 零瑕肌密柔霧粉底液(多色任選),"持粧一整天,柔霧粧,感粉底液",31599.0,79
4982206,植物舒緩-木醣醇牙膏(150g*4條),無患子含有高量的植物性皂素，是一種有清潔能力的植物性清潔成份。在化學清潔用品尚未發明時，傳統都會用無患子果實來做身體各方面的清潔，以無患子果實加上木醣醇做成的牙膏，溫和舒敏不刺激。保持口氣芬芳。每日用餐後及早晚固定使用並配合正確的刷牙習慣，可幫助預防口腔異味、幫助去除牙漬、潔白牙齒、清新口氣、保持口腔健康、清潔牙齒，對口腔健康有相當的助益。,31500.0,63
7344920,寶貝嬰兒舒緩洗髮精400g（單瓶）任選三件85折,不含化學人工香精、皂鹼不含石化界面活性劑、不流淚、不刺激,31200.0,150
7114668,蕾朵兒Ladoore 法式新娘薄款隱形內衣,玩美新娘的爆乳密技,31200.0,80
7624569,(箱購)iBEAUTY夜の美姬膠原飲50ml,添加修復必須營養素，找回少女自然肌,31200.0,16
7969121,好溫和的水潤潤私密清潔露250g（一瓶）95%以上大自然來源成份,95%以上大自然來源成分,31020.0,94
7308134,一家人益生菌抗痘美白沐浴乳500ml,天然起泡劑添加獨家細緻泡沫更添加潤澤美白維生素C、抗痘抗菌防護因子、保濕舒緩之尿囊素、年輕肌膚之星辰花萃取、pH5.5純中性配方適合全家大小使用,30845.0,155
7255216,靠得住草本抑菌衛生棉14片3入23cm(新舊包裝隨機出貨),Kotex 靠得住 草本抑 菌 乾爽新升級,30730.0,222
7957791,AHC超微導B5能量修護賦活霜50ml,【革命性修護因子 啟動肌膚修護力 全面舒緩外在刺激】,30720.0,24
7083620,蘇菲超熟睡內褲型衛生棉2片-L (新舊包裝隨機出貨),內褲型設計，全方位防漏,30642.0,408
7046082,媚比琳 黑眼圈擦擦筆6ml,獨特氣墊海綿，專為眼周脆弱肌膚設計，降低不必要的刺激與摩擦!,30627.0,123
6424149,97%以上大自然成份 茶樹抗菌泡浴液600ml（單瓶）（任選三件85折）,因原白色瓶器數量不多，部份出貨會改用咖啡色瓶器喔~,30411.0,109
7526562,古寶藥妝 熱感桑一下 身體舒緩凝膠100g（單瓶）,,30400.0,95
7261473,舒潔長包紙手帕10抽15入(包裝隨機出貨),紙質柔軟，適合柔嫩肌膚,30393.0,307
7355388,Relove瞬淨Ku溜零毛髮霜80ml,用最溫和的方式跟毛毛說再見！Relove獨家開發設計，使用非侵入性的方式，輕輕鬆鬆告別亞馬遜毛林！夏天嶄露自信唯一指定—瞬淨·Ku溜零毛髮霜,30363.0,37
7105773,薇佳微晶3D全能洗顏霜100g,富含30%胺基酸的超晶透泡泡，深層清潔毛孔髒污,30160.0,52
8151834,妮維雅潤膚乳液400ml-美白潤膚,5天擊退黑色素含50倍維他命C之卡姆果精華，終結黯沈提升明亮度,30039.0,111
7369121,耕心田 西西里檸檬去角質沐浴乳500g,耕心田美人系列任選兩瓶399元,29900.0,100
7069942,聯華萬歲牌開心果(原味)100g,果實渾圓飽滿，口感清脆爽脆,29726.0,334
7072831,角落小夥伴純水濕紙巾80抽-有蓋,可愛又能清潔的角落小夥伴濕紙巾採用掀蓋加上抽取式使用方便清潔又衛生,29547.0,603
7641006,白蘭香氛洗衣球23顆袋裝-多款任選,輕盈純淨的英式香氣 彷彿沉浸在陽光灑落的英倫庭園,29452.0,148
7053348,我的心機-玻尿酸保濕鎖水黑面膜8入,以「先淨膚再導入」翻轉肌膚概念，綻放淨透亮!,28704.0,96
7730706,BB 2%植物型神經醯胺透潤精華30ml,黃金比例高濃度，一滴滲入2%調理精華,28500.0,75
6278805,體味掰掰~ 森林系體香噴霧50ml（一瓶）（任選三件85折）,,28420.0,98
7046077,媚比琳FIT ME 遮遮稱奇遮瑕膏6.8ml,遮瑕打亮 一隻兩用,28310.0,95
7050169,Dr.Free Venus藝群-10%杏仁酸嫩膚精華露30ml,結合3重酸「杏仁酸、水楊酸及焦葡酸」,27925.0,68
7307658,SIMPLY日本專利益生菌30包,3600億活活性益生菌,27720.0,28
7611108,妮維雅純萃身體乳350ml-天然有機酪梨,98%天然成分: 符合國際標準ISO 16128,27575.0,275
7097875,優媚霜時尚魅力系列 #6.41巧克力棕色,首創 絕美霧光髮色,27547.0,73
7426898,日本花王_新2蒸氣感舒緩眼罩12P玫瑰花香,4901301348098,27512.0,106
7344956,舒緩寶貝嫩肌嬰兒清爽乳液250g（單瓶）任選三件85折,不含化學人工香精富含有機乳木果油、向日葵油添加有機甘草、小白花萃取,27456.0,132
7538600,古寶無患子洗髮450g-強健髮根咖啡因控油,無矽靈洗髮全新升級，特別添加日本洗淨成分，加強去除頭皮皮脂異味,27432.0,128
7053363,我的心機高效安瓶EX面膜4入-保濕補水,高滲透輕質美容凝乳精華,27344.0,256
7083581,日本絲花化妝棉80片(2入),絲綢表層細緻肌觸全面封口不留棉絮。,27158.0,316
7044759,花仙子克潮靈集水盒替換400ml*3,通過SGS無毒測試，使用更安心,27048.0,392
8014682,最具防護力的四級胺抗菌噴霧500ml（兩瓶）,由LONZA提供的實驗報告中，顯示有效抗菌！,27000.0,60
7440233,極品青春馬胎盤膠囊60粒,4930265000018,27000.0,3
7476962,古寶藥妝 乾癢肌愛用 燕麥脂胺基酸沐浴慕斯400ml（兩瓶）,,26880.0,56
7097873,優媚霜時尚魅力系列 #6.13奶茶棕色,首創 絕美霧光髮色,26849.0,71
7426899,日本花王_新2蒸氣感舒緩眼罩12P完熟柚香,4901301348036,26779.0,103
7053324,樂天小熊餅乾家庭號195g-多款任選,每口皆可享受香濃綿順的巧克力滋味，令人一口接一口!,26657.0,223
7924552,SOFINA漾緁勻亮控油調色隔離乳25ml,,26602.0,87
7088381,妮維雅極潤修護乳液400ml,2週斷絕乾癢難耐,26543.0,127
5382957,蔬果碗盤洗潔液-檸檬綠茶酵素補充包800g (去腥配方),檢驗通過國家CNS3800標準溫和不傷手符合食品用清潔劑標準,26520.0,221
7097876,優媚霜時尚魅力系列 #6.73亞麻灰棕色,首創 絕美霧光髮色,26470.0,70
8127353,MKUP 去你的瑕疵粉餅,商品特色,26010.0,45
6115317,*乾洗手噴霧90ml（75%酒精+植物精油+護手配方）單瓶【加購品】,隨身外出瓶，攜帶超方便,25942.0,238
7083939,Hair Recipe 髮的食譜 生薑蘋果防斷滋養洗髮露530ml,"生薑”防斷配方,蘋果“修護配方",25826.0,74
7122095,金緻護髮精油植萃精華100ml-多款任選,萃取薰衣草與甜橙精油，強大舒壓能量與深度潤澤，喚醒秀髮原生的美麗與強韌,25757.0,43
7044718,媚點 光透柔焦蜜粉,打造如棉花糖般膨彈美肌,25711.0,99
7708074,曼秀雷敦Acnes痘痘貼 金盞花添加 綜合型26入(新舊包裝隨機出貨),添加金盞花精油,25676.0,324
7279648,蕾妮亞極吸好眠香氛衛生棉8片3入夜30cm,療癒薰衣草香有助放鬆舒緩身心,25576.0,184
7902183,*自動給皂機（內容量350ml）【加購品】,,25560.0,71
7624541,(箱購)iBEAUTY極濃青春膠原飲50ml,5000mg珍稀海洋膠原蛋白，滿滿膠原喝的到,25350.0,13
7255220,靠得住草本抑菌衛生棉12片3入28cm(新舊包裝隨機出貨),Kotex 靠得住 草本抑 菌 乾爽新升級,25226.0,182
7059829,蕾妮亞零觸感特薄衛生棉超值量販組(16片x2包)-日用25cm(包裝隨機出貨),0.1cm超激薄x2倍吸收,25186.0,139
7507541,麗仕清新法式小蒼蘭香氛去屑洗髮精470g,"打造柔美光澤的秀髮,享受法式香氛縈繞髮絲的優雅魅力",25116.0,84
7305847,麗仕法式莊園橙花香氛柔順洗髮精470g,打造柔美光澤的秀髮，享受法式香氛縈繞髮絲的優雅魅力,25116.0,84
8158717,好自在熊抱安睡褲4片-XL,蜜桃形剪裁貼臀型,25012.0,148
7046083,媚比琳FIT ME空氣絲絨蜜粉,平滑毛孔，完美定妝，親膚卻不厚重，彷彿給肌膚空氣柔焦模式般，打造完美絲絨臉妝！,24879.0,71
7305848,麗仕浪漫法式玫瑰香氛豐盈洗髮精470g,打造柔美光澤的秀髮，享受法式香氛縈繞髮絲的優雅魅力,24518.0,82
7426931,日本花王_新蒸氣感舒緩眼罩12P森林浴香,4901301384621,24498.0,94
8014664,最具防護力的四級胺抗菌噴霧500ml（一瓶）,由LONZA提供的實驗報告中，顯示有效抗菌！,24360.0,87
8499605,heme 晶亮臥蠶筆 0.31g (多款任選),高持久維持妝效 細緻筆芯精準描,24231.0,119
7069350,靠得住草本瞬吸護墊24片2入17.5cm,加長型，專為經期前後設計,24219.0,351
7083592,蘇菲超熟睡彈力貼身衛生棉8片3入35cm,日本首創 超大蝴蝶扇尾,24186.0,174
7278921,高露潔抗敏感超微泡牙膏120g-兩款任選,"抗敏感超微泡科技,提供更好的刷牙口感及更佳的抗敏效果",24079.0,121
7915247,我的心機2%玻尿酸極效保濕精華30ml,Hydra PRO  史上最強保濕,24070.0,83
7271354,味彩綜合豆果子 14+1入 360g,"新鮮綜合豆類,搭配日式特調醬汁呈獨特酥脆風味",24040.0,120
7049868,BB 18%杏仁酸精華30ml,18%濃度精華液  | 進階調理  | 暢通毛孔，改善皮脂粉刺。,23895.0,42
7344964,寶貝小蘇打奶瓶蔬果清潔劑620g（單瓶）（任選三件85折）,不含化學人工香精、皂鹼不含石化界面活性劑、給寶寶無毒環境,23828.0,161
7538577,古寶無患子洗髮450g-活絡調理薑萃草本,無矽靈洗髮全新升級，特別添加日本洗淨成分，加強去除頭皮皮脂異味,23790.0,110
7053660,刷樂專業護理漱口水750ML-水蜜桃,約會必備!水蜜桃香氛 氣息不尷尬,23625.0,105
7105824,驅塵氏香氛環保清潔袋3入 - 多款任選,SGS檢測8倍耐破，強韌度超高,23621.0,299
7176579,肌研光透潤面膜6入-瞬效補水,"高效玻尿酸能提高含水量並柔軟角質,改善乾燥粗糙",23541.0,59
7310876,Gliss極致賦活修護髮膜300ml,來自海洋能量修護乾枯受損髮質,23520.0,49
7772711,好聞的防蚊噴霧600ml補充瓶 ，99%以上大自然來源,精萃茶樹精油中4T,23500.0,27
4982226,植物舒緩-木醣醇牙膏(150g*2條),無患子含有高量的植物性皂素，是一種有清潔能力的植物性清潔成份。在化學清潔用品尚未發明時，傳統都會用無患子果實來做身體各方面的清潔，以無患子果實加上木醣醇做成的牙膏，溫和舒敏不刺激。保持口氣芬芳。每日用餐後及早晚固定使用並配合正確的刷牙習慣，可幫助預防口腔異味、幫助去除牙漬、潔白牙齒、清新口氣、保持口腔健康、清潔牙齒，對口腔健康有相當的助益。,23490.0,87
7440258,DHC維他命C(30日份)60粒,4511413603741,23400.0,130
8532406,巴黎萊雅紅繃帶日霜10效奇蹟修護組,紅繃帶日霜 10效奇蹟修護,23364.0,36
7230154,高絲美顏定格持粧噴霧85ml,全新噴頭擁有更細緻水霧，形成均勻定粧護膜,23256.0,76
7307398,BB 30%杏仁酸精華30ml,"30%濃度精華液,重點保養,淡化印記,局部點綴加強保養!",23115.0,35
7176580,肌研光透潤面膜6入-極致水潤,"日本藍藻精華能形成360°長效鎖水網,將保養精華密封直達肌底",23042.0,58
7268534,INNEX植萃賦活 強健養髮精華液45ml,以歐美日專利CAPIXYL™.健髮胜肽，高效滲透科技於頭皮迅速吸收，有效感受髮根強健、秀髮豐盈,22977.0,23
7440132,全方位維他命PLUS 瑪卡錠 (男性專用)90粒,4966486600706,22800.0,19
7108429,艾瑪絲5α捷利爾頭皮淨化液(2%)260ml,"洗淨頭皮髮絲 ,淨化角質與調理頭皮健康",22750.0,65
7870022,(箱購)靠得住晚安好眠褲2片均碼*20入,透氣款棉柔材質,22475.0,25
8130086,KAFEN何首烏染髮膏Plus+ 400ml-咖啡棕,,22455.0,45
6556591,*可以連續噴兩秒的噴瓶一個（空瓶，需自行填充）180ml【加購品】,,22360.0,172
7882470,凱婷 進化版持久眼線液筆 EX3.0 (多款任選),進化彈力筆尖，簡單繪出自我風格,22224.0,76
7063289,媚比琳眼唇卸妝液70ml,質地清爽，敏感肌膚適用！,22201.0,114
7148903,蘇菲超熟睡內褲型乳木果油衛生棉2片-L,添加乳木果油成分，溫柔守護肌膚,22147.0,373
7030826,Q彈矽膠防滑肥皂架（單入）【加購品】*,,22135.0,233
8532403,巴黎萊雅活力緊緻積雪草修護奇蹟露組,NO.1濕敷精華水!,22066.0,34
7538598,古寶無患子洗髮450g-舒緩乾癢真正薰衣草,無矽靈洗髮全新改版上市!植物萃取與精油添加再升級!,22059.0,101
7049809,舒摩兒賦活美學浴潔露237ml-2款任選,首發私密益生元 原創專業領導,21903.0,47
7176577,肌研光透潤面膜6入-深層美白,"嚴選4重亮白精華、熊果素、傳明酸、菸鹼醯胺、甘草精華,能直達斑點根源,抑制黑色素",21845.0,55
7426897,日本花王_新2蒸氣感舒緩眼罩12P洋甘菊香,4901301348067,21754.0,84
7069939,聯華萬歲牌蜜汁腰果100g,嚴選加州酥脆腰果，低溫烘焙、鹽味調味，絕妙雙重口感及風味，健康指數也加倍,21716.0,244
7309242,Ariel 4D抗菌洗衣膠囊31顆袋裝-去漬,碳酸発想の極淨,21675.0,65
7083951,Hair Recipe 髮的食譜 米糠溫養豐盈洗髮精350ml,檸檬青檸香氛,21564.0,36
6661913,耕心田 舒緩按摩油100ml（耕心田按摩油任選兩瓶999元）,,21564.0,36
7064246,凡士林潤膚露400ML-3款任選,24小時*保持肌+O20:P21膚潤澤，迅速吸收，清爽不黏膩,21363.0,87
7044968,VONO味之素醇緻濃湯-多款任選,,21358.0,362
7344866,寶貝嬰兒舒緩沐浴露400g（單瓶）任選三件85折,不含化學人工香精、皂鹼不含石化界面活性劑、不流淚、不刺激,21216.0,102
7044736,凱婷 進化版極細持久眼線筆,極細杏仁型筆芯，不暈染掉色,21070.0,61
8037475,巴黎萊雅玻尿酸眼霜級撫紋精華霜30ml-紫熨斗PRO,全新普拉斯鏈PRO，2倍濃度!,20979.0,21
7049920,霓淨思極透光亮白淡斑精華30ml,NO.1亮白精華，7天有感透亮,20920.0,16
7754258,黑不溜丟弱酸洗髮皂 100g（兩顆）,【各種髮質使用頻率推薦】,20900.0,55
7179893,iBEAUTY動動卡控窈窕膠囊349mg*60顆,專利益生菌 改變細菌叢生態調整體質,20797.0,103
5389296,好聞的防蚊噴霧100ml ，99%以上大自然來源（任選三件85折）,★明星商品訂單量太大，出貨可能會晚一點喔❤️,20750.0,83
8118897,凡士林經典高純修護凝膠100g,護唇膏、腳跟龜裂、預防紅屁屁,20698.0,262
8569943,我的心機身體去角質250g-細緻亮白莓果C,代謝老廢角質拋光肌膚，同時為肌膚打造光滑細緻的健康光澤,20696.0,104
7817628,靠得住蘆薈高透氧護墊24片*4無香17.5cm,蘆薈精華表層,20570.0,242
7523182,P&G_Ariel微香潔淨4D洗衣膠球39P補,4987176062369,20519.0,71
5711208,耕心田 植萃舒 精油芳香噴霧100ml（真正薰衣草+甜橙+佛手柑）（任選三件85折）,適用於衣物、室內空間、寢具、鞋子、汽車內,20480.0,64
7090936,Za美白防曬霜EX 35g,粧前打底修飾膚色不均,20383.0,109
7083609,蘇菲超熟睡細緻棉柔6片41.5cm,日本首創 超大蝴蝶扇尾,20349.0,171
7094567,naturie薏仁清潤化妝水 500ml,富含保濕成分的化妝水，賦予肌膚水嫩潤澤，調整肌膚到更好的狀態。,20298.0,102
7403955,Pelican馬油潤澤美膚皂80g,4976631477916,20261.0,519
8090331,萊潔N95醫療防護成人口罩20入-海洋藍,獨家一萬等級無菌室規格工廠生產,20250.0,15
7047881,1028 放色線激穩抗震眼線液,激穩抗震，控暈持色 0.01mm激細筆尖,20152.0,61
7565319,水之印 健康浸透化妝水 220ml (清爽/滋潤兩款可選),打造健康肌膚，不分性別皆可使用！,20060.0,59
8499604,heme 無瑕持久遮瑕蜜 6ml,高遮瑕一抹隱形 輕盈水感不厚重,20014.0,82
7250655,樂品成人醫用口罩50枚盒裝-酷炫黑,高透氣,19900.0,100
7260564,白蘭超濃縮洗衣球27顆袋裝-強效潔淨,"\"\"\"台灣熱銷NO.1的洗衣品牌& 白蘭良好品質保證(&係根據台灣尼爾森市調2019年(不含全聯通路)，白蘭全系列為洗衣品類中市佔率第一)",19899.0,201
5113104,玫瑰柔潤沐浴露450g-性感香氣(保濕配方/中乾性肌)一瓶（沐浴任選兩瓶325元）,有機玫瑰花精露：維持肌膚水嫩。,19845.0,81
7198981,BIONEO百妮 白金魚子膠原胜肽保濕凝霜50ml,"以珍貴魚子抗老精華與各型膠原蛋白的彈力元素補充,搭配六胜肽作為撫紋功能,並以特殊白金微粒子為穩定載體,修護緊緻肌膚、淡化皺紋、立體式注水保濕,感受肌膚緊實有彈力的極致保養",19809.0,71
7165884,KissMe花漾美姬一刷睫淨睫毛膏卸除液,• 快速滲透超防水型睫毛膏，瞬間溶解卸除！,19584.0,72
7812758,KOSE涵萃 潤肌精 洗顏霜 粉潤雙星組,以雙掌輕柔搓揉產生綿密細緻的豐盈泡泡，溫柔地包覆肌膚並將毛孔中的皮脂髒污以及老廢角質徹底帶走洗淨。,19435.0,115
7143056,I’M MEME我愛口袋彩妝小方盒,一盒結合眼彩腮紅，輕巧好攜帶，外出神隊友,19393.0,43
7538599,古寶無患子洗髮450g-深層潔淨檸檬馬鞭草,無矽靈洗髮全新升級，特別添加日本洗淨成分，加強去除頭皮皮脂異味,19272.0,88
7327145,小白兔暖暖包24hr/10p/日文版,最高溫度65℃，平均溫度51℃,19182.0,138
7156962,(箱購)好奇純水嬰兒濕巾加厚型70抽-小熊維尼-18入,飲用級純水: 寶寶無負擔,19176.0,24
8189318,JIX三色遮瑕盤,✔️三色遮瑕盤 ✨ 美妝youtuber大推款,19140.0,33
7089832,ON THE BODY SPA沐浴600g-黑玫瑰以色列海鹽(新舊包裝隨機出貨),添加淨化能量：以色列死海鹽含多種礦物質調理淨化肌膚促進肌膚新陳代謝以及使肌膚恢復水嫩彈性細緻柔嫩泡沫有效促進角質更新打造滋潤柔嫩肌膚。,19136.0,32
7063580,霓淨思N3面膜8片-澳洲茶樹平衡淨化,保持肌膚水嫩,19074.0,136
7083614,蘇菲彈力貼身超薄潔翼12片4入夜用28cm,超瞬吸小孔表層,19040.0,136
4585961,LOTUS蓮花精華美容皂100g(植物多醣-保濕鎖水，荳荳肌指定/臉/身體)（買一送一）,2大神農獎得主攜手研發手工採集高濃度胎盤精華補充膠原蛋白，肌膚Q彈水嫩,18972.0,93
7385359,蘇菲超熟睡超薄乾爽瞬吸層14片3入28cm,"\"\"\"超柔軟乾爽瞬吸層，柔軟膚觸0摩擦",18904.0,136
8031117,MKUP超抗暈隕石眼線液筆,商品特色,18873.0,53
8539440,【廠商直送】(箱購)御衣坊純水濕紙巾80抽36入-三麗鷗澡堂款,質地棉柔舒適觸感溫和親膚,18870.0,21
7266240,【廠商直送-公司貨】SK-II PITERA精華體驗組,原廠公司貨,18850.0,13
7310879,Gliss極致賦活修護1分鐘髮膜200ml,來自海洋能量修護乾枯受損髮質,18837.0,63
7105678,我的心機黑面膜8入-多款任選,以「先淨膚再導入」翻轉肌膚概念，綻放淨透亮!,18837.0,63
7405185,品客洋芋片110g-多款任選,品客經典口味,18810.0,285
8080842,1028 我型我塑持色眉筆EX (多款任選),超進化：柔滑礦物色粉，顯色持久耐汗不結塊。,18576.0,72
7689786,Simple超能發光安瓶精華30ml-10%菸鹼醯,暗沉瑕疵疲勞救星,18569.0,31
7689813,Simple超能修護安瓶精華30ml-3%玻尿酸B5,缺水乾燥敏感救星,18569.0,31
7252271,Lenor衣物芳香豆補充包455ml-多款任選,日本銷量No.1衣物芳香品牌,18523.0,77
7083619,蘇菲超熟睡內褲型衛生棉2片-M (新舊包裝隨機出貨),內褲型設計，全方位防漏,18517.0,233
7307978,康乃馨醫療口罩一般耳帶30片盒裝-黑色,防塵、過濾細菌使用。,18447.0,143
7083135,施巴潔膚露1000ml,洗的保養品，洗臉沐浴一瓶兩用,18174.0,26
7059818,蕾妮亞超吸收褲型衛生棉5片,48cm超長吸收體：防護直到腰部,18165.0,105
7262425,麗奇3.5mm牙周對策牙刷-彈力細毛,"\"\"\"3.5mm刷毛長度符合牙齦溝槽深度，能深入清潔牙周，刷毛更有彈力，輕鬆按摩牙齦。",18138.0,462
8209696,曼秀雷敦頂級濃潤柔霜潤唇膏-完熟白桃,1. 水凝潤澤技術,18083.0,107
7113422,舒潔淨99抗菌濕巾10抽3入,添加乳木果油與蘆薈配方,18081.0,455
7294320,曼秀雷敦頂級濃潤柔霜潤唇膏3.3g-清酒,水凝潤澤技術：革命性技術使緊緊包覆雙唇的唇膏能不斷吸收空氣中水分，持續替唇肌補水，挑戰開架潤唇膏最長保濕力。,18046.0,224
8227562,DR.WU角鯊玫瑰果賦活精華油30ml,天然植物精萃複合油，獨特輕透盈潤質地，能深層修復肌膚，賦予青春能量，蘊含高濃度植萃角鯊烷，複合有機玫瑰果油、有機 摩洛哥堅果油及天然琉璃苣油，為肌膚補充必需脂肪酸和維他命因子，維持表皮屏障健康，強化肌膚防禦力，改善乾紋、粗糙、暗沉現象，使肌膚恢復光澤飽滿、彈潤淨透。,17990.0,10
7097414,生發75%清菌酒精液 500ml,衛部成製第016739號,17978.0,202
7664418,我的心機3%傳明酸阻黑煥白精華30ml,專攻「印記瑕疵」,17940.0,46
8100251,美舒律蒸氣眼罩5片-多款任選,美舒律 蒸氣眼罩 舒緩疲勞身心，隨時創造自我專屬休息時間,17850.0,85
7255222,靠得住草本抑菌衛生棉8片3入35cm(新舊包裝隨機出貨),Kotex 靠得住 草本抑 菌 乾爽新升級,17819.0,129
6115391,乾洗手噴霧100ml（75%酒精+植物精油+護手配方）單瓶（任選三件85折）,★目前噴頭均為白色短噴頭,17792.0,128
7322418,妮維雅密集修護乳液400ml,乳木果精萃油滲透肌理，有效補水滋潤，揮別乾裂問題,17791.0,99
7117673,碧菲絲特即淨卸妝棉46張-多款任選,乳酸配方軟化角質改善黑頭!,17766.0,94
7999340,Persil抑菌防螨洗衣凝露補充1.5L,尤佳利精華配方,17734.0,56
7664421,我的心機18%杏仁酸淨透煥膚精華30ml,深層淨嫩 / 粉刺終結 / 肌活新生,17700.0,30
8150049,手提收納包（防水大容量設計）,※手提收納包內不含保養品,17641.0,59
7048678,LOVEMORE豐台灣面膜5入-多款任選,,17641.0,59
8169274,Lovita愛維他兒童綜合維他命軟糖90顆,"每日1顆輕鬆補充維生素A,B,C,D,E, 葉黃素等10種營養",17640.0,18
7099528,提提研黑面膜5入-多款任選,除了提提研，全台灣你找不到第二塊一樣的布膜。,17636.0,86
7832795,P&G_Bold衣物柔軟4D洗衣膠球花香39P補,4987176062505,17629.0,61
7250940,康乃馨3D立體兒童醫療口罩30片-多款任選,衛部醫器製壹字第007858號,17460.0,97
8221598,NES cosmetics不暈不塌極細防水睫毛膏3.5g,NES睫毛膏主打不暈、不塌、防水、極細刷頭；長握柄的設計，讓你化妝的時候手指頭不抽筋，睫毛新手也能輕鬆掌握！沾黏眼皮、蟑螂腳等煩惱，皆可迎刃而解。,17442.0,38
7991772,KOSE涵萃 潤肌精 速效水潤明星組,洗臉後只要1瓶，使肌膚充滿緊緻濃密滋潤，立即實現零毛孔美肌的全效水凝霜。添加以最佳比例調製的高親膚性美容成分，洋溢清爽不黏膩的水潤感。,17284.0,58
7308020,康乃馨3D立體兒童醫療口罩30片-多款任選,衛部醫器製壹字第007858號,17280.0,96
7938593,吉．福．旺 平安富脂皂（三顆/盒）（兩盒超低特價）,,17280.0,36
7047869,1028服服貼貼遮瑕膏 (多款任選),高保濕．滑順質地好推不卡紋,17278.0,72
7665593,3CE九宮格眼影（多款任選）,從祕密花園汲取靈感的細膩組合，提升氛圍感必備！同時帶來熱情和溫柔的殘影，瀰漫在記憶中久久不散，讓人愛不釋手的九宮格系列，搞定你的日常約會妝容！,17235.0,15
7064268,凡士林護唇膏4.8g -兩款任選,自然配方,17228.0,292
7057407,樂品 無染洗臉巾100抽-雙效款(新舊包裝隨機出貨),寶雅熱銷top1 乾濕兩用洗臉巾，千萬人次肯定,17222.0,218
7049865,BB 6%維他命B3+水楊酸調理精華15ml,高濃度6％維他命B3可強化肌膚保濕性及防護能力，,17150.0,49
8075430,微涼 消異味 玫瑰原精 花水牙膏 65ml（一條）,木糖醇微涼配方,17150.0,49
7553495,瑪榭包臀型中腰無痕抗菌內褲,銀離子抗菌纖維褲底 全方面保護私密處,17117.0,113
7750780,媚比琳輕柔眼唇卸妝液150ml,質地清爽，敏感肌膚適用！,17114.0,86
7099513,我的心機安瓶EX眼膜5對入-多款任選,養潤白皙型植萃配方，嚴選4種植物、2種美容油並奢華添加三重高效驅黑煥白因子，密鎖高凝縮精華於眼周肌膚,17043.0,57
7088425,妮維雅霜250ml,來自德國，擁有百年護膚專業經驗,16995.0,90
7430531,我的心機 極輕柔細緻洗臉巾100抽-平織(產地:台灣/中國 隨機出貨),乾濕兩用超便利 WET & DRY DUAL USE,16993.0,261
7322493,萊雅三合一卸妝潔顏水-深層極淨型 400ml,添加法國玫瑰保濕精萃、法國高山泉水能深層潤澤肌膚,16966.0,34
7099529,提提研超級纖維面膜2入-多款任選,除了提提研，全台灣你找不到第二塊一樣的布膜。,16830.0,170
7665567,Celefit 蜜桃膚提亮素顏霜 70g,粉色光澤即刻提亮膚色，一瓶維持整天好氣色，任何膚色均能使用，而且主打一瓶多用，不但可以作為妝前打底使用，還可用於身體肌膚局部提亮！富含桃子萃取物、維他命原B5、乳酸桿菌、玻尿酸，有助於鎮靜肌膚，賦予肌膚保濕，展現偽素顏的自然蜜桃光澤感！,16772.0,28
8045891,【廠商直送】Prodigy波特鉅-按摩趴睡舒壓枕,一枕多用-趴睡、正躺及側睡,16766.0,9
7452607,肌研極潤抗皺緊實高機能乳霜 50g,濃潤乳霜質地將抗皺成分鎖在肌底，有效減緩細紋生成,16758.0,42
7381777,全日營養肌美妍膠原蛋白飲_食品_100mL_10入,4969726109656,16660.0,14
7310312,刷樂專業護理漱口水750ML-清新,CHG+CPC 雙重防護配方,16650.0,74
7179895,iBEAUTY動動速酵代謝膠囊487mg*60顆,"源頭打擊澱粉,減少糖化損害",16618.0,82
8179153,潘婷PRO-V高濃保濕髮膜12ml*8密集修護,"3層護膚黃金成分,深層補水填補秀髮空洞。",16590.0,42
7098795,我的健康日記 夜食酵素30入,超級4大分解酵素,16580.0,24
7083598,蘇菲超輕柔超薄護墊40片3入天然無香,日本開發天然柔織表層,16536.0,127
8118832,凡士林5.5%果酸精華煥膚身體乳250ml,開啟凡士林肌膚保養 微生態修護科學。,16521.0,29
8570649,我的心機高效安瓶EX面膜4入-多款任選,高滲透輕質美容凝乳精華,16445.0,55
7064281,凡士林專業低敏修護乳液 400ml,美國製造，無香料無酒精，24小時長效保濕,16405.0,35
7648575,Solone天生激纖長睫毛膏-多款任選,延展性高，完全包覆每一根睫毛，一抹打造天生自然纖長效果。,16390.0,55
7470346,巴黎萊雅活力緊緻積雪草修護奇蹟露 V2,高純度積雪草精萃,16225.0,25
7053323,LOTTE樂天蛋黃派10入-香甜草莓,採用新鮮雞蛋及低甜度蛋黃奶油等上等原料，外層是精緻蛋糕，內餡是濃郁的蛋黃奶油，無添加任何人工味精及防腐劑。,16209.0,163
7307721,善存3效順暢益生菌粉末顆粒40包,7種益生菌：幫助維持消化道機能,16131.0,19
7050164,Dr.FreeVenus藝群-撫紋精華乳-30ML,含艾地苯(Idebenone)、維他命B5 (Panthenol)、α-熊果素(α-Arbutin)、神經醯胺(Ceramide)、水解大豆蛋白(Hydrolyzed Soybean Protein Extract),16114.0,38
7823581,霓淨思極透光亮白淡斑精華15ml,NO.1亮白精華，7天有感透亮,16094.0,46
7598806,Relove胺基酸私密潔淨凝露聯名限量組合(柯夢波丹雜誌聯名),贈限量粉紅怪獸手洗精80ml,16083.0,17
8223916,FLORTTE 花洛莉亞 哇塞好細眼線液筆 (多色可選),療癒童話筆身 四色可選 符合少女心的期待,16038.0,81
7252089,媚比琳新FITME反孔特霧妝前乳,FIT ME底妝系列從國民粉底「反孔特霧粉底液」，到一上架就搶購一空的空氣絲絨蜜粉，可說是開架NO.1的底妝大家族！,16017.0,57
7049940,霓淨思積雪草B5修護純粹凝乳50ml,潤澤鎖水，肌膚柔嫩細緻,16000.0,16
8080843,1028 空氣定格粉餅EX,柔霧裸紗：絲緞般細緻粉質再升級，溫柔貼合並修飾肌膚紋理、柔焦毛孔，同時提升遮瑕力，呈現無瑕微霧妝感。,15980.0,50
8084519,一匙靈抗菌EX植萃低敏洗衣精補充1.5kg,超越日曬等級 99.9%除菌力,15974.0,202
7049890,霓淨思跑趴超貼妝保濕面膜4入,大幅度提升肌膚的含水量,15969.0,81
7280918,韓國isLeaf香氛順盈護髮油-茉氣十足100ml,改善各種秀髮受損困擾,15960.0,100
7664422,我的心機30%杏仁酸淨透煥膚精華30ml,淡化瑕疵 / 明亮光澤 / 密集煥活,15870.0,23
7055328,洗去身體的冷~ 雙薑沐浴露500g（五瓶優惠組合）,,15840.0,18
8265737,待刪除-小甘菊七隻小羊拉鍊包,獨家格林童話系列七隻小羊拉鍊包，聖誕節交換禮物首選。從手部護膚到唇部的滋潤還有無香與玫瑰花香，這個冬天一次滿足你。,15792.0,48
7151367,絲蘊洗護系列420ml-多款任選,絲蘊控油蓬鬆系列，萃取天然成分,15768.0,72
7047880,1028 超控油UV校色飾底乳 (多款任選),藍色 去黃透明 自然潤亮,15756.0,60
7105555,瑪榭 薄感無縫抗菌中低腰三角褲,輕薄透氣 自在乾爽,15752.0,88
7083590,蘇菲日本原裝超熟睡10片42cm,高2CM超貼身立體防漏測邊,15750.0,126
7430503,我的心機 極厚實柔軟洗臉巾70抽-珍珠紋,乾濕兩用超便利 ，凹凸表面輕易帶走髒污。,15665.0,241
7245851,惹我清爽吸油蜜粉3.5g,控油+保濕+防曬,15640.0,115
8169211,Lovita愛維他金盞花萃取物含葉黃素30顆,全美專業眼科醫師推薦專利成分,15640.0,23
8573369,I’M MEME我愛奶霜柔霧唇釉 2.8g,無重力奶霜柔霧唇添加乳木果油打造絲滑柔順霧面質地，搭配霜轉粉霧黑科技，上唇輕盈無感、完美遮蓋唇色，打造絕美柔霧唇！,15604.0,47
7157504,*抓粉力一流的柔絨蜜粉撲一個【加購品】*,,15600.0,390
7624542,(箱購)iBEAUTY美妍晚安飲EX 50ml,睡眠路徑全覆蓋，深度修復，睡出美容覺,15600.0,8
7931064,媚比琳 飛天翹防水睫毛膏 黑色,一刷睫毛立即逆天飛翹!,15561.0,39
8133925,【預購】愛馬仕瑰麗唇膏4g_30,9200000000533,15500.0,10
7542024,靠得住草本抑菌日薄23cm12片,微米幕斯表層/99%抑菌/天然植萃,15483.0,396
7268529,INNEX植萃賦活 強健養護洗髮精510ml,以歐美日專利CAPIXYL™.健髮胜肽，高效滲透科技於頭皮迅速吸收，有效使髮根強健、秀髮豐盈,15469.0,31
7664416,我的心機2%乙基維C驅黑亮白精華30ml,專攻「偏黑/易黑」,15370.0,53
7624545,iBEAUTY極濃青春膠原飲50ml,5000mg珍稀海洋膠原蛋白，滿滿膠原喝的到,15340.0,236
7722432,ALLIE 持采濾鏡調色UV防曬乳 40g-多款任選,臉部專用，潤飾膚色，粧前打底效果，一般卸粧產品即可卸淨,15330.0,21
7311650,Dr.HUANG舒緩精華液50ml,保濕潤澤舒適，特殊包覆精華質地，包裹住珍貴營養成分，滿足皮膚所需的保濕感,15300.0,17
7083949,Hair Recipe 髮的食譜 米糠溫養修護洗髮精350ml,生薑檸檬香氛,15275.0,25
8172782,多芬結構修護高效安瓶髮膜-8入(3ml+12g),可洗前使用: 髮質受損嚴重時 (去完海邊/游泳/染燙後)可先護後洗，提供受損髪預先保護避免內部結構的蛋白質營養流失，達到進階的修護效果,15249.0,51
7611107,妮維雅安心舒緩水潤霜300ml,富含尿素&維他命原B5成分  安心舒緩 修護敏感泛紅,15170.0,70
7048697,SEXYLOOK超級仙人掌膠囊面膜3入-多款任選,仙人掌夜光2大精華添加,15162.0,38
7318601,歐樂B 3D電動牙刷PRO3-粉色,兩分鐘計時器+日常刷牙模式,15160.0,4
7055459,Biore深層卸粧乳180ml,瞬效極淨卸粧配方，能深入毛孔，迅速溶出持久性彩粧及污垢,15137.0,105
7556210,【廠商直送】The Ordinary亮白杜鵑花酸乳霜30ml(公司貨),無香精添加,15120.0,36
7262069,喝了好放鬆GABA無咖啡因 野桑茶30g（2g*15包）一袋,台東池上桑葉採集製成,15080.0,52
7235031,舒芙蕾 隱形貼合背扣內衣,創新織法：採40針雙面針織，布料完全不脫紗、不翻捲,15035.0,31
7060829,護妍天使隱形痘痘貼30入-日用型(水楊酸添加),淨痘升級：吸收力大提升，快速制痘,14964.0,116
5113109,玫瑰香氛亮白玉容散沐浴乳450g-明星最愛(中性肌)一瓶（沐浴任選兩瓶325元）,精選15種漢藥秘方研製添加保濕玫瑰花水泡沫細緻不刺激,14945.0,61
7049953,DR.WU超逆齡修復精華霜50ml,極速撫紋抗皺， 7天緊緻80%,14900.0,8
7309243,Ariel 4D抗菌洗衣膠囊31顆袋裝-室內晾衣,碳酸発想の極淨,14895.0,45
7088374,妮維雅潤膚乳液400ml-美體緊膚,5天擊退黑色素含50倍維他命C之卡姆果精華，終結黯沈提升明亮度,14857.0,83
7762495,水舞成人醫療立體口罩10入-3款任選,經典黑白2色、煙燻霧系5色一次擁有!!,14756.0,124
7824270,小黑蚊怕怕~PMD檸檬桉葉防蚊液100ml~98.5%大自然來源成份（一瓶）,無添加DEET（敵避成分）,14700.0,49
7480162,全方位維他命C發泡錠10錠,4716140881169,14640.0,122
8172531,【廠商直送】Pingo Royal K9 Plus外噴式負離子加長電棒-多種規格任選,-特色-,14640.0,8
8127354,MKUP不唬爛持久睫毛打底膏,【不唬爛持久睫毛打底膏】,14637.0,41
7049944,霓淨思玻尿酸保濕滲透乳液50ml,新一代保濕科技結合神經醯胺與克拉瑪斯湖藍藻,14613.0,39
7053354,我的心機 ．身體去角質霜250ml-玫瑰亮白,告別老廢角質，迎接細嫩肌膚。,14527.0,73
7078062,泰國頭等艙梅子-還魂梅186g,泰國航空頭等艙迎賓零食,14469.0,91
7064473,曼秀雷敦AD高效抗乾修復乳液200g,添加甘草酸鉀 ，舒緩因乾燥引起的皮膚癢,14421.0,39
5369573,*洗臉卸妝水用的慕斯瓶一個（空瓶，需自行填充）【加購品】,,14400.0,480
7090140,高露潔三重功效牙膏160g(2+1入)(新舊包裝隨機出貨),• 防蛀堅固牙齒幫助減少牙菌斑在牙齒表面附著並預防蛀牙,14381.0,89
7064282,凡士林專業高效燕麥修復霜 200ml,獨家肌膚屏障修護科技，保濕鎖水,14376.0,24
7138225,巴黎萊雅金緻護髮精油-棕色款補充包90ml,深層滋養受損髮芯，讓秀髮恢復光澤與彈性。,14309.0,41
7049822,珂潤Curel潤浸保濕洗顏慕絲150ml,保濕機能造成負擔,14280.0,35
7055745,碧歐斯BIO金萃黃金精華露30ml,有效淡化並撫平細紋，調理肌膚油水平衡，恢復年輕時的自然透亮,14261.0,144
7044723,媚點 極上粉嫩保濕粉底霜,高保濕專櫃級粉底霜,14256.0,44
8219923,莉婕高效持色洗髮精500ml,日本時尚染髮品牌 專業研發-莉婕極致持色系列,14198.0,62
7047879,1028飛激濃瞬翹防水睫毛膏,開架No.1睫毛王 極淨濃密再進化 全日飛揚 UP輕密新感睫,14173.0,43
7055460,Biore深層卸粧油230ml,清新果香，使心情輕鬆愉悅,14159.0,71
7055462,Biore深層卸粧精華露230ml,卸後以清水沖淨即可，不須再使用洗臉產品,14129.0,71
7064436,曼秀雷敦Acnes抗痘凝膠18g,"含Isopropyl Methylphenol能深入毛孔底部抗菌, 有效抗痘",14070.0,67
7689076,霓淨思超爆水面膜5片-潤澤保濕,南美酪梨精萃，完美浸潤飽水肌,14053.0,47
8509273,VISEE 水光絢紗眼彩凍5g (多款任選),透感柔和底色閃耀多彩繽紛珠光，細緻光輝渲染光彩奪目雙眸,14040.0,39
8487869,凱婷 怪獸級持色絨霧唇釉 (7g),一刷幻化為輕盈柔霧質地，長效持續完妝色澤,14034.0,41
7089087,凱婷 零瑕肌密微光粉底液,高服貼 x 高遮瑕 x 零粧感,14017.0,35
7047902,1028輪廓羨修容餅,精緻小臉X三色修容X立體深邃,14006.0,47
7307447,霓淨思胜肽撫紋賦活眼霜40ml,精準撫紋 高效緊緻,14000.0,14
7044517,森田藥粧茶樹淨化深層卸妝棉55片,茶樹萃取除了卸妝亦可暢通毛孔、淨化肌膚,13992.0,88
7821700,巴黎萊雅金緻護髮精油-金色款,1.全新升級!裸感質地 不黏膩更清爽!   解決消費者髮油使用痛點！輕盈+16%! 手心不黏膩,13975.0,25
7907975,ROSE IS A ROSE零著感ZBra波浪套組-F,輕盈 無痕 透氣,13920.0,24
7098763,Dr.Huang保濕精華液 30ml,(Phytopresome CeraTM-V神經醯胺、胺基酸保濕因子)高濃度專利保濕成分，密集補水，解決肌膚乾荒危機,13920.0,24
7068836,MKUP賴床美白素顏霜30ML,紫根植物萃取及玫瑰，調和出粉嫩原色,13872.0,24
8100360,美舒律蒸氣溫熱貼4片-身體疲憊新對策,美舒律蒸氣溫熱貼 身體疲憊新對策,13860.0,66
7082428,美琪抗菌洗手乳700ml-玫瑰果萃,醫師推薦，實驗證明溫和有效抗菌,13825.0,155
7083584,蘇菲瞬吸加長護墊28片2入花香17.5cm,極致棉柔表層,13734.0,201
7964856,BB 4%神經醯胺修護精華乳30ml,高濃度4%複合神經醯胺採用Ceramide/AP、Ceramide/EOP、Ceramide/NP，全方位修護調理養潤肌膚。,13720.0,28
7404069,LOSHI天然馬油保濕潤膚乳液485ml,4936201102297,13674.0,86
8080737,ON THE BODY VEILMENT 珍珠煥白香水沐浴精600ml-麝香,隱約而持久的鳶尾花香與溫暖的麝香，猶如心愛之人舒適柔軟的擁抱,13652.0,28
7792291,樂敦金盞花萃取物葉黃素複方軟膠囊60粒,樂敦製藥獨家複方5合1 晶亮有感:,13583.0,17
7263818,媚點 美肌修色粧前乳(橘),膚色神提亮，１０秒清爽出門,13570.0,59
7049863,BB 6%維他命原B5+ 積雪草修護精華30ml,高濃度6％維他命原B5 浸潤肌膚同時形成保護膜,13566.0,36
7473045,Mdmmd安瓶精油身體乳475g-保濕緊膚,弱酸性配方溫和舒緩滋養肌膚,13510.0,40
7581406,萊潔N95醫療防護口罩20入-盒裝,汙染A級專用,13500.0,10
7689003,待刪除-巴黎萊雅超級青春澎彈發亮組,專為撫平全臉細紋設計的眼霜級精華霜,13485.0,15
7385261,蘇菲超熟睡細緻棉柔衛生棉14片3入28cm,"\"\"\"日本首創 超大蝴蝶扇尾",13483.0,97
8569651,愛康透芯涼感棉-檸橙派對(日用24cm/夜用28cm)(新舊包裝隨機出貨),獨家好芯涼 涼感芯片,13461.0,129
7105681,我的心機綜合超級莓果C亮白紅潤黑面膜8入,以「先淨膚再導入」翻轉肌膚概念，綻放淨透亮!,13455.0,45
7096725,我的心機 抗菌酒精濕巾20抽,四大品保認證布材更放心,13427.0,463
7064447,肌研極潤抗皺緊實多效凝露100g,3重緊緻抗皺成分，能有效撫平眼周唇邊小細紋，搭配按摩更能使肌膚平滑，線條更緊緻,13412.0,28
4585706,無矽靈植萃修護洗髮精露450g-馬鞭草薄荷 (中油性/頭皮問題)超級涼爽配方,來自大自然的無患子皂素，含有豐富的細緻泡沫，溫和不易刺激肌膚，達到深層清潔。,13410.0,90
8568512,【預購】雅詩蘭黛特潤超導全方位修護露100ml_2入,9200000000717,13400.0,5
7172643,沙宣16毫米負離子陶瓷直卷兩用造型器,直捲兩用，輕鬆打造出直髮、,13395.0,15
7380208,霓淨思高效保濕零觸感面膜體驗組三入,HA恆定保濕科技MIX，有效增加吸收度29.6%！,13365.0,135
7105769,薇佳速效抗痘調理潔面乳100g,溫和代謝老廢角質與深層淨化毛孔,13340.0,23
7425145,双養養氣防禦茶5gx20包,4710341329086,13300.0,19
7108659,飛柔免沖洗瞬效柔順護髮精華380g,"護髮免沖洗,柔順更簡單",13270.0,50
6876643,吉．福．旺 平安富脂皂（三顆/盒）（任選三件以上85折）,,13260.0,34
7098784,日本味王暢快人生奇異果精華版5g*30,榮獲FG特優評鑑，高達96%的滿意度肯定！,13197.0,29
7355390,Relove淨柔白桃私密美白賦活晶球凝露30ml,每一次按壓都是精華集結，阿爾卑斯山R²美白複合因子、澳洲雨林珍寶魚子萊姆萃取物添加，改善暗沉嫩白肌膚，回復亮白光彩。,13188.0,12
8541790,巴黎萊雅金緻護髮精油棕色2023限量組,全新升級!裸感質地 不黏膩更清,13131.0,29
7054592,日本味王維他命C1000口含錠60粒,"高含量，每日2粒含有1,000mg維他命C",13077.0,55
7064481,肌研極潤保濕乳液140ml,嚴選樂敦獨家乳酸菌發酵玻尿酸、玻尿酸、高效玻尿酸、水解玻尿酸，4重玻尿酸完美比例，改善乾燥粗糙問題，肌膚由內而外散發水潤光采。,13041.0,34
7624570,iBEAUTY夜の美姬膠原飲50ml,添加修復必須營養素，找回少女自然肌,13000.0,200
7061805,聲寶溫控加長型捲髮棒,LED液晶顯示,12980.0,11
7064475,肌研極潤多效精華水感凝露180ml,一瓶完成化妝水、精華液、乳液、面膜等保養步驟，只要一步輕鬆實現水潤保養,12974.0,26
8489715,【待刪除】白蘭香氛洗衣球23顆袋裝-質感小蒼蘭,輕盈純淨的英式香氣 彷彿沉浸在陽光灑落的英倫庭園,12960.0,112
7030836,Q彈矽膠防滑肥皂架（三個）,,12960.0,48
8100318,美舒律蒸氣眼罩12片-多款任選,約40˚C溫熱蒸氣，舒緩雙眼疲勞和身心緊繃感,12913.0,37
7049946,霓淨思玻尿酸保濕潤澤霜50ml,新一代保濕科技結合神經醯胺與克拉瑪斯湖藍藻,12898.0,16
7054589,日本味王蔓越莓口含錠(升級版)60粒,姐妹們口耳相傳，遠離坐立難安的私密法寶,12882.0,54
8154059,汪汪隊兒童醫療防護口罩20入-兩款任選,口罩國家隊康匠製作，搭配上精美印刷，帶的舒適又安心,12844.0,76
7461642,妮維雅超進化水潤護手霜75ml,深海礦物：超進化喚醒賦活肌理爆水能量,12816.0,144
7198997,Dr.Huang A醇活煥精華液30ml,"0.2％Ａ醇撫平細紋,緊緻毛孔,恢復肌膚彈性及防止肌膚衰老",12800.0,10
7055502,Biore深層卸粧棉補充包46枚,只要一片，潔膚卸粧一次完成，兩片效果更佳。,12754.0,113
7093813,箱購-麒麟午後紅茶500ml*24入-奶茶,使用具有豐厚而圓潤口感特徵的坎迪茶葉,12720.0,16
8573368,I’M MEME我愛星鑽光打亮霜 5.3g,1.高級感十足的細閃高光，透明帶有日月星辰的細緻光澤，一抹自然融入肌膚，打造澎潤仙女光！,12674.0,38
7312539,*冰河水+EDI超純水 強保濕濕紙巾（80抽）單包【加購品】,ECOCERT認證加拿大冰河礦物水,12600.0,168
7224595,AHC超能玻尿酸保濕肌亮乳霜50ml,突破性成分!極效透亮發光!,12580.0,24
7098713,Avene 雅漾舒護活泉水買大送小組300ml+50ml,有效舒緩肌膚敏弱不適,12579.0,21
7098757,TUNEMAKERS富勒烯全面修護原液10ml,日本R.S. 等級濃度富勒烯,12578.0,11
7729529,我的心機積雪草分子酊保濕黑面膜6入,"【積雪草+分子酊】雙效成分,深層保濕補水,修護乾燥不適",12558.0,42
7624543,iBEAUTY奢光雪姬亮妍飲50ml,12種莓果抗氧精華，晶透亮白,12545.0,193
7403856,Loshi新天然馬油保濕潤膚乳霜220g,4936201104260,12545.0,107
7049883,DR.WU 8%杏仁酸溫和煥膚精華15ml,專為乾燥及敏感肌量身打造,12540.0,21
7059838,蕾妮亞零觸感特薄衛生棉14片*2涼25cm,0.1cm超激薄x2倍吸收,12475.0,67
7447698,巴黎萊雅玻尿酸高效瞬護8秒水髮膜,革命性！8秒水髮膜,12456.0,24
7064458,曼秀雷敦Acnes痘痘貼-極致薄綜合型54入(新舊包裝隨機出貨),"採用親水性敷料, 能有效吸收分泌物, 加速青春痘復原",12425.0,75
7502869,霓淨思極透光淡斑精華1+1加贈組,每分鐘賣出1.3瓶*，口碑狂推的淡斑精華！,12420.0,9
7243360,舒芙蕾 零感魔滴果凍內衣,果凍膠條：使用多種樹脂貼合技術製成，半液態果凍，熱壓記憶胸型,12390.0,21
7123535,霓淨思N3熊果素美白淡斑保濕面膜6片,高效傳導-有效成分瞬效吸收,12379.0,121
7088638,Biore淨嫩沐浴乳1000g-浪漫櫻花香,柔和浪漫的櫻花香氛，沉浸如春日裡瀰漫的愉悅舒心,12371.0,89
8185812,巴黎萊雅金緻護髮精油玫瑰精華補充包90ml,全新升級!裸感質地 不黏膩更清,12369.0,31
7889875,1028 輕珠寶限量四色眼彩盤 (多款任選),精選綿柔霧面與混色亮片，搭配獨特半熟微眼蜜質地，服貼顯色、絕美高閃、加倍持妝。,12366.0,54
7581770,【廠商直送】ASHIYA超級肌因活膚霜50ml,日本壽酒酒粕酵母,12348.0,21
7064474,曼秀雷敦AD高效抗乾草本修護乳液200g,添加甘草酸鉀 ，舒緩因乾燥引起的皮膚癢,12347.0,33
8116078,靠得住蘆薈高透氧護墊24片4入沐浴香17.5cm,蘆薈精華表層,12325.0,145
7049935,DR.WU玻尿酸保濕精華液30ml,銷售百萬 經典好口碑,12320.0,11
7278904,DARLIE好來全亮白牙膏140g*2-多款任選,3D全方位亮白牙齒,12317.0,113
8522649,熊寶貝多效護衣芳香豆350ml-藍風鈴X白麝香,衣物專屬香水- 【藍風鈴X白麝香】 輕柔純淨花香,12208.0,80
7050135,I'M MEME我愛控油毛孔柔焦蜜粉餅,控油效果升級，油光毛孔通通完整吸附,12189.0,49
7098762,Dr.HUANG保濕乳液75ml,富含玻尿酸，立即補充皮膚水分，瀅亮水潤,12180.0,21
7655483,Elastine胺基酸護髮油150ml-白玫瑰x牡丹,1.  添加毛鱗修護成分,12165.0,45
7063492,露得清深層卸妝乳200ml,徹底卸除全臉彩妝，毛孔零負擔潔淨配方，輕輕搓揉就能軟化各式彩妝，不易刺激皮膚。,12139.0,61
7046067,媚比琳濃捲風防水睫毛膏升級版9.2ml,強效防水、抗汗、抗淚,12115.0,52
7077000,大頭叔叔爆米花200g-多款任選,罐裝 撕開鋁模即可吃,12040.0,134
7307712,善存葉黃素20毫克60錠,"FDA認證葉黃素,萃取自天然",11985.0,15
8530713,P&G_ArielProClean超淨力4D洗衣膠球55P補,4987176123572,11976.0,24
8519985,美舒律蒸氣眼罩暖兔迎春禮盒15片裝,彈性耳掛設計，舒適貼合,11970.0,30
7046075,媚比琳武士道塑型眉筆,獨特武士刀筆尖描繪超擬真毛流，最難畫的纖細眉尾都能輕鬆勾勒。,11956.0,61
7083940,Hair Recipe 髮的食譜 生薑蘋果防斷滋養潤髮乳530ml,"生蟹”防斷配方, 蘋果“修護配方",11916.0,34
7864360,日本獅王趣淨洗手慕斯250ml-清爽柑橘,添加IPMP抗菌成分，有效洗淨髒污細菌,11907.0,63
8269548,【廠商直送】(箱購)櫻桃小丸子 抽取式衛生紙-90抽x8包x10串,MIT 台灣製造,11880.0,12
7213485,好自在氣墊棉秒吸抗黏10片2入(日用28cm),革命性秒吸抗黏膩,11873.0,67
7473044,Mdmmd安瓶精油身體乳475g-水嫩透白,弱酸性配方溫和舒緩滋養肌膚,11866.0,34
7050173,Dr.FreeVenus藝群複合果酸洗面乳-150ml,含茶樹萃取、乳酸、花果酸,11804.0,24
7940336,靠得住草本抑菌衛生棉13片3入26cm (新舊包裝隨機出貨),獨家海洋精華抑菌99%,11783.0,85
8118752,【廠商直送】(箱購)櫻桃小丸子純水柔濕紙巾80抽12入,純水0刺激,11760.0,20
7097871,優媚霜時尚魅力系列 #5.6楓糖紅色,首創 絕美霧光髮色,11749.0,31
7105815,驅塵氏超黏拖補充包16cm(60張/3入),新科技黏紙，強力黏起髒污顆粒,11722.0,118
7059831,蕾妮亞零觸感特薄衛生棉7片3入夜用35cm,0.1cm超激薄x2倍吸收,11701.0,64
7053656,刷樂全效護理漱口水750ml,CHG+CPC雙防護配方,11700.0,52
7059828,蕾妮亞零觸感特薄衛生棉超值量販組(20片x2包)-日用22.5cm,0.1cm超激薄x2倍吸收,11687.0,65
7265775,倍麗兒7效蜂膠牙膏120g-兩款任選,韓國國民牙膏7種機能一次擁有(幫助改善口腔健康/幫助去除牙垢/預防口腔異味/幫助預防蛀牙/幫助去除牙菌斑/亮白牙齒/降低牙周病發生率)配合正確刷牙習慣幫助並維持牙齦(組織)健康。,11681.0,109
7088651,Biore淨嫩沐浴乳-優雅山茶花香 1000g,水漾優雅的山茶花香氛，享受如冬日盛開的清新芳美,11676.0,84
8522339,熊寶貝多效護衣芳香豆補300ml-藍風鈴X白麝香,衣物專屬香水- 【藍風鈴X白麝香】 輕柔純淨花香,11662.0,58
7385442,蘇菲超熟睡草本抑菌衛生棉超薄11片35cm,天然草本抑 菌99%,11600.0,80
7055732,碧歐斯BIO金萃黃金精華露100ml,有效淡化並撫平細紋，調理肌膚油水平衡，恢復年輕時的自然透亮,11571.0,29
7064442,肌研極潤抗皺緊實高機能乳液140ml,雙重抗皺賦活因子，完美結合彈力蛋白與膠原蛋白，由內而外提升肌膚彈性，撫平細紋。,11571.0,29
7083583,蘇菲瞬吸加長護墊28片2入無香17.5cm,極致棉柔表層,11570.0,171
7280922,韓國isLeaf香氛順盈護髮油-木質依蘭100ml,改善各種秀髮受損困擾,11548.0,72
7111433,ACE法國艾香軟嫩蜜棗乾250g,"特選法國Agen產區頂級品種,完封包裝進口",11520.0,36
7538597,古寶無患子洗髮450g-固色修護奧圖玫瑰,無矽靈洗髮全新升級，特別添加日本洗淨成分，加強去除頭皮皮脂異味,11487.0,53
8004368,Persil淨垢護色洗衣凝露補充1.5L-薰衣草,纖維抗菌99% 含百萬去污分子,11484.0,36
8185808,巴黎萊雅黃金胜肽高效修護髮膜250ml,革命性！黃金胜肽髮膜!,11477.0,23
8228009,肽研生醫RDx玻尿酸30日份,獨家唯一 玻尿酸液態膠囊,11477.0,23
7567886,VOLA X 艾爾絲4D成人醫用口罩10入-多色任選,4D設計，全面包覆性高,11448.0,72
7198971,BIONEO百妮  玻尿酸精純原液50ml,"微脂質包覆大小分子玻尿酸,藉由油質相容原理,向底滲透,讓肌膚明亮動人,重現嬰兒般的彈性；並改善表皮粗糙,達到長效保濕、深層鎖水,自然呈現水嫩彈性好膚質",11439.0,41
7961474,【廠商直送-平行輸入】ESTEE LAUDER 雅詩蘭黛 特潤超導年輕修護組,內容物:,11436.0,3
7088649,花王洗髮精750ml-兒童專用,專為兒童設計，配方溫和不易刺激，給秀髮溫柔呵護，潔淨舒爽,11421.0,90
7098748,TUNEMAKERS角鯊烷保濕修護原液20ml,修護皮脂膜,11390.0,17
7047883,1028pH7.5深層清潔眼唇卸妝液EX版90ml,EX新升級 秒完卸超強卸除力,11381.0,99
7330350,舒特膚極緻全護低敏防曬霜50ml,SPF50+、UVA防禦系數28、PA++++,11381.0,19
8547071,貝膚黛瑪舒敏潔膚液500ml-贈純棉化妝棉,溫和潔淨：獨特Micelle Technology膠束科技，兩性特殊結構親水及親油分子，清潔臉部彩妝與髒汙，調理肌膚油水平衡。,11381.0,19
7050162,Dr.FreeVenus藝群-Q10胺基酸洗面乳-150ML,含Coenzyme Q10、檸檬酸(Citric Acid)、甘草萃取液(Licorice Extract)、蘆薈萃取液(Aloe Extract),11373.0,36
7097874,優媚霜時尚魅力系列 #6.17煙燻藍綠色,首創 絕美霧光髮色,11370.0,30
7094435,森田藥粧馬油腳跟防裂霜100ml,針對足部特性能補充油脂及養份,11343.0,57
8080742,ON THE BODY VEILMENT 珍珠煥白香水沐浴精600ml-柑橘,清新的綠葉香氣與優雅清爽的柑橘香調，猶如悉心呵護的溫暖懷抱,11336.0,24
7047878,1028精算師持色細眉筆 (多款任選),精繪毛流x細塑柔霧x立體持久 極細筆頭 精緻描繪塑型,11316.0,76
7426903,日本花王_新2蒸氣感舒緩眼罩12P清爽薄荷,4901301348159,11310.0,30
7212453,DR.WU超完美保濕DD霜SPF28+40ml自然,超保濕水感劑型，長效保濕 X 水嫩透亮,11286.0,18
7059832,蕾妮亞零觸感特薄衛生棉6片3入夜用40cm,0.1cm超激薄x2倍吸收,11279.0,65
7664420,我的心機10%杏仁酸淨透煥膚精華30ml,平衡修護 / 掃除油光 / 細緻毛孔,11270.0,23
8221561,BB 3% A醇微脂囊青春精華15ml,精純A醇衍生物，幫助老廢角質汰換，可抗皺撫紋、緊緻毛孔。,11270.0,23
7355812,飛利浦高效能電池式除毛球機-多色任選,大型刀片表面可一次覆蓋更大的衣物面積，只要來回幾次，就能讓衣物煥然一新。,11252.0,29
7428230,【廠商直送】SHISEIDO 百優精純乳霜75ML(平行輸入),減緩肌膚老化,11250.0,5
7096104,克潮靈環保除濕桶補充包350g*3入小蒼蘭,無聲除濕機，除濕看的見,11237.0,203
7330372,舒特膚BHR淨白調理安撫霜50g,"溫和淨白科技GentleBright Technology:海百合萃取、菸鹼醯胺完美複方直達肌底,淡化色斑、減少黑色素生成與堆積,勻稱膚色",11227.0,13
7091016,水之印高機能緊緻抗老化妝水200ml,讓肌膚迅速回復彈力、緊實，蛻變為充滿光采亮澤的年輕肌膚。,11209.0,27
8522358,熊寶貝多效護衣芳香豆補300ml-法國玫瑰X茉莉,衣物專屬香水- 【法國玫瑰X茉莉】 溫柔質感玫瑰香,11206.0,58
7113423,舒潔女性專用濕式衛生紙40抽2入(新舊包裝隨機出貨),通過敏感肌測試成分安全,11205.0,83
8504591,待刪除-中衛醫療口罩30片-冀望雪花,不同樣貌型態雪花圖樣設計,11200.0,32
7786551,【廠商直送】KS-蠶絲專利美胸繡花調整型內衣,專利蠶絲親膚舒適,11200.0,14
8004283,DR.WU玻尿酸保濕修復精華液 30ML,全新高濃度玻尿酸保濕修復精華液，運用第六代智慧型玻尿酸水循環科技，結合大、小、微分子玻尿酸、玻尿酸循環因子及啟動因子，從源頭進行鎖水、補水、造水、活水及聚水，長效深層保濕、潤澤肌膚，使肌膚柔嫩細緻，維持肌表屏障健全。另添加菸鹼醯胺(B3)、維他命原B5及三重神經醯胺，有效鎮定舒緩肌膚不適、修復受損屏障，提升肌膚對環境傷害的防護力。,11200.0,10
7089047,KISSME 花漾美姬 超！持久極細抗暈眼線液筆,0.1mm 極細超柔軟彈力手紮筆頭,11190.0,30
7523669,全日營養肝精薑黃精華錠30粒,4960867007559,11184.0,16
8047369,Biore淨嫩沐浴乳300g 英國梨與杏桃花,含綠茶、茶樹、尤加利菁華及抗菌成分的弱酸性配方，溫和抗菌，私密處也可安心清潔，並洗淨身體惱人異味,11163.0,227
7105552,瑪榭 薄感無縫抗菌中高腰三角褲,輕薄透氣 自在乾爽,11144.0,56
7050176,Dr.FreeVenus藝群緊緻亮白水嫩凝膠30ml,含A醇(Retinol)、菸鹼醯胺(Niacinamide)、植物神經鞘胺醇 (Phytosphingosine)、金縷梅萃取(Witch Hazel Extract)、甘草萃取(Licorice Extract)，可改善膚色不均、白皙膚色，改善肌膚粗糙、調理膚質。,11125.0,29
7044704,凱婷 3D造型眉彩餅 (EX10、EX11),熱銷2000萬個的殿堂級商品,11122.0,34
7443146,mod’s hair Smart32mm全方位智能直/捲,"\"\"\"無間隙設計，消除底部間隙，夾緊髮束，髮絲不易滑落",11060.0,7
7553481,瑪榭包臀型低腰無痕抗菌內褲,銀離子抗菌纖維褲底 全方面保護私密處,11046.0,74
7054680,Miss Seesaw月月私語精華飲25ml7入,"每瓶含有25顆黑棗精華與鐵質,葉酸",11040.0,24
7323212,【廠商直送】8ight Stella- 薄剛 偏光摺疊太陽眼鏡圓框-灰,一秒變小臉 修飾度超強,11040.0,3
7064643,萊雅活力緊緻抗皺緊緻修護晚霜 50ml-2022版,針對亞洲女性最在意的8大老化問題,11033.0,17
7096106,克潮靈環保除濕桶補充包350g*3入,無聲除濕機，除濕看的見,11018.0,196
7298776,蕾妮亞零觸感特薄衛生棉日用8片25cm,0.1cm超激薄x超能吸,11016.0,306
7162186,優生口手臉柔潤濕巾20抽,pH值弱酸性配方：貼近正常肌膚的pH值。,11013.0,459
7049826,珂潤Curel潤浸保濕深層乳霜40g,蘊含潤浸保濕Ceramide成分*及桉葉精華。,10976.0,14
7053315,立頓奶茶量販包20入-多款任選,從小到大 記憶中的立頓,10926.0,84
7970157,30年快樂老茶樹GABA茶包（2.8公克×20入）三包最划算,,10890.0,11
7600071,美麗佳人醫療成人口罩30入-多款任選,,10886.0,54
7198976,BIONEO百妮 杏仁酸20%美白元素50ml,"多種複合高科技成分,杏仁酸20%、白金  膠體水解蠶絲、白藜蘆醇、及白松露萃取等,質地細緻與肌膚高度親脂性作用,有效吸收滲透到達肌膚底層,漸進式細緻毛孔,讓肌膚透出健康自然的亮白光采",10881.0,39
7049937,DR.WU杏仁酸毛孔緊緻化妝水 150ml,完勝毛孔問題，肌膚細緻又柔嫩！,10844.0,18
7722825,逸萱秀瞬效豔澤護髮膜膠囊組12g*4入,【毛鱗片屏護科技】,10843.0,157
7440343,衛采俏正美BB膠原錠120錠,4987028115847,10800.0,12
7440128,全方位維他命PLUS 血紅素鐵錠 (女性專用)90粒,4966486600690,10800.0,9
7811082,萊潔N95醫療防護成人口罩20入-曜石黑,獨家一萬等級無菌室規格工廠生產,10800.0,8
7440235,優清DHA精華魚油膠囊180粒,4562156732021,10800.0,6
7049907,DR.WU玻尿酸保濕精華化妝水150ML,業界唯一，日德法保濕專利,10782.0,18
7049916,DR.WU玻尿酸保濕精華化妝水(清爽型)150ML,業界唯一 日德法保濕專利,10782.0,18
7224593,AHC超能玻尿酸保濕肌亮乳液100ml,"含超能玻尿酸,強效保濕,完美比例4:2:4",10782.0,18
7915385,我的心機10%積雪草賦活鎖水精華30ml,Hydra PRO  史上最強保濕,10780.0,22
7083883,麗仕髮補給角蛋白胺基酸洗髮精450g,含黃金比例複合式胺基酸補給髮絲根本幫助重塑柔順、光澤彈潤的秀髮質感。,10764.0,36
8276813,ON THE BODY SPA沐浴600g鼠尾草以色列,含視黃醇、玻尿酸納等肌膚保養精華，促進角質更新代謝，恢復生機，維持肌膚柔嫩感。,10764.0,18
7598858,*染髮霜的配件（黑梳／白梳）【加購品】,,10740.0,537
7049917,霓淨思近距離美肌調理面膜4入,紫草萃取舒緩修復功效,10707.0,43
7298766,蕾妮亞極吸好眠衛生棉夜用6片3入35cm(新舊包裝隨機出貨),極吸倍x極貼身形,10692.0,108
8179250,潘婷PRO-V高濃保濕髮膜12ml*8強韌防斷,"3層護膚黃金成分,深層補水填補秀髮空洞。",10665.0,27
7044703,凱婷 3D時尚眉彩膏 (多款任選),高顯色 持久不易掉色,10608.0,48
7254441,沙威隆抗菌沐浴露1000ml-茶樹萃取,源自英國 抗菌第一品牌,10578.0,82
7148924,蘇菲超熟睡內褲型乳木果油衛生棉2片-M,添加乳木果油成分，溫柔守護肌膚,10574.0,176
5711227,耕心田 植萃淨 精油芳香噴霧100ml（甜橙+佛手柑）（任選三件85折）,適用於衣物、室內空間、寢具、鞋子、汽車內,10560.0,33
7098767,Dr.HUANG舒緩乳霜55ml,舒緩皮膚問題，解決泛紅、乾癢、修護表層，保濕表皮層，建構角質屏障，使皮膚具有防禦力,10560.0,16
7306484,DR.WU超逆齡多肽修復精華30ml,結合『六胜肽 X 三+四複合胜肽 X 四胜肽』的提顏複合配方,10560.0,8
7050131,I’M MEME我愛水凝雪酪氣墊粉餅,水份精華率達60％，有效補充面部保濕效果,10552.0,15
7105418,棉花共和國 舒適合身彈力平口褲2入-顏色隨機出貨,瞬間涼感，透氣散熱，涼感暢快,10547.0,53
7624546,iBEAUTY美妍晚安飲EX 50ml,睡眠路徑全覆蓋，深度修復，睡出美容覺,10530.0,162
7290666,潘婷Miracles柔亮護色膠囊髮膜洗護組,,10528.0,32
7593964,米森好菌搖搖有機兒茶素綠茶2g*14入,BC孢子型益生菌 X 濃翠綠茶香,10528.0,32
7183490,蘇菲極淨肌原生棉18片4入量少型17.5cm(新舊包裝隨機出貨),嚴選天然無漂白素材，六大無添加，通過世界權威Dermatest認證，親膚少刺激更安心,10525.0,75
7089831,ON THE BODY SPA沐浴600g-薰衣草以色列海鹽,添加淨化能量：以色列死海鹽含多種礦物質調理淨化肌膚促進肌膚新陳代謝以及使肌膚恢復水嫩彈性細緻柔嫩泡沫有效促進角質更新打造滋潤柔嫩肌膚。,10525.0,18
7440351,【福利品】ReFoule新名人乳酸菌粉1.5gx72P,4523516115427,10495.0,5
7581769,【廠商直送】ASHIYA肌因活細胞安瓶14入/盒,日本ASHIYA及美思滿研發,10485.0,15
7083612,蘇菲超熟睡乾爽網層6片41.5cm,日本首創 超大蝴蝶扇尾,10472.0,88
7097818,型色家植萃添加護髮染髮霜-628霧感星空紫,免漂髮也能染出霧感髮色,10470.0,30
7641162,【廠商直送】AMADANA IH二代電子鍋STCR-0203,全觸控式面板,10470.0,3
7385404,蘇菲超熟睡超薄乾爽瞬吸層8片3入35cm,"\"\"\"超柔軟乾爽瞬吸層，柔軟膚觸0摩擦",10425.0,75
7277382,來復易輕微漏尿用清爽棉墊6片安心型,咻!超瞬吸 追求0外漏,10422.0,150
7068837,MKUP 遮起來水潤防曬素顏霜SPF23★★★30G,天然的鳶尾花、玫瑰雙重植萃，達到加倍潤色,10404.0,18
7355391,Relove益妍莓后蔓越莓益生菌30粒,Relove益生菌— Vita Cran益妍莓后 美國DDS-1專利 蔓越莓益生菌,10360.0,7
7212454,DR.WU超完美保濕DD霜SPF28+40ml明亮,超保濕水感劑型，長效保濕 X 水嫩透亮,10355.0,16
8561607,INTEGRATE 柔焦輕透美肌粉底液限定贈粉底刷組 30mL(兩色可選),#清爽不黏膩 #絕美水光薄膜,10353.0,29
7091025,水之印全能5D美白彈力霜90g,專櫃級的美白呵護，潤澤透明感+色斑對策，斑點可厚敷,10353.0,21
8549248,MKUP 翹翹黑天鵝睫毛膏,濃密感升級，如黑天鵝展翅般濃長翹！,10341.0,27
7044879,小甘菊手足龜裂修護霜75ml,"絲絨般溫和的觸感,解決手足、關節處粗糙的問題,吸收快速親膚性佳,深入龜裂處每個角落",10332.0,42
8588767,P&G_Bold衣物柔軟4D洗衣膠球薰衣草28P補,4987176108951,10332.0,28
7596486,艾惟諾薰衣草香氛舒緩沐浴露-532ml,益菌生燕麥添加，清潔同時舒緩乾燥、滋潤乾敏肌 揉合薰衣草、洋甘菊與伊蘭香氛，幫助放鬆與舒緩肌膚,10332.0,28
7480163,全方位維他命防護配方發泡錠10錠,4716140881176,10320.0,86
7294321,曼秀雷敦頂級濃潤柔霜潤唇膏3.3g-梅酒,水凝潤澤技術：革命性技術使緊緊包覆雙唇的唇膏能不斷吸收空氣中水分，持續替唇肌補水，挑戰開架潤唇膏最長保濕力。,10320.0,80
8219945,莉婕高效持色護髮乳500ml,日本時尚染髮品牌 專業研發-莉婕極致持色系列,10305.0,45
8530180,L’EGERE極致雙A緊緻提亮精華霜50ml,Double A 激活年輕超進化,10293.0,17
7915381,我的心機5%超能海藻奇蹟特嫩精華30ml,Hydra PRO  史上最強保濕,10290.0,21
7105468,CIELO宣若EX染髮霜-5自然棕,簡單一按，不用攪拌，淡雅香味不刺鼻,10260.0,28
7046080,媚比琳無敵特霧超持久粉餅,最高等級高遮瑕粉體，隨身補妝KO頑強瑕疵,10248.0,28
7060826,護妍天使隱形痘痘貼綜合42入(日30+夜12),超薄：邊緣超薄平均小於0.01公分，服貼肌膚不易察覺,10234.0,66
7097740,媚比琳清透嫩全效8合1粉餅升級版-四款任選,持妝控油效果再升級！高係數防曬SPF32 PA+++，有效預防紫外線UVA、UVB，底妝同時防曬!,10200.0,40
7050124,俏正美BB膠原錠120錠,滋潤度提升,10188.0,12
7099543,萊雅玻尿酸瞬效保濕水光乳霜-50ml,添加#超級玻尿酸 秒爆水 瞬透亮 超彈潤！,10183.0,17
7097872,優媚霜時尚魅力系列 #6.12迷霧紫色,首創 絕美霧光髮色,10173.0,27
6551972,輕輕嚕~身體去角質沐浴霜（保濕配方）220g（一罐）,98%來源自然成分,10149.0,51
8265745,待刪除-小甘菊童話邂逅紀念禮盒-隨機出貨,小甘菊獨家童話系列紀念禮盒,10149.0,51
7088681,莉婕頂級一按即梳染髮霜-5深栗棕色,輕鬆完美遮蓋可見白髮免煩惱日本全新開發一按即掩輕鬆染,10132.0,34
7078019,ibobomi嬰兒米餅30g-蘋果味,4無－無添加！不額外添加麵粉、食鹽、砂糖、添加劑(著色劑、香料、防腐劑等),10111.0,101
7090955,THERAPIND魔唇護唇膏(夜間),夜間深入滋潤保養並給足飽飽的水份，讓雙唇柔軟又ＱＱ,10106.0,75
4598481,蔬果碗盤洗潔液-經典原味補充包800g,檢驗通過國家CNS3800標準溫和不傷手符合食品用清潔劑標準,10080.0,84
7098753,TUNEMAKERS菸鹼醯胺亮白原液10ml,緊緻毛孔,10080.0,21
7062030,HV-40國際牌直髮捲燙梳HV-40,■ 2in1 直捲兩用：滿足更多髮型變化需求,10080.0,6
7064576,肌研極潤保濕化粧水170ml-清爽型,嚴選樂敦獨家乳酸菌發酵玻尿酸、玻尿酸、高效玻尿酸、水解玻尿酸，4重玻尿酸完美比例，改善乾燥粗糙問題，肌膚由內而外散發水潤光采。,10061.0,26
8544961,#1028 兩心香悅淡香水 30ml,Shadow 31(柑橘玫瑰) 前調：柑橘、葡萄柚 /中調：莓果、玫瑰 /後調：丁香 ,9996.0,28
7565331,【廠商直送】 巧福 遠紅外線暖屏風UC-861R(四折踏板款),獨家專利  新式電暖器,9995.0,5
8601001,Move Free葡萄糖胺2000毫克150顆,+33% ^高含量關鍵葡萄糖胺*,9990.0,10
7224592,AHC超能玻尿酸保濕肌亮機能水100ml,"含超能玻尿酸,強保濕,完美比例4:2:4",9983.0,19
8130083,KAFEN何首烏染髮膏Plus+ 400ml-純粹黑,,9980.0,20
7629334,蘭諾LENOR衣物芳香豆520ml-多款任選,日本銷量No.1衣物芳香品牌,9966.0,34
7931476,醫強75%酒精液500ML,,9920.0,124
7213486,好自在氣墊棉秒吸抗黏12片2入(日用24cm),革命性秒吸抗黏膩,9904.0,56
7055738,碧歐斯水感舒緩微礦能量噴霧100ML-水感,醫師認證敏弱肌專用健康水 一噴“涼感舒緩”,9900.0,33
8172512,【廠商直送】Pingo TRAVEL V1負離子離子夾-霧灰藍,．外噴式負離子，開機後高濃度負離子大量釋放，減少髮絲傷害,9900.0,10
7064435,曼秀雷敦Acnes抗痘粉狀調理水150ml,"含Isopropyl Methylphenol能深入毛孔底部抗菌, 有效抗痘",9870.0,47
7669059,一口好乾淨~漱口雲❤專門對付口腔異味與髒污95%大自然來源成份~古寶藥妝100ml（一瓶）,,9870.0,47
7307384,BIONEO百妮彈潤鎖水保濕原生乳100ml,內含肌膚原有且最容易流失的四大美麗元素(神經醯胺、玻尿酸、膠原蛋白、彈力胜肽),9867.0,33
7091027,水之印全能5D保濕彈力霜90g,最高濃度膠原蛋白!清爽不黏膩的豐澤保濕,9860.0,20
7055739,碧歐斯BIO蝸牛原液修護精華30ml,能量蝸牛修護 呈現水嫩潤滑開架長銷明星品,9860.0,15
7252944,Crest 3DWhite極致鑽白牙膏110g-多款任選,美國亮白牙膏銷售領導品牌,9855.0,45
7083608,來復易輕微漏尿用清爽棉墊10片多量型,銀離子消臭高分子，異味掰掰,9843.0,142
7054151,好自在INFINITY 液體衛生棉10片日用量多27cm,FG特優評鑑 91%網友激推!,9834.0,66
7565516,莉婕頂級透亮光感染髮霜-2A個性冷光灰棕,獨家光影雙色調色技術，讓髮色在光影下呈現不同變化,9831.0,29
5113081,超級涼爽 馬鞭草薄荷沐浴露450g-超爽感SPA (涼感/中油性)一瓶（沐浴任選兩瓶325元）,來自大自然的無患子皂素，含有豐富的細緻泡沫，溫和不易刺激肌膚，達到深層清潔。添加獨特雙薄荷清爽精華 (薄荷醇與薄荷精油)，有效調節肌膚油脂分泌，紓解疲憊，使肌膚清涼暢快活力感。有機薄荷花水萃取，舒緩調理肌膚。有機馬鞭草花水，具抗氧化，調理肌膚強化保護力。搭配有機洋甘菊與小白花萃取，舒緩肌膚不適，強化肌膚屏障。沐浴後清爽潔淨、不乾澀、不滑膩。,9800.0,40
7754244,黑不溜丟弱酸洗髮皂 100g（單顆）,【各種髮質使用頻率推薦】,9800.0,35
8302530,【廠商直送】WONDER-復古風陶瓷電暖器,"PTC發熱體, 安全不耗氧",9768.0,11
7049871,BB 10%煙醯胺+發光藻嫩白精華30ml,高濃度10%煙醯胺 浸潤肌膚同時形成保護膜，提升肌膚對環境傷害的保護力，配合發光藻，由內而肌發層層透亮!,9766.0,26
7083599,蘇菲導管式衛生棉條10入量少型,花苞導管型好推不沾手,9758.0,82
7970151,30年快樂老茶樹GABA茶包（2.8公克×20入）一包,,9750.0,25
7624538,(箱購)iBEAUTY奢光雪姬亮妍飲50ml,12種莓果抗氧精華，晶透亮白,9750.0,5
7323848,箱購-Lumina竹纖維低敏菱格紋洗臉巾*6,1.  【柔軟親膚，吸濕透氣】竹子纖維長而綿密，如絲綢般柔軟耐磨，不刮臉掉絮，具備吸濕力和透氣度。,9737.0,13
7213489,好自在氣墊棉秒吸抗黏12片量少18cm,革命性秒吸抗黏膩,9735.0,177
7624544,iBEAUTY水漾玻玻飲50ml,雙重玻尿酸，澎潤自生，肌膚深度滋潤,9724.0,186
8194960,VISEE唯霧時尚眼彩 (多款任選),全為霧面質地，具透明感的輕透呈色的四色眼彩。以絕美漸層打造自然立體感的雙眸。,9720.0,27
7094365,霓淨思N3神經醯胺潤澤保濕面膜6片,高效傳導-有效成分瞬效吸收,9702.0,98
7300758,巴黎萊雅青春密碼酵素肌底調理精華30ml V2,添加頂級新成分,9689.0,11
7063417,舒特膚HA玻尿酸精華露88ml,小分子水解玻尿酸直達肌底，快速吸收千倍含水量,9683.0,17
8488387,Dasique九宮格眼影盤 (15、16),♡九宮格眼影盤♡,9680.0,11
7083600,蘇菲導管式衛生棉條25入量多加強型,花苞導管型好推不沾手,9660.0,28
7105470,CIELO宣若EX染髮霜-6深栗棕,簡單一按，不用攪拌，淡雅香味不刺鼻,9652.0,26
8573026,待刪除-中衛醫療口罩30入-冬日款編織耳帶,編織款則利用灰色、淺卡交織而成,9620.0,37
7223652,帝康視潤多效保養液360ml,"\"\"\"清潔、保養、抗菌1瓶搞定！",9618.0,42
7275041,逸萱秀香氛精油洗髮精700ml-英國梨&百合,【清甜活力的精品級香氛-英國梨&百合】,9600.0,48
7083960,Farcent香水胺基酸沐浴露780g-同名花語,前、中、後調層次香水香氛,9594.0,26
7097482,蘇菲瞬吸加長抑菌護墊20片2入無香17.5cm,5倍吸收微量經血或分泌物持續乾爽不濕黏,9590.0,137
7445484,未來美8分鐘微分子面膜4入-玻尿酸保濕,"全新一代8分鐘子彈面膜,急速滲透、立即爆水,肌膚轉眼之間,咻咻就喝飽水!",9576.0,24
7053365,我的心機3%杏仁酸玫瑰潔顏慕斯150ml,3%杏仁酸－深入毛孔潔淨、軟化角質，去除粉刺，快速洗出水嫩亮白肌。,9576.0,24
7055731,碧歐斯BIO金萃黃金滋養乳100ml,以玻尿酸及海藻複方為基底，深入肌底密集補水，添加24K金箔撫平肌膚表層細紋，有效對抗初老乾紋! 喚醒肌膚柔嫩滑亮 達到逆齡效果,9576.0,24
8276659,ReEn琍艷韓方護髮染髮霜-黑色,韓國連續7年銷售 NO.1染髮霜*！,9576.0,24
8045900,VISEE 幻飾眼圈遮瑕霜1.7g,與黑眼圈相反色相的「補正色橘紅」修飾校色烏青暗沉，再疊上「裸膚色」讓眼圈與膚色一致。,9570.0,33
7083886,麗仕髮補給膠原蛋白胺基酸洗髮精450g,含黃金比例複合式胺基酸補給髮絲根本幫助重塑柔順、光澤彈潤的秀髮質感。,9568.0,32
8568516,【預購】AVEDA純香洗髮精1000ml,9200000000674,9550.0,6
7088358,妮維雅霜150ml,來自德國，擁有百年護膚專業經驗,9546.0,74
7054152,好自在INFINITY液體衛生棉 10片夜用超長34cm,FG特優評鑑 91%網友激推!,9536.0,64
7637723,ROSE IS A ROSE薄杯零著感內衣-多色任選,透氣內襯,9520.0,14
7567849,艾杜紗 東京輕吻染唇膏 R01/R02 (霧面 Matte),唇彩新玩法!自然融合帶出好氣色,9517.0,19
7049942,霓淨思玻尿酸浸潤精華化妝水150ml,新一代保濕科技結合神經醯胺與克拉瑪斯湖藍藻,9504.0,20
7049933,DR.WU玻尿酸保濕精華液15ml,銷售百萬 經典好口碑,9500.0,19
7633426,【超值加價購】冰原花后修復安瓶面膜,｜冰原花后修復安瓶面膜｜,9462.0,38
7088385,妮維雅夜間美白保濕精華乳200ML,夜間美白驅黑,9454.0,56
8100299,美舒律蒸氣眼罩漢溫舒芯系列5片-多款任選,約40˚C溫熱蒸氣，舒緩雙眼疲勞和身心緊繃感,9450.0,45
7049872,澳佳寶維生素 C 1000/60's,澳佳寶維生素C1000添加100毫克柑橘生物類黃酮,9450.0,14
7307744,善存男性綜合維他命120錠,"增量鋅,讓你幸福",9449.0,11
7633693,婦潔私密沐浴露蔓越莓補充組,"益生元Plus-添加針對私密肌膚研發的益生元複合寡糖,幫助私密益生菌微生態健康",9424.0,16
7991568,【廠商直送】Tsuvimi 姿慧美 雙色閃亮眼影蜜 (30色任選),顯色延展-輕推薄透 疊擦更顯色,9382.0,38
7044515,森田藥粧無添加深層卸妝棉48抽,輕輕一擦，口紅、眼影、彩妝徹底清潔卸去,9381.0,59
7090958,水之印全能5D精油緊緻彈力霜90g,宛如沙龍級精油保養!有效淡化細紋，立即減齡小資抗初老首選,9367.0,19
7046078,媚比琳FIT ME反孔特霧蜜粉餅,媚比琳FIT ME 明星系列再添一員！,9363.0,36
7049910,霓淨思玻尿酸深度潤澤化妝水200ml,抗旱鼠尾草有效補水,9360.0,12
7265816,1028 修片狂校色遮瑕盤,專為亞洲肌膚調製的兩色校色及三色遮瑕盤，可自由調和完美遮瑕。,9335.0,31
7069346,靠得住完美封漏夜用網層12+2片X3入28cm (新舊包裝隨機出貨),靠得住 完美封漏系列長夜抑 菌新升級,9313.0,67
7048726,SOFINA漾緁水潤瓷效妝前隔離乳25ml-進化版,改善乾燥小皮屑造成的卡粉不服貼    高保濕配方,9304.0,30
8592726,【福利品】全日營養肌美妍膠原蛋白飲_食品_100mL_10入,4969726109656,9282.0,26
7088643,花王洗髮精750ml-清新沁涼,純淨呵護，讓秀髮潔淨更健康,9279.0,74
7053483,AHC瞬效淨膚B5微導潔顏乳180ml,配方升級，高純度、高濃度保濕成分,9269.0,31
7123536,霓淨思N3杏仁酸淨膚亮白面膜6片,高效傳導-有效成分瞬效吸收,9265.0,35
8551901,潘婷PRO-V水潤洗髮露530ml修護+髮膜2入,秀髮水潤 柔軟 滑順,9212.0,28
8505451,小太陽暖暖包(貼式)10個入,*最高溫度63℃，平均溫度53℃(維持溫度40℃以上),9180.0,68
7049821,珂潤Curel潤浸保濕深層卸粧凝露130g,連難卸除的口紅、毛孔深處的粉底以及防曬乳液等都可以徹底卸除不會對角質層保濕機能造成負擔。,9180.0,27
7049915,賽吉兒菁萃潔浴凝露-日用型250ml,經典入門必備，私密沐浴露,9180.0,27
8276676,ReEn琍艷韓方護髮染髮霜-深棕色,韓國連續7年銷售 NO.1染髮霜*！,9177.0,23
7993641,未來美EX8分鐘PLUS升級保濕面膜4入,1敷快速補水,9177.0,23
7385396,蘇菲超熟睡超薄細緻棉柔8片3入35cm,"\"\"\"日本首創 超大蝴蝶扇尾",9174.0,66
7046085,媚比琳超持久霧感液態唇膏5ml (多款任選),國外創下超強口碑的話題冠軍，為台灣銷售NO.1的液態唇膏,9173.0,27
7397324,上山採藥露珠草舒緩緊膚沐浴露430ml,蘊含多種有機植萃，溫和去除污垢及多餘油脂，沐浴後不緊繃乾澀，輕柔呵護肌膚。,9160.0,40
8255218,【廠商直送】wesmile美顏超音波電動牙刷洗臉機-兩色任選,3+1音波清潔，深度潔面&潔牙,9160.0,4
7228840,我的心機嫩白蜜桃白茶臉部去角質120ml,淨顏X高效保水平衡因子，全面角質革新，一瓶解決惱人粉刺、毛孔問題。,9154.0,46
7068857,靠得住溫柔宣言草本抑菌7片夜特長41cm(新舊包裝隨機出貨),Kotex 靠得住 草本抑 菌 乾爽新升級,9126.0,117
7556248,【廠商直送】The Ordinary 杜鵑花酸乳霜 10% 30ml+超純補水玻尿酸精華液30ml(公司貨),無香精添加、撫平瑕疵,9108.0,12
8504595,待刪除-中衛醫療兒童口罩30片-初心雪花,不同樣貌型態雪花圖樣設計,9100.0,26
7278964,箱購-樂品無染洗臉巾(輕柔款)100抽*9包(新舊包裝隨機出貨),●無螢光劑、無漂白劑、不留棉絮,9087.0,13
8178839,潘婷PRO-V水潤洗髮露530ml密集修護,3重護膚保濕黃金成分,9085.0,23
7064456,曼秀雷敦AD高效抗乾敏修護乳液120g,添加甘草酸鉀 ，舒緩因乾燥引起的皮膚癢,9082.0,38
7064574,肌研極潤保濕化粧水170ml-潤澤型,嚴選樂敦獨家乳酸菌發酵玻尿酸、玻尿酸、高效玻尿酸、水解玻尿酸，4重玻尿酸完美比例，改善乾燥粗糙問題，肌膚由內而外散發水潤光采。,9061.0,23
7090934,Za粧自然無瑕粉餅EX蕊,持妝不暗沉:添加抗暗沉配方及控油粉末，長時間抑制油光，打造持久透亮裸妝,9044.0,28
7251375,1028 極上鏡柔光超磁水粉底SPF45 PA++ (多款任選),持妝x無瑕 x潤亮,9040.0,22
7308128,一家人益生菌控油洗髮精400ml,天然起泡劑添加獨家細緻泡沫配方,9000.0,20
7228708,待刪除-我的心機高效安瓶EX7入－超抗皺賦活修護,最新研發專利成分技術，結合植物凝萃精華，,8982.0,18
7546725,Hello Kitty涼感衛生棉綜合6入+收納包,添加天然薄荷精油，清新涼感透氣,8982.0,18
7697927,Za 美肌高效防曬霜 30g,一抹提亮膚色！清爽防曬，有效隔絕紫外線。,8976.0,33
7246974,貝膚黛瑪潔膚液 250ml-舒敏高效,【養膚】超越清潔 養出穩定膚況,8976.0,24
7105445,KAFEN還原酸系列深層護髮素(黃)760ml,全新毛髮修護因子 讓頭髮恢復原來髮質彈性,8970.0,13
7230826,倍立雅玻尿酸超導保濕精華霜80g,"觸感質地輕柔,創新配方,滋潤皮膚,使膚色更平滑光亮,加強保濕,撫平因缺乏水分造成的細紋。",8964.0,18
7051034,熊寶貝香氛室內擴香100ml-多款任選,頂級鮮花凝香技術，在鮮花綻放的瞬間凝粹芬芳,8960.0,50
7354952,UZU渦 大和匠筆眼線液(多款任選),化妝同時保養眼周，好握、好畫、好卸除 - 符合人體工學的8角形筆身、搭配革新墨水配方，持握舒適、不色素沉澱。,8942.0,17
7069929,待刪除-聯華元本山對切海苔片33.8g(26枚)-多款任選,精選天然海域生長的海苔，經過獨特烘烤技術，搭配日式醬油調味，入口甘醇香甜，對半裁切的特大尺寸，讓你大口咬下酥脆過癮，愛怎麼吃就怎麼吃,8931.0,100
7626773,舒酸定專業修復抗敏牙膏100g*2入組,給想修復牙齒敏感部位的你或家人,8883.0,27
7553505,瑪榭輕隱型中腰無痕抗菌內褲,銀離子抗菌纖維褲底 全方面保護私密處,8875.0,55
7098837,美吾髮植萃染前頭皮隔離液20ml,"隔離防護- 預防沾染, 頭皮防護",8854.0,126
7055426,Biore溫和水嫩洗面乳100g,日本淨膚鎖水技術,8850.0,118
7760051,BB 8%胎盤素+B5 緊緻精華15ml,滋養新生/提亮暗沉/撫平細紋/緊緻賦活,8850.0,15
7880403,凱婷 粹選單色眼影-限定款 (82色任選),找尋自我欲望，拼湊專屬自己的欲望組合,8840.0,52
7637742,ROSE IS A ROSE厚杯零著感內衣-多色任選,透氣內襯,8840.0,13
7095912,DARLIE好來含氟牙膏140g-白綠雙星,獨特2合1配方，刷牙與漱口雙效兼顧,8820.0,196
7734328,【廠商直送】月亮褲-經典款夜用中腰-靜謐黑,*量少可直接取代衛生棉，量多可搭配其他生理用品使用,8820.0,9
7108432,艾瑪絲5α鳶尾玫瑰高效控油洗髮精400ml(新舊包裝隨機出貨),針對油性頭皮所設計的 ③道漸進控油去油潔淨配方，,8800.0,16
7664419,我的心機7%α熊果素美白淡斑精華15ml,專攻「氣色/膚色不均」,8800.0,10
7665721,CINQUAIN思珂 天生美肌恆霧粉底(4色可選),上妝即定妝，一抹柔霧質感光,8789.0,11
7054234,Crest 3DWhite美白牙貼(溫和型)14次,溫和美 白配方，敏感型適用，不傷害琺瑯質,8789.0,11
8542085,優清綠茶兒茶素防護精華錠30錠,4571255234305,8789.0,11
7064568,曼秀雷敦頂級濃潤柔霜潤唇膏3.3g-無香,水凝潤澤技術：革命性技術使唇膏能不斷吸收空氣中水分，持續替唇肌補水,8788.0,52
8490736,媚點 持效美顏妝前乳 (30 mL),持妝控油 美顏不間斷,8784.0,35
7046079,媚比琳無敵特霧超持久粉底液30ml,24H完美霧感 開啟最強一鍵美顏模式,8778.0,22
7734751,POYA Care x 大漢酵素滋養宮酵飲50ml,玫瑰萃取/月月喝順順來,8768.0,176
7722428,ALLIE 持采亮化UV防曬水凝乳 60g-多款任選,高閃耀度明亮光感粒子，抑制血色，明亮一個色階的光澤粧感,8760.0,12
8090333,泰迪熊超濃縮3合1洗衣膠囊18顆裝-兩款任選,可內室陰曬不再怕悶臭,8756.0,44
7049880,DR.WU玻尿酸保濕微導面膜3P,創新微導棉，能緊密貼合臉部曲線,8734.0,26
7255132,克潮靈環保型除濕桶350g-小蒼蘭,全新升級設計，使用更簡單，吸收力速度更快！,8716.0,156
7198972,BIONEO百妮  神經醯胺乾燥修護原液40ml,"神經醯胺是皮膚角質層的主要成分,也是肌膚表層的長效保濕劑,像防護罩一樣鎖住角質層內的水,並抵抗外界環境傷害,當這道皮膚的屏障失去保護功能,會造成皮膚乾燥、粗糙、皺紋、敏感、泛紅的現象,適時的補充同時具有親水跟親油特性的神經醯胺,能讓保水修護力提升,肌膚水潤透亮、彈嫩細緻",8649.0,31
7054165,風倍清浴廁抗菌消臭劑6ml*2(清爽皂香/薄荷綠香),日本NO.1革新科技 浴廁全面防護,8649.0,31
7041901,essence超霧光定妝粉餅-8g,持久定妝,8643.0,67
7049931,賽吉兒30天妹妹接力組(日用500ml+加強100ml),熱銷明星組合 私密肌膚頂級保養,8628.0,12
7098726,三多金盞花葉黃素Plus蝦紅素軟膠囊50粒/盒,對象族群:3C電腦手機電玩族、中高年、銀髮族、長時間閱讀等成人補充。,8628.0,12
7049825,珂潤Curel潤浸保濕乳液120ml,蘊含潤浸保濕Ceramide成分*及桉葉精華。,8624.0,14
7982338,J&LIN船形色襪3雙入-黑/黑/白,舒適好穿,8611.0,79
7959890,莉婕泡沫染髮劑108ml輕甜莓粉色,獨家光影雙色調色技術，讓髮色在光影下呈現不同變化,8608.0,32
7861209,DR.WU杏仁酸亮白煥膚精華18% 30ml,創始經典明星商品，專為油性、混合肌設計。首度將刷酸概念帶入居家煥膚保養，透過刷酸煥膚的原理，快速清除肌膚表面老廢角質，並有效協同肌膚代謝，疏通、淨化、緊緻毛孔，使用7天能減少粉刺70%、毛孔緊緻17%*；另添加大分子玻尿酸、β-聚葡萄醣體，補水保濕舒緩肌膚，緩解乾癢脫屑 ; 亮白修護精萃能由肌底層層煥白，從內而外打造晶透瞬白。長期持續煥膚，能重現完美無瑕的細嫩肌膚。全成分無酒精、人工香精，溫和不刺激。,8597.0,8
7049945,DR.WU 1.5% EGF彈力賦活精華15ml,注入彈力 改善凹凸肌,8589.0,13
7053485,AHC瞬效保濕B5微導乳液140ml,AHC瞬效保濕B5系列全面升級,8586.0,16
7450031,Nabati威化餅168g-多款任選,全產品 獲得 HALAL 清真食品認證,8567.0,264
7063577,霓淨思維他命C淨白補給面膜6入,VitaminC-有效淡化斑點、肌膚潔淨無瑕,8564.0,36
7054582,Avene 雅漾安敏保濕水凝乳50ml,極簡保濕,8550.0,9
7436145,格安德醫用口罩50入成人粉橘,4713072040541,8514.0,86
7467885,Visee柔影全飾眼彩盒 (多款任選),4種質地於全飾眼域*粧點柔光邃影，實現立體雙眸的５色眼彩盒。,8510.0,23
7522435,Solone訂製舒芙蕾海綿/扇形,如同舒芙蕾般蓬鬆的空氣感海綿，輕拍即可創造服貼無瑕底妝。,8490.0,113
8061658,碧歐斯BIO膠原燕窩潔膚乳100g,洗臉同時讓滿滿的燕窩精華溫柔呵護,8490.0,70
7239012,靠得住太空衛生棉11片28cm,Kotex太空棉 反重力的無感革新,8485.0,65
7089095,凱婷 怪獸級持色唇膏(多款任選),貪心的擁有高顯色 x 高保濕,8475.0,25
7059837,蕾妮亞零觸感特薄衛生棉16片*2涼22.5cm,舒涼薄荷因子 x 0.1cm特薄,8471.0,47
7138139,GUM 牙周護理潔齒液(960ml),幫助去除牙菌斑、降低牙周病發生。,8459.0,21
7098758,TUNEMAKERS維他命A醇賦活原液10ml,美容界公認抗老成分!,8450.0,13
7098853,瑪宣妮莓果珍珠洗髮精450ml (蓬鬆感),有浪漫蓬鬆感的洗髮精,8449.0,42
7068859,靠得住溫柔宣言輕柔棉貼身12片3入23cm(新舊包裝隨機出貨),Kotex 靠得住 輕柔綿,8435.0,61
7083933,Hair Recipe 髮的食譜 奇異果清爽營養洗髮露530ml,源於天然的潔淨成分 無花果添加配方,8426.0,24
7098747,Dr.HUANG舒緩化妝水150ml,1.保濕柔嫩，添加L-Arginine天然胺基酸及甘油，使皮膚柔軟、舒適，達到皮膚所需的保濕力,8400.0,14
7274635,康定酵素植萃洗髮乳300ml,百位藝人部落客真心推薦,8400.0,12
7090950,INTEGRATE 長效控油美肌蜜粉餅,吸附多餘皮脂，,8398.0,26
7432662,北海道日高-純馬油黃金版120ml,4571483370172,8388.0,12
7119040,Plantur39植物與咖啡因頭髮液200ml,強健髮根,8379.0,21
7061729,毛寶貼身衣物手洗精1000g,3D晶球技術將香水精華包覆在3D微晶球中深層鎖入衣物纖維隨著衣物摩擦釋放二次香氛持久留香。,8376.0,84
8144763,魅尙萱 完美修護護髮精油 80ml,使用10年完美精油秘訣完成的最佳處方，技術,8376.0,24
7611113,妮維雅粉嫩嫩玫瑰卸妝水400ml,"極地玫瑰 滋潤柔嫩 : 蘊含來自極地的珍稀玫瑰精萃,滋潤同時抗氧化,讓卸完妝的肌膚水嫩嫩、不乾澀緊繃",8368.0,22
8021103,淨新醫用成人平面口罩50入-基本色系列 MIT台灣製 MD雙鋼印,,8349.0,121
7309240,Ariel 4D抗菌洗衣膠囊12顆盒裝-微香,碳酸発想の極淨,8339.0,91
7261072,碧菲絲特即淨卸妝水400ml-多款任選,"乾淨看得見,保濕不回沾",8339.0,31
8119777,我的心機2%水楊酸抗痘修護精華30ml,衛署粧製字第004952號,8330.0,17
7915375,我的心機4%神經醯胺密集補水精華30ml,Hydra PRO  史上最強保濕,8330.0,17
7062761,李施德霖天然綠茶防蛀護齦雙效漱口水750ml,1. 可全天候保護口腔全面潔淨，避免細菌滋生而產生牙菌斑和牙齦問題,8322.0,38
8120154,露得清水活保濕凝露50g+環保補充包50g,全新升級！NMF原生水動力配方,8307.0,13
7970154,30年快樂老茶樹GABA茶包（2.8公克×20入）兩包,,8280.0,12
7083824,ES花漾莓果奢華香水洗髮精600ml-輕盈蓬,強化頭髮蓬鬆感添加海洋膠原蛋白及角蛋白成分幫助護理頭皮含茶樹、積雪草及尤加利樹成分8無添加，無添加：矽靈、石油系界面活性劑、礦物油、五種paraben類防腐劑,8275.0,25
7239013,靠得住太空衛生棉13片24cm,Kotex太空棉 反重力的無感革新,8268.0,62
8221812,Biore抗菌卸粧乳180ml,溫和抗菌配方，添加茶樹精油及IPMP抗菌成分,8268.0,52
7271145,好自在氣墊棉秒吸抗黏19片日用24cm(新舊包裝隨機出貨),革命性秒吸抗黏膩,8263.0,107
7996281,防御方機能防護茶20包入,4719872541479,8250.0,11
7555649,Kid-O日清三明治餅乾17g*20入-奶油,超濃郁的夾心，搭配上酥脆的三層餅乾，這種餅乾三明治最經典的就是奶油啦,8247.0,83
7108624,All Clean環保無毒室內拖-多色任選,超級輕量+止滑效果+完美人體工學。,8216.0,44
8551919,待刪除-愛康抑菌衛生棉-奧樂雞-衛生棉13片日用24cm,獨家好芯 抑菌芯片,8203.0,71
7342525,Tryall濃縮乳清蛋白500g-香醇可可,每份濃縮乳清(25公克)中約含36公克BCAAs,8190.0,21
7542664,【一米特】寒天Jelly QQ凍禮盒500g-多款任選,無添加防腐劑，以調整PH酸鹼值,8184.0,79
7053648,菲力家族粗軸棉花棒600支入,100%棉，柔軟有彈性,8160.0,96
7817259,洗顏專科超微米胺基酸溫和潔顏慕絲150ml,胺基酸濃密泡泡,8140.0,40
7054871,貝膚黛瑪保濕水潤潔膚液500ml,【養膚】超越清潔 養出穩定膚況,8095.0,11
7198978,BIONEO百妮 彈力胜肽緊緻撫紋原液40ml,"您按壓肌膚時,若回復原狀的速度沒有以往那麼快,或已略顯緩慢鬆弛感,導致細紋產生,即建議可開始使用這瓶富含彈力胜肽素的倍彈原液,感受肌膚彈潤緊緻及蠶絲般滑順",8091.0,29
7659290,寶拉珍選無痘2%水楊酸美體噴露118ml,有效對抗前胸後背痘痘。,8091.0,9
7056033,良澔片烤海苔36g-多款任選,1.特殊醬料與海苔一起烘烤,8073.0,117
7069355,靠得住茶樹舒涼棉衛生棉10片夜用35cm(新舊包裝隨機出貨),"美國天然茶樹精油, 幫助舒緩生理期不適",8060.0,58
8573029,待刪除-中衛醫療口罩30入-冬日款單色耳帶,單彩搭配了冬日藍 、 冬日綠,8060.0,31
7165667,KissMe花漾美姬超！持久立挺翹長防水睫毛膏,•超持久防水配方，強力抗淚、汗水、皮脂、口罩濕氣、摩擦，不脫妝、不暈染、不尷尬。,8056.0,19
7308131,一家人益生菌極緻護髮膜400ml,精研奢華奇蹟柔順配方搭配日本嚴選益生菌發酵液、有機小麥草萃取、維生素B3衍生物與酪梨精萃油集中營養護理髮絲瞬間柔順糾結髮絲煥活前所未有絲滑柔亮完美呈現天使光圈!,8050.0,14
8004615,麗奇14度牙周對策牙間刷15入-SSSS,◎兩大特色：,7997.0,43
8227026,DR.WU角鯊潤澤修復精華油30ml,突破性高效潤澤修復精華，獨家輕盈油狀質地，能迅速為疲憊肌膚注入年輕活力，蘊含高濃度植萃角鯊烷，結合有機摩洛哥堅果油、夏威夷堅果油與荷荷巴油，親膚性極佳，能形成天然防護膜，立即潤澤柔軟肌膚；全面修復肌膚屏障，改善乾繃、細紋、粗糙，重現潤澤、柔嫩、細緻肌！,7995.0,5
7703356,E．Heart石墨烯全方位塑體褲,全新E-heart系列採用黑科技機能面料，擁有超大彈性！舒適不緊繃！,7992.0,8
7186897,象印-極簡保溫瓶600ml,無零件好清潔,7992.0,8
7559856,肽研生醫RD有酵丸30日份,美國毒理學家招名威權威研發,7984.0,16
7048687,未來美EX8分鐘PRO安瓶保濕面膜3入-多款任選,創新水油合一 親膚性高,7980.0,20
7099524,我的心機深層清潔黑凍膜250ml,粉刺浮出暢通毛孔讓肌膚黑裡透白,7980.0,20
8255233,【廠商直送】wesmile巴黎奢華系列電動牙刷洗臉機-兩色任選,牙刷、洗臉機 、舌苔清潔三合一,7980.0,2
7138008,Ora2me淨白無瑕牙膏140g,三重洗淨，全新配方。,7973.0,67
7059839,蕾妮亞零觸感特薄衛生棉6片*3涼30cm,0.1cm超激薄x2倍吸收,7966.0,43
7423091,越後NEW起司圓麻糬餅66g,4582109980125,7935.0,115
7288649,蠟筆小新暖暖包10入-滑雪版手握式,輕晃數次即可發熱,7920.0,80
8169163,Lovita愛維他輔酵素Q10素食膠囊60顆,衛福部核可最高劑量,7920.0,9
7068855,靠得住溫柔宣言草本抑菌13片量少型19cm(新舊包裝隨機出貨),Kotex 靠得住 草本抑 菌 乾爽新升級,7917.0,203
8059502,凱婷 零瑕肌密高遮瑕BB霜,單支即可完成底妝，遮瑕力ＵＰ！持妝力ＵＰ！保濕力ＵＰ！,7905.0,23
7403841,日方雪之元Q10-Premium滋養霜48g,4979949001514,7902.0,18
7061328,mod’s hair  Smart25mm全方位智能直/捲二用,雙重功能，直/捲功能一鍵切換，可造型直髮與捲髮,7900.0,5
7140149,呂 滋養韌髮洗髮精400ml-油性頭皮適用,改善頭皮與頭髮的9大煩惱,7898.0,22
7098823,花王 植萃弱酸泡泡洗髮精兒童專用300ml,【淨】日本Merit研發「親膚洗淨技術」,7897.0,53
7053653,刷樂高拉力牙線棒800支入,纖維棉線材質 易吸附牙縫殘物,7894.0,46
7931549,P&G_Bold衣物柔軟4D洗衣膠球花香31P補,,7887.0,33
7278953,INTEGRATE 極線完美持色眼線液筆 0.5g (兩色任選),盡情描繪！,7854.0,33
7259549,VISEE 可可奶霜眼線筆 (多款任選),1. 雙眸有神卻不會過度銳利，實現剛剛好的深邃感。,7840.0,28
8091465,BB 32%胺基酸4D全效活膚潔面乳100ml,全效 4 in 1─溫和潔淨、保濕鎖水、暢通毛孔、改善暗沉,7840.0,16
8161091,【廠商直送】瑟路菲韓方香氛護髮油100ml神秘玫瑰香,頂級香水調製，發香度佳,7840.0,16
7664417,我的心機2% AA2G集中美白精華30ml,專攻「暗沉」,7840.0,16
7760009,BB 4%朝鮮薊毛孔細緻精華30ml,晶亮平滑/舒緩保濕/控油淨化/緊緻毛孔,7840.0,16
7778576,PurBlanche光采彈潤美容水乳液130g,4560221591733,7840.0,8
7099542,萊雅活力緊緻抗皺緊緻修護日霜 SPF35-50ml-2022版,巴黎萊雅活力緊緻系列全面升級再進化,7838.0,12
8269328,角落小夥伴暖暖包10入-溫泉款手握式,手握攜帶溫暖隨行,7832.0,88
8269347,卡娜赫拉暖暖包10入-綜合款手握式,手握攜帶溫暖隨行,7832.0,88
7385426,蘇菲超熟睡草本抑菌衛生棉超薄16片28cm,天然草本抑 菌99%,7830.0,54
7977944,Solone榛果訂製手指遮瑕刷/AC07,,7830.0,54
6769787,輕輕嚕~身體去角質沐浴霜（保濕配方）220g（四罐超便宜）,98%來源自然成分,7826.0,14
7114669,蕾朵兒Ladoore 激厚立體下厚上薄隱形內衣,隱形內衣第一品牌,7800.0,20
7091007,INTEGRATE 超順手抗暈染眼線膠筆NBR620(新舊包裝隨機出貨),經典眼線膠筆份量升級 MAX滑順筆芯全新上市,7795.0,34
7376686,Relove私密肌R2深層傳明酸淨白潔淨精華凝露,"28天改善暗沉,重回白皙私密肌獨家研發美白因子,天天使用能有效的美白私密肌膚",7787.0,13
7787663,巴黎萊雅金緻護髮精油 薄荷青檸,全新！Mojito夏日微醺香調,7787.0,13
7176652,貝膚黛瑪舒敏高效潔膚液500ml,【養膚】超越清潔 養出穩定膚況,7787.0,13
7105679,我的心機七合一晶緻煥白黑面膜8入,以「先淨膚再導入」翻轉肌膚概念，綻放淨透亮!,7774.0,26
7689078,霓淨思超爆水面膜5片-清爽保濕(新舊包裝隨機出貨),日本青葡萄精萃，注入清爽保濕力,7774.0,26
7089839,ON THE BODY SPA沐浴600g-阿拉斯加海鹽(新舊包裝隨機出貨),加拿大冰河水、薄荷香氛：暢快涼感促進肌膚新陳代謝薄荷香氛幫助舒緩煩躁情緒。,7774.0,13
7089840,ON THE BODY SPA沐浴600g-茉莉花以色列,源自印度傳統草本科學的茉莉花香，為您帶來舒適放鬆的SPA級享受。,7774.0,13
7213495,好自在Pure Skin超吸透氣棉16片2入28cm,五倍超吸 表層乾爽潔淨,7770.0,50
7837988,英國TFESC植物精油香皂190g-乳香沒藥,由純植物油製成，富含乳木果油,7761.0,39
7913927,I'M MEME我愛超磁妝定妝噴霧60ml,24HR磁久不脫妝！,7752.0,23
8224444,瑪榭痕隱型中腰無痕抗菌內褲,採三邊使用無痕切割,7749.0,41
7819313,Farcent香水胺基酸沐浴露780g-花漾麝香,保養級雙成分，極地雪絨花X有機金盞花，呵護肌膚重現柔嫩Q彈,7749.0,21
7046084,媚比琳FITME反孔特霧柔焦空氣粉餅 #空氣小圓餅,超人氣FIT ME家族控油底妝新武器！ 自然空氣粉感，緊密貼合肌膚打造輕裸肌 修飾毛孔，超細緻粉體一拍柔焦不留痕跡,7748.0,26
7069354,靠得住茶樹舒涼棉衛生棉16片夜用28cm(新舊包裝隨機出貨),"美國天然茶樹精油, 幫助舒緩生理期不適",7742.0,49
7445069,小甘菊野生玫瑰護手霜75ml,"以大馬士革野生玫瑰精油作為基底,醞釀出的花香調護手霜",7728.0,48
7990071,妮維雅B5精華卸妝水400ml-2款任選,【超水潤．維他命B5 】,7719.0,31
7611118,妮維雅超能果萃透亮精華凝乳320ml,豐富維他命B群、紅石榴萃取、枸杞萃取等超能透亮健康果萃成分:,7719.0,31
7108433,艾瑪絲5α高效控油洗髮精400ml(新舊包裝隨機出貨),針對油性頭皮所設計的 ③道漸進控油去油潔淨配方，,7700.0,14
7083615,來復易輕微漏尿用清爽棉墊8片特多量型,銀離子消臭高分子，異味掰掰,7695.0,111
7090142,DARLIE好來經典纖柔牙刷6入,• 溫和深入牙齒縫隙清潔，不傷害牙,7686.0,94
7089227,Gliss極致精油修護髮膜300ml,深層植萃修護減少95%髮絲斷裂,7680.0,16
7097352,麥斯威爾咖啡25入-多款任選,濃烈口感 咖啡的極致享宴,7677.0,81
8145212,【廠商直送】荷麗美加 上麗高效透明光感水防曬60ml,高效阻隔紫外線 UVA / UVB。,7677.0,9
7523379,aquater深度保水凍膜260g,4713968885102,7670.0,13
7787890,艾杜紗  Royal Jelly蜂王漿潔顏乳 120g,淡淡玫瑰香氣,7667.0,41
7310311,刷樂專業護理漱口水750ML-綠茶,CHG+CPC 雙重防護配方,7650.0,34
7089080,凱婷 極致大眼睫毛底膏HP EX-1,更捲翹 更纖長 更濃密,7650.0,25
7258008,VISEE 濾鏡美肌粉餅,"1. 服貼修飾,抑制油光，打造無瑕美肌",7650.0,17
7655486,Elastine胺基酸護髮油150ml-依蘭x茉莉花,1.  添加毛鱗修護成分,7632.0,28
7094364,霓淨思N3深海藍藻補水保濕面膜6片,高效傳導-有效成分瞬效吸收,7627.0,73
7466186,【福利品】日本樂天HOT貼式暖暖包10P,4903336242013,7616.0,64
7041980,KissMe花漾美姬零阻力絲滑濃黑眼線液筆,1. 零暈染，超強抗淚、汗、水、皮脂功能。,7613.0,23
7279647,待刪除-蕾妮亞舒膚Free日用超極薄加長25cm17入,日本花王專利舒芙蕾浮點柔層，極細軟纖維讓肌膚無摩擦感，極舒柔又低刺激,7590.0,86
7557578,阿葵亞瞬護賦活洗髮精 600ml (新升級),日本專為台灣研發,7590.0,38
7105447,KAFEN還原酸系列鎖色洗髮精(紅)760ml,護色亮澤髮絲 保持豐潤色澤,7590.0,11
7445485,未來美EX8分鐘逆時空膠囊面膜3入-保濕,全新二步驟面膜護理組,7581.0,19
7055746,碧歐斯BIO金萃黃金精華露100ml-玫瑰,高效補水長效鎖水 全天候保濕不間斷妳的第一瓶玫瑰金華水,7581.0,19
7918756,貝膚黛瑪舒敏高效眼唇卸妝液 125ml,【潔淨】卸除防水彩妝及空汙  不殘留油感,7579.0,21
8196284,思波綺瞬亮潤澤洗髮乳490ml升級版,針對毛躁、乾燥的髮絲加強潤澤鎖水，,7572.0,27
7864376,日本獅王趣淨洗手慕斯250ml-清新果香,添加IPMP抗菌成分，有效洗淨髒污細菌,7560.0,40
7224772,薇佳蜜花酸晶煥膚美白精萃30ml,"獨家黃金比例,有效減少老廢角質囤積",7560.0,7
7931721,AHA柔膚溫和酵素潔顏粉30入,,7543.0,19
7098712,Mdmmd.地漿水 60mL,化妝水+乳液+精華液，三效合一,7520.0,8
7322389,妮維雅絲滑瑩亮潤膚乳液400ml,乳木果精萃油滲透肌理，有效補水滋潤，揮別乾裂問題,7518.0,42
7164246,氧顏森活微分子乳木果保濕面膜3入,乳木果油：乳木果又名「青春之樹」含有抗蛋白質酶，能加強肌膚彈性，使肌膚由內 而外恢復光澤亮麗，重回光采煥發的閃耀自信。,7514.0,26
7053654,刷樂雙線超細滑牙線棒250支,超高強韌拉力 不易斷裂,7506.0,54
7057665,16 BRAND迷你雜誌彩妝盤-多款任選,一盤可當眉毛、眼影、眼線、腮紅、修容、眼部打亮使用，多功能性配上百搭配色，簡單化出精緻妝容,7504.0,14
7278933,INTEGRATE 極緻完美速型眉筆 0.17g (多色可選),輕鬆描繪自然眉型！,7500.0,39
7362578,美琪抗菌洗手慕斯-3785ml,醫師推薦，國小／幼教指定NO.1品牌,7500.0,15
7440215,野口研究EPA魚油膠囊45粒,4903361680750,7500.0,10
7482874,媚比琳 純淨礦物極效幻膚BB凝露,極效遮瑕+高效隔離+長效持妝,7497.0,21
7098404,3點一刻減糖奶茶5入-多款任選,韓星來台指名必買戰利品,7493.0,127
7381370,凱婷 3D造型眉彩餅(顯色服貼款),高顯色度的服貼粉質,7492.0,23
7386548,Taiwan Yes鎂日清30包－原味,"鎂日清,3步驟讓您輕鬆暢快",7480.0,11
7936951,妮維雅5效淨痘卸妝水超值增量組(400ml+75ml),5效淨痘  淨膚無瑕,7470.0,30
7699649,【廠商直送】愛司盟紅妍螯合鐵複合膠囊60粒Chelate Iron Complex,愛美女性最強悍的粉嫩補給首選,7470.0,9
6551974,輕輕嚕~身體去角質沐浴霜（保濕配方）220g（兩罐優惠）,98%來源自然成分,7458.0,22
7097737,媚比琳超持久抗暈眼線膠筆,媚比琳超持久抗暈眼線膠筆長效防水抗汗；畫上後45秒即能緊密服貼眼部肌膚，牢牢附著於睫毛間隙，超持久塑型的顯色效果宛如刺青般不暈染。,7450.0,25
7538943,霓淨思N3面膜4片-金盞花保濕舒緩,立即提升肌膚含水量,7443.0,77
7128849,澡享沐浴乳1000ml-玫瑰風信子,玫瑰風信子：柔嫩配方,7419.0,41
7114957,安多精品 繽紛中腰免洗褲淑女型5入,甜美馬卡龍色系 吸汗透氣,7416.0,72
7098859,莉婕頂級奶霜泡沫染髮劑-4栗子棕色,搓揉後泡沫綿密度提昇4倍，如乳霜般完美遮白,7416.0,24
7088699,逸萱秀清爽防油光洗髮精700ml,毛鱗片屏護科技,7400.0,37
7196884,好聞的防蚊噴霧100ml ，99%以上大自然來源 （四瓶省260元）*,精萃茶樹精油中4T,7400.0,10
7440298,明治膠原蛋白粉璀璨金28日份196g袋裝,4902777420219,7400.0,4
7772761,好聞的防蚊噴霧600ml補充瓶+一個連續噴瓶 ，99%以上大自然來源,精萃茶樹精油中4T,7380.0,9
7090179,保麗淨假牙清潔錠72片,快速清潔  不刮傷假牙,7370.0,22
7144596,Burt’s Bees護唇膏4.25g-多款任選,Burt's Bees 所生產的第一個保養用品,7367.0,53
7915399,我的心機0.5%鞣花酸雪燦透白精華30ml,Hydra PRO  史上最強保濕,7350.0,15
7815382,BB 2%乙基C+8%西印度櫻桃精華30ml,【淡化斑點/淨白煥亮/雪亮膚色/抗氧潤膚】,7350.0,15
7044861,奇士美護手霜65g,抗菌新配方！抑制壞菌孳生。,7339.0,41
7223662,好自在熊抱超柔安睡褲4片-Free size,"\"\"\"突破舒服裸睡感",7326.0,38
7646657,森田藥粧茶樹淨痘調理洗顏乳120g,急救粉刺危肌,7301.0,49
7060293,3M細滑牙線棒150入,有效清除齒縫殘渣,7285.0,47
7071730,Nabati威化餅414g-巧克力,,7268.0,92
7044719,媚點 自然光感美肌BB霜SPF35,輕盈遮飾瑕疵暗沉,7267.0,22
7098869,莉婕泡沫染髮劑108ml-乾燥玫瑰棕色(新舊包裝隨機出貨),1. 配方新升級，深色髮也能輕鬆上色，打造出沙龍級柔和透亮髮色。,7263.0,27
7049951,DR.WU超逆齡緊緻精華露150ml,迅速恢復彈力、更強韌、超飽滿！,7260.0,10
8549478,Solone訂製舒芙蕾海綿加大款-扇形,高密度柔軟細緻表層，如同舒芙蕾般蓬鬆的空氣感海綿，輕拍即可創造服貼無瑕底妝。,7245.0,63
7064234,凡士林香薰舒緩潤膚露 400ml,含高效鎖水凡士林修護微因子,7230.0,30
7069315,康乃馨透氣超薄護墊40片2入無香15cm,棉質透氣‧舒適清新,7229.0,107
7436545,格安德醫用口罩50入成人湖水綠,4713072040695,7227.0,73
7620303,優若美痘痘貼伶巧薄48入,"居家熬夜追劇, 口罩24小時悶爆的痘痘救星",7227.0,33
7062374,史邁爾衛生套12入-0.03mm型,輕薄貼身 猶如無套快感,7225.0,25
7433988,Majolica 戀愛魔鏡 超現實激長睫毛膏(升級版) 多色可選 6g,重複刷睫毛也不糾結可讓雙眼更加有神,7225.0,25
7049905,DR.WU 2%神經醯胺保濕精華15ML,深層潤澤補水 全面修復肌膚屏障,7219.0,12
7063720,曼秀雷敦勁涼舒緩運動噴劑120ml,長效清涼感舒緩放鬆,7200.0,30
7049897,霓淨思玻尿酸保濕卸妝凝露300ml,溫和保濕卸妝配方，輕鬆卸除彩妝髒污,7200.0,20
7440151,全日營養優和秋薑黃膠囊30粒,4960867007504,7200.0,8
7440125,全方位消化益生菌30包,4712839983961,7200.0,6
7440234,樂朗固力錠420粒,4987402125103,7200.0,4
7406314,優倍多油醣雙孅膠囊120粒,"餐前30分鐘食用,享受美食不用忍受",7192.0,8
7298764,蕾妮亞極吸好眠衛生棉夜用8片3入30cm(新舊包裝隨機出貨),極吸倍x極貼身形,7188.0,72
7050171,Dr.FreeVenus藝群潔淨卸妝乳-150ml,含維他命E及酪梨油，成分溫和，可去除眼、唇及臉彩妝,7188.0,16
7470935,小兒利撒爾小魚球咀嚼式軟膠囊60粒,4716511025109,7188.0,12
7674836,Rom&nd 祕密花園十色眼影盤（多款任選）,隨心所欲！明度5階段漸層暈染,7188.0,12
8581779,舒特膚長效潤膚乳473ml,酪梨油立即舒緩，48小時長效保濕,7188.0,12
7098329,盛香珍Dr.Q蒟蒻果凍265g-多款任選,夏季消暑聖品,7185.0,133
8056148,舒芙蕾-骨盆矯正無縫內褲,多重編織法：前腹3D立體針織，彈力加壓收腹告別小肚肚，舒適零著感,7182.0,38
7237237,依洛嘉多胜肽黃金膠原果凍眼膜60片,添加黃金金箔、珍珠粉、海藻糖、酵母萃取,7182.0,18
7689599,未來美超級A醇緊緻透亮面膜3入(新舊包裝隨機出貨),來自韓國最新科技與成分,7182.0,18
8276778,ReEn琍艷韓方護髮染髮霜-自然棕色,韓國連續7年銷售 NO.1染髮霜*！,7182.0,18
7053349,我的心機~黑頭終結粉刺拔膜組,針對臉部鼻粉刺，每周毛孔掃除,7182.0,18
7160008,freeplus溫和淨潤皂霜100g,採用親膚胺基酸系洗淨成分,7182.0,18
7064242,凡士林完美十效透亮修護潤膚露 400ML,"一瓶滿足十大功效,肌膚亮白並煥發青春",7176.0,24
7060374,dejavu就是不暈柔霜眼膠筆,柔滑溫潤筆觸的旋轉型眼線，橢圓筆芯密著成分長時間持色不暈染,7152.0,24
7759064,MKUP 精準極細不掉色眉筆,冷卻科技｜筆芯滑順好畫,7152.0,24
7470347,巴黎萊雅活力緊緻積雪草晶透青春露 V2,革命性開架青春露誕生!,7139.0,11
7581771,【廠商直送】ASHIYA超級肌因精華液30ml,諾貝爾雙得獎成分,7124.0,14
7049938,霓淨思玻尿酸保濕溫和潔顏慕絲160ml,添加玻尿酸、天然保濕因子明星保濕成分,7115.0,25
8223920,PRAMY 柏瑞美 後臺保濕定妝噴霧 (柔焦霧面/水光亮面)-新舊包裝隨機出貨,採用水潤光澤成膜技術 輕輕一噴快速鎖妝,7110.0,18
8119415,【定期購】PurBlanche光采彈潤美容水乳液130g,4560221591733,7110.0,10
7565318,水之印 健康浸透乳液 145ml,打造健康肌膚,7106.0,19
7513080,蘇菲極淨肌有機棉超薄潔翼日用14片26cm(新舊包裝隨機出貨),天然100%有機棉 敏感肌也安心,7105.0,49
7932774,成人善存100+30錠超值組,特別添加番茄紅素、葉黃素、B群,7101.0,9
7251850,廖心蘭豆干400g-老道沙茶,精心挑選優質黃豆，從浸豆、磨豆、煮豆、過濾、加壓等一工一法，程序綿密但一點也馬虎不得。,7095.0,55
7176581,肌研光透潤面膜6入-亮澤緊緻,"酵母精華含豐富美肌成分,能促進循環並深層調理,使肌膚細緻光滑",7082.0,18
7146221,樹頂100%純蘋果汁利樂包6入,新鮮天然如同現榨果汁,7080.0,59
7964483,BB 8%CICA積雪草修護精華水100ml,積雪草精華擁有卓越的修護力，持續使用後肌膚恢復原有澎、嫩、亮。,7080.0,12
7165726,KISSME專屬型色眉彩膏,‧ 改變原生眉色，多達7種色號搭配髮色,7072.0,26
7050172,Dr.FreeVenus藝群溫和洗顏凝露-150ml,燕麥配方溫和地清潔肌膚，潤澤水嫩,7056.0,14
8279414,BB 7%熊果素美白淡斑精華15ml,衛福部法定美白成分，阻斷黑色素分泌凝結，淡化斑點。,7040.0,8
7090331,Kesho大頭兒女性專用衛生紙80抽-洋甘,◆添加洋甘菊、金銀花、金盞花、蘆薈,7031.0,79
7638700,靠得住抑菌好眠褲2片-兩種尺寸任選(新舊包裝隨機出貨),內褲型衛生棉，像內褲一樣貼身,7021.0,117
7440241,Aboca維奇草本CAPE雙蜂膠噴劑30ml,1904695234,7020.0,12
7094475,碧歐斯BIO膠原燕窩肌能水100ml,濃密潤澤質地，激活肌底，吸收力加倍!,7011.0,19
8026372,淨新 醫用成人4D魚形立體口罩 MIT台灣製 MD雙鋼印,,7004.0,56
8336218,依必朗抗菌洗手露630ml胺基酸,含獨特Chlorhexidine抗菌配方，配合正確洗手五步驟（濕、搓、沖、捧、擦），能有效抑制細菌、徹底洗淨手部肌膚並形成保護膜，增強肌膚的抵抗力。,7003.0,47
7403923,Lishan日本國產馬油潤膚乳200g,4582425681355,7000.0,28
7324521,Lumina手工假睫毛十對入 (多款任選) 新舊包裝隨機出貨,1.品質優良梗線乾淨、柔軟，不刺激眼皮，不造成眼臉負擔。,6994.0,26
7176655,貝膚黛瑪平衡控油潔膚液500ml,【養膚】超越清潔 養出穩定膚況,6994.0,10
7832759,小兒利撒爾益敏舒晶球益生菌28入,4589613150327,6993.0,7
7278961,箱購-樂品無染洗臉巾(淨肌款)100抽*9包(新舊包裝隨機出貨),●無螢光劑、無漂白劑、不留棉絮,6990.0,10
7049850,Amino日本專利益生菌20入-多款任選,*針對餐餐吃太油膩、零食吃太多、飲食不規律的族群。,6986.0,14
7669545,INNEX植萃賦活頭皮強健淨化液200ml,頭皮健康舒適的第1步,6986.0,14
7307873,富麗絲泡泡染系列-霧光灰,8種氨基酸滋潤及葵花籽油成分,6980.0,20
7309448,Tryall全分離乳清蛋白35g-經典奶茶,"市場最高蛋白質含量 ,每包含有 28g 蛋白質",6975.0,155
8015267,BIONEO百妮EGF煥膚雙層激活精華40ml,結合EGF因子及淨白杏仁酸,6975.0,25
7063576,霓淨思維他命B5保濕補給面膜6入,VitaminB5-深入肌底高效保濕,6974.0,26
7817637,靠得住蘆薈高透氧護墊26片*4無香14.5cm,蘆薈精華表層,6970.0,82
7375479,15D淨透褲襪6入組-多色任選,消臭加工,6970.0,17
7250927,E-Heart持久隱形雙面雙眼皮貼-寬版132枚,透氣、柔軟、黏性佳，流汗、游泳也不怕！,6965.0,35
7088408,妮維雅涵氧淨白透亮卸妝水400ml,添加水解珍珠，由內而外白皙透亮,6953.0,17
8223919,FLORTTE 花洛莉亞 我愛我小姐臥蠶眼影筆 (多色任選),顏色自然不易顯髒,6930.0,35
7117677,碧菲絲特保濕碳酸泡洗顏180g,3秒立見的濃密碳酸泡沫,6929.0,41
8223922,花知曉 FLOWER KNOWNS 獨角獸水晶唇釉,#J02奶油貝殼/杏桃奶茶色/,6919.0,11
7798387,保麗淨假牙黏著劑60g-清新薄荷,幫助穩固密合，提高舒適性,6909.0,21
8132534,Mdmmd.抑菌衛生棉褲型2片超涼感L-XL,四合一芯片（專利涼芯）,6886.0,74
8025939,freeplus 溫和保濕洗顏慕斯 150ml,植物性胺基酸，溫和洗淨無負擔,6885.0,15
7055463,Biore卸粧凝露120g,徹底卸除持久型粉底、口紅 透明凝露質地清爽不油膩,6880.0,43
7083887,麗仕髮補給膠原蛋白胺基酸護髮乳450g,含黃金比例複合式胺基酸補給髮絲根本幫助重塑柔順、光澤彈潤的秀髮質感。,6877.0,23
8188323,海昌粉紅玻尿酸保養液120ml*3入+60ml(新舊包裝隨機出貨),海昌全新革命保養液 粉紅玻尿酸保養液 操作看得見 使用更方便,6877.0,23
8505184,義大利San Carlo洋芋片50g-多款任選,,6873.0,87
7987809,m2美度 22LAB超能膠原GABA糖衣錠60錠,透過每日睡前的補充，讓你一夜好眠，還能加強Q彈水潤好氣色！,6860.0,7
7054150,好自在INFINITY 液體衛生棉10片日用24cm,FG特優評鑑 91%網友激推!,6854.0,46
7083602,絲花潤澤化妝棉40片,只要1/2化妝水用量，就可進行臉部濕敷、拍打保養,6852.0,138
7546743,【廠商直送】Kiehl’s契爾氏冰河醣蛋白保濕霜125ml(平行輸入),清爽好吸收,6845.0,5
8532631,卡滋爆米花-蠟筆小新造型桶60g-焦糖牛奶,大朋友小朋友新年新氣象，帶著大家喜愛的蠟筆小新偵探造型桶尋找大家的好運氣。,6840.0,10
7450033,KID-O Wafer夾心餅乾隨手包13g*7入-奶油風味,"孟德公司於1979年創立,提供FSSC22000認證高品質商品39年間銷售遍及44個國家,Wafer夾心餅乾隨手包,以格子鬆餅包覆美味順口的經典奶油夾心輕鬆享受隨身的午後小歇的奢華時光。",6834.0,201
7183664,蘇菲極淨肌原生棉超薄潔翼12片3入23cm(新舊包裝隨機出貨),嚴選天然無漂白素材，六大無添加，通過世界權威Dermatest認證，親膚少刺激更安心,6833.0,47
7664414,我的心機保濕鎖水極淨卸妝棉30抽,一抹淨膚鎖水!瞬效卸除全臉彩妝、油脂與髒汙,6831.0,69
7611117,妮維雅男士積雪草原力修護精華乳50g,"專櫃級植萃、舒緩穩定:注入專櫃級保養成分積雪草精萃,100%天然萃取,釋放奇蹟修護力；舒緩肌膚敏感不適、調理乾燥泛紅、溫和穩定膚況",6828.0,12
7681759,大頭兒X驅塵氏香水靜電除塵紙-花漾浪漫-18張,,6825.0,175
8145206,【廠商直送】荷麗美加 上麗高效DD潤澤水防曬60ml,【防曬霸主x妝前隔離】SPF50+/PA++++/★★★★ 高防禦保護力,6824.0,8
7064218,PAIR沛醫亞淨痘調理洗面乳80g,IPMP淨痘抗菌成份，能減少粉刺痘痘的細菌,6810.0,24
7275043,逸萱秀香氛精油洗髮精700ml-薰衣草&鳶尾,【優雅率性的精品級香氛-薰衣草&鳶尾】,6800.0,34
7778577,PurBlanche光采彈潤溫感卸妝凝膠100g,4560221591641,6800.0,10
7198970,BIONEO百妮  玻尿酸保濕化妝水凝露350ml,"多種複合高科技成分,杏仁酸20%、白金膠體水解蠶絲、白藜蘆醇、及白松露萃取等,質地細緻與肌膚高度親脂性作用,有效吸收滲透到達肌膚底層,漸進式細緻毛孔,讓肌膚透出健康自然的亮白光采",6783.0,17
7108213,肌研極潤金緻特濃保濕精華水170ml(新舊包裝隨機出貨),獨家7重玻尿酸保濕精華，極致濃潤卻能迅速吸收,6783.0,17
8221611,NES cosmetics刷具清潔液200ml,溫和型刷具清潔液，具有快乾、除菌效果，使用後不需再次水洗，即可完成彩妝刷具的清潔。,6783.0,17
7097635,康乃馨 Double Care 加護抗菌潔膚巾10片2入(新舊包裝隨機出貨),抗菌濕巾,6753.0,255
7099619,喜能復青春抗菌祛印凝膠 10g,瑞士藥廠研發抗菌祛印配方，淡化出油問題瑕疵,6750.0,15
7308129,一家人益生菌抗屑洗髮精400ml,天然起泡劑添加獨家細緻泡沫配方,6750.0,15
7440225,野口研究極品金盞花葉黃素膠囊30粒,4903361680712,6750.0,9
7435990,格安德醫用口罩50入紫,4713072040701,6732.0,68
7135946,莉婕泡沫染髮劑-晨霧亞麻灰色(新舊包裝隨機出貨),獨家光影雙色調色技術，讓髮色在光影下呈現不同變化,6725.0,25
7088654,Biore抗菌洗手慕絲補充瓶450ml-自然清香,溫和弱酸性配方  全家人適用,6724.0,52
7426718,記陽假牙清潔錠(未滅菌)120錠入,4971902070018,6722.0,25
7360452,【廠商直送】KIEHL’S契爾氏遜白泥淨緻毛孔面膜125ml(平行輸入),深層清潔淨化毛孔,6720.0,8
7048683,SEXYLOOK酵素泡沫洗面乳120g,超濃密泡沫搭配高起泡力，水果酵素萃取保濕配方，洗淨後完全不緊繃乾澀,6708.0,52
7794533,森田藥粧粉超貼妝前保濕面膜3入,敷上粉超貼面膜，替肌膚做好妝前保濕,6692.0,28
7324714,弘陽Vegan Jerky50g-法式松露風味,"法式松露的香味撲鼻而來,一咬下就能感受充滿著松露深邃又細膩濃烈的香味",6682.0,193
8196381,思波綺瞬亮修護護髮霜180g升級版,針對扁塌、細軟的受損髮絲賦予蓬鬆彈性，,6677.0,27
8532407,巴黎萊雅男士八效勁能護膚組,深度清潔 瞬效除汙,6642.0,18
8561606,INTEGRATE 光燦甜星眉眼盤贈刷具組OR711 12g,自由變化眼神印象的眼影盒好搭配的漸層色能貼合眼窩,6636.0,12
7567854,INTEGRATE 光透素裸顏蜜粉餅限定組 (贈粉盒),如同開啟濾鏡般瞬間修正膚色，實現透明感素顏美肌！,6631.0,19
7097829,型色家植萃添加護髮染髮霜-780霧感就是藍,免漂髮也能染出霧感髮色,6631.0,19
7342559,Tryall濃縮乳清蛋白500g-經典奶茶,每份濃縮乳清(25公克)中約含36公克BCAAs,6630.0,17
7054166,Ariel超濃縮抗菌洗衣精900g-室內晾衣,日本熱銷NO.1抗菌洗衣專家,6619.0,51
7135255,Farcent香水奇蹟洗髮露600ml-微醺小蒼蘭,前、中、後調層次香水香氛,6613.0,17
7556206,【廠商直送】The Ordinary去角質果酸30ml(公司貨),無香精添加,6600.0,12
7108435,艾瑪絲玫瑰強健豐盈洗髮精400ml(新舊包裝隨機出貨),育髮配方更升級！核心成分深入毛髮根部，探討問題根源,6600.0,12
7098742,Dr.HUANG溫和清潔洗面慕絲150ml,溫和胺基酸潔膚成分，中性pH值親膚不易刺激,6600.0,12
7122096,金緻護髮精油植萃精華100ml-重度受損,添加頂級髮油精華、滋潤度升級30%,6589.0,11
7537850,KLORANE 蔻蘿蘭養髮強韌洗髮精400ml,營養頭皮、鞏固髮根、強韌髮絲,6589.0,11
7064644,萊雅活力緊緻抗皺緊實眼霜 15ml-2022版,針對亞洲女性最在意的8大老化問題,6588.0,12
7083597,蘇菲超輕柔超薄護墊40片3入清新花香,日本開發天然柔織表層,6586.0,49
7575378,Elastine夢幻花語奢華香水洗髮精600ml-亮澤護色款,1.夢幻花語-添加植物油精粹成分，有效減緩染後退色,6580.0,20
7069312,康乃馨水濕巾Hi-Water80片(新舊包裝隨機出貨),質地輕柔：純棉質感，給寶寶輕柔呵護。,6570.0,146
7072835,優您事動物衛生套12入-隱形貓咪超薄型,來自歐爸的最愛,6567.0,33
7386527,Mdmmd.Upra醒膚凍齡露120ml,"添加複方精萃酵母萃取液,有效改善粗糙膚質",6560.0,8
7044762,Farcent香水衣物香氛袋3入-多款任選,法國精品香水香氛，經典香水香氛袋,6557.0,83
7382256,神煥KF94醫療成人立體口罩10入,"95%以上濾效,3D立體造型設計好呼吸不貼臉不悶熱不沾口紅,下顎貼合全方位防護有效阻隔,高彈力耳帶長時間配戴不疼痛!",6533.0,47
7815179,獅王NONIO終結口氣漱口水600ml-亮白,亮白ケア配方使附著齒面的黃垢浮出並去除，牙齒光滑透亮。,6533.0,47
7044859,Kiss Me護手霜-75g,抗菌新配方！抑制壞菌孳生。,6528.0,32
8176016,ARIEL超濃縮抗菌抗蟎洗衣精910G,透過日常洗衣，輕鬆對抗過敏原,6507.0,43
7049888,霓淨思玻尿酸保濕洗面乳125ml,彈力細緻泡沬，溫柔洗淨毛孔髒汙,6495.0,15
7672724,【廠商直送】箱購-韓國原辰面膜50入-粉色胜態緊緻,,6495.0,5
7931740,GANO彈潤光透美容水凝膠80g,,6495.0,5
7162116,(箱購)嬌生嬰兒純水柔溼巾加厚型80片12入,含優質純水配方,6487.0,13
7491197,PAIR沛醫亞抗痘濕敷保養組,4710530999823,6487.0,13
7966519,洗顏專科超微米潔顏乳n (加大版),濃密蠶絲蛋白泡泡的溫和包覆,6480.0,48
7257930,VISEE 晶緞璃花眼影盒,1. 如奶油般輕融於肌膚，疊擦變化發色效果。,6480.0,18
8022309,TRUU 76酵母胺基酸淨膚潔顏露 新包裝(霧面瓶身)150g,,6480.0,6
7760042,BB 5%膠原蛋白彈力精華30ml,補水滋養/彈嫩飽滿/光滑緊緻/調整肌理,6460.0,17
7300102,小林創護寧液體絆創膏10g,依刊登商品圖檔內容所示,6453.0,27
7824255,Mude纖長睫毛膏 (2色任選),自然不暈染、根根分明，讓睫毛捲翹一整天！,6451.0,13
8302534,【廠商直送】THOMSON-微電腦溫控單人電熱毯,智慧型恆溫設計，微電腦五段溫度控制,6450.0,5
7326841,舒芙蕾 親膚莫代爾棉內褲,科技創新： 莫代爾+裸氨32針織，彈力親膚，輕薄透氣,6444.0,36
7823840,莉婕頂級奶霜泡沫染髮劑-晨露薰衣草灰,含有蜂王漿菁華(保濕成分)、水解絲菁華(毛髮保護成分),6441.0,19
8118871,凡士林菸鹼醯胺淨光無瑕身體乳250ml,開啟凡士林肌膚保養，微生態修護科學,6439.0,11
7323076,Lumina羽量級假睫毛10對入-CR07,1.品質優良梗線乾淨、柔軟，不刺激眼皮，不造成眼臉負擔。,6417.0,23
7108374,有田雪屋米果190g-原味,仙貝為純米烘烤製品,6399.0,81
7403717,全日營養 青汁果凍條10gx28包,4582316410439,6392.0,8
7403729,全日營養DHA_EPA魚油果凍條10gx28包,4582316410453,6392.0,8
7977918,Solone榛果訂製層次腮紅刷/AC04,,6390.0,30
7228590,我的心機安瓶胜肽撫紋滾珠眼部精華15ml,安瓶高凝縮植油乳配方，結合4種植萃、2種美容油，溫和調理肌膚油脂平衡，鎖住肌膚年輕光采,6384.0,16
8235408,我的心機玫瑰花蜜酸保濕潔顏慕斯150ml,特別添加玫瑰花蜜酸，清潔同時溫和去除老廢角質，水提高肌膚保濕度，散發別緻玫瑰香氣。,6384.0,16
7114670,蕾朵兒Ladoore 女王峰範完美『EF』大罩杯隱形內衣,隱形內衣第一品牌,6370.0,13
7655588,Elastine胺基酸免沖洗護髮乳100ml-小蒼蘭,1. 充滿水潤感! 將營養完全吸收的免沖洗劑型,6368.0,32
7083675,KAFEN還原酸系列深層護髮素(黃)250ml,強化髮根、修護髮絲 撫平毛鱗片,6365.0,67
7165697,KissMe花漾美姬超！持久立挺翹濃防水睫毛膏,•超持久防水配方，強力抗淚、汗水、皮脂、口罩濕氣、摩擦，不脫妝、不暈染、不尷尬。,6360.0,15
7308328,善存成人立體醫用口罩25入-多色任選,立體空間設計,6358.0,22
8156233,【廠商直送】美德醫用口罩大童50入3盒-擇一顏色,經防潑水處理，阻擋飛沫及顆粒粉,6346.0,16
7088370,妮維雅極緻保濕護唇膏4.8g(新舊包裝隨機出貨),蘆薈保濕精華能提供密集保濕，並深層鎖住水分，達到卓越保濕效果。,6339.0,71
7268158,棉花共和國 CR Function暖漾光 抗菌蓄熱圓領女長袖發熱衣,遠紅外線發熱纖維蓄熱保暖,6320.0,16
7319116,I’M MEME我愛零粉感薄霧氣墊粉餅,超輕盈質地，上臉無負擔,6320.0,8
7470355,巴黎萊雅活力緊緻積雪草修護奇蹟露組,積雪草優異的修復能量，修護各種肌膚的歲月傷害,6320.0,8
7064635,萊雅科研淨白深層淨斑精萃 30ml-2022版,ActylC*：衛生署許可的維生素C衍生物，有效抑黑淨白，改善頑固斑點，抑制新生黑色素。,6320.0,8
7327019,舒潔濕式衛生紙10抽3入(新舊包裝隨機出貨),適量的水分使用過後不會濕濕的不舒服。,6313.0,107
7913486,水之印 健康浸透防曬乳SPF50 PA++ 45g,日本植萃精華成分添加，天然原料使用，預防一般日常紫外線，親子可用！不黏膩、不死白,6308.0,19
7230486,高絲植淬白潤肌精完美無瑕BB霜,專為台灣女性膚色開發,6308.0,19
7098843,Biore淨嫩沐浴乳補充包700g-浪漫櫻花香,柔和浪漫的櫻花香氛，沉浸如春日裡瀰漫的愉悅舒心,6301.0,53
7278963,箱購-樂品無染洗臉巾(雙效款)100抽*9包(新舊包裝隨機出貨),●無螢光劑、無漂白劑、不留棉絮,6291.0,9
7622431,【廠商直送】巧福免手不繡鋼大平板拖把乾溼兩用UC-107W(2入組),免沾手免手擰 洗脫合一完美結合，清潔效率提升3倍,6291.0,9
7961410,【廠商直送】AVEDA木質按摩梳-大(平行輸入),人氣熱賣品牌,6291.0,9
7049955,DR.WU超逆齡修復精華乳50ml,全面提升彈性 一抹實現膨彈潤,6291.0,7
7049894,霓淨思毛孔深層清潔泥100ml,天然礦泥+活性碳+地中海火山灰，鬆動粉刺根基,6282.0,18
7135917,型色家植萃護髮染髮霜-683霧感精靈藍,免漂髮也能染出霧感髮色,6282.0,18
7470815,ROSSMAX手臂式X1手臂式血壓計,4715139501637,6280.0,4
7105680,我的心機淨化調理毛孔細緻黑面膜8入,以「先淨膚再導入」翻轉肌膚概念，綻放淨透亮!,6279.0,21
7105437,沙威隆潔身液1000ml,源自英國 抗菌第一品牌,6265.0,35
7480133,CSD中衛醫療口罩50入_藍,4711908806934,6250.0,25
7213883,DARLIE好來超氟牙膏250g*3-強化琺瑯質,透過再礦化即時修護牙齒琺瑯質,6249.0,21
7044715,凱婷 雙用立體眉彩筆W (銳角扁平芯),持久不掉色,6230.0,18
7091017,水之印高機能緊緻抗老乳液130ml,讓肌膚迅速回復彈力、緊實，蛻變為充滿光采亮澤的年輕肌膚。,6230.0,15
7122328,Lucido-L摩洛哥護髮精華油60ml,1.羽毛般輕盈,6225.0,25
7063518,艾惟諾燕麥高效舒緩護手霜100g,含天然燕麥萃取，能鎖住手部肌膚水份。,6225.0,25
7055342,樂品絲薄化妝棉1000枚盒裝 (包裝隨機出貨),超薄設計，親膚不掉屑,6205.0,73
7629271,Crest鑽白凝露25g,居家保養超方便，不須沖洗，一抹鑽白牙齒,6195.0,5
7048775,阿華田營養巧克力麥芽飲品 20g*13入,源自瑞士百年麥芽經典,6192.0,48
7050174,Dr.FreeVenus藝群胜太緊緻眼霜-15ml,提供眼睛四周肌膚皮膚滋潤，維持肌膚彈性，緊緻肌膚，撫平細紋,6192.0,9
7448150,膳魔師保溫杯480ml-多色任選,旋轉上蓋即可飲用，無飲用方向限制,6190.0,10
7292620,Queen Bee北海道薰衣草精油柔膚皂80g*4,彷彿沐浴在薰衣草花田的Queen Bee北海道薰衣草精油柔膚皂~,6188.0,52
7053366,我的心機嫩白柔滑身體去角質250ml-牛奶蛋白,添加水解牛奶蛋白,6169.0,31
8509264,日本製 小白兔暖暖包10入(手握式) 24h,,6162.0,78
8189317,Dasique九宮格眼影盤 -多色任選,♡九宮格眼影盤♡,6160.0,7
8214503,SABA電子觸控不挑鍋電陶爐 SAHS01F,,6160.0,4
7665279,舒潔Viva抗病毒酒精清潔濕巾 60抽,99.9%強效抗菌,6150.0,82
8058214,金緻護髮精油100ml-極乾燥受損髮適用(棕) #護髮流金安瓶,深層滋養受損髮芯，讓秀髮恢復光澤與彈性。,6149.0,11
7436611,李施德霖柚戀百香漱口水500ml,配合正確刷牙習慣，能幫助去除牙菌斑，預防牙齦問題。特有精油配方，不含酒精，口感温和，天天使用清新好口氣。*配合正確刷牙習慣,6138.0,22
7251573,Za 超磁久無瑕美肌粉底液25mL(多色可選),Perfect fit 服貼不暗沉，毛孔隱形、均勻膚色！,6137.0,19
7072845,日本獅王細潔護齦牙刷-超極細毛(顏色隨機出貨),薄型刷頭，更能深入口腔深處難刷部位。,6136.0,104
7404234,經口補水對策飲料500ml,4987332406334,6120.0,136
7230628,高絲植淬白潤肌精玻尿酸超淨白乳液I-清爽,藉由傳明酸、虎耳草淬取液的凈白功效,6120.0,20
7466184,小白兔暖暖包_24hr_10入,4987072078860,6116.0,44
7145365,MEKO 柔紗唯霧氣墊粉餅SPF10 (共3色),特別添加印加果油及控油配方,6102.0,18
7601986,卡樂比富果樂麥片350g-減糖,香香脆脆新早餐減糖版 簡單方便最適合匆忙的早上!,6099.0,31
7512732,凱婷 雙用立體眉彩筆W(銳角扁平芯)限定組01,不易掉色的高顯色眉彩膏，輕鬆打造蓬鬆立體眉,6090.0,18
7094433,森田藥粧馬油Q10修護護手霜70ml,馬油、玻尿酸保濕、Q10、乳油木果油修護成份,6086.0,34
7268506,巴黎萊雅金緻護髮精油30ml迷你版(棕)(新舊包裝隨機出貨),開架第一瓶媲美沙龍級護髮精油,6084.0,36
7108430,艾瑪絲草本強健養髮精華液40ml(新舊包裝隨機出貨),出油頭皮、油性頭皮屑頭皮癢、毛囊引起之不舒服者適用,6080.0,19
7307707,挺立鈣強力錠60+28錠超值組,一錠補充600毫克有效鈣,6072.0,8
7278417,麗仕清爽香氛沐浴乳-綠茶白桃1L,凝萃恒香™ 精油,6064.0,34
7290637,艾瑪絲草本胺基酸每日健康洗髮精520ml(新舊包裝隨機出貨),商品特色,6061.0,19
7286080,Persil強效淨垢護色洗衣凝露補充包1.5L,脂肪分解酶去除油脂 、口紅 。蛋白質分解酶去除血漬 、奶漬 、汙漬 。,6061.0,19
7041978,待刪除-KissMe花漾美姬細睫控360°零死角睫毛膏,1. 3.9mm三角極細刷頭，360°刷出根根分明的自然天生睫,6052.0,17
7426700,佐藤雅雪舒牙膏200g,349873337043,6050.0,11
7468506,日藥本舖醫用平面口罩25入經典藍,4713072040794,6039.0,61
7261472,舒潔袖珍包面紙10抽30入(新舊包裝隨機出貨),迪士尼可愛限定版,6039.0,61
7180846,(箱購)優生99.9%抗菌酒精濕巾-超厚型24包入,本品含有抗菌成分，對大腸桿菌和金黃色葡萄球菌有抗菌作用，遠離細菌。,6036.0,3
7427407,P&G_Ariel_BIO微香潔淨3D洗衣膠球30P補,4902430491792,6019.0,33
7091912,立頓花草茶茶包13入-多款任選,0%咖啡因、人工香料,6018.0,42
7105462,CIELO宣若EX染髮霜-4M摩卡棕,簡單一按，不用攪拌，淡雅香味不刺鼻,6004.0,16
7549164,中衛醫療口罩30入-豹吻,搭配秋冬服飾的最佳時尚配件,6000.0,20
7266243,【廠商直送-公司貨】SK-II 超肌因鑽光淨白精華 75ml,原廠公司貨,5999.0,1
7088671,莉婕頂級奶霜泡沫染髮劑-3R玫瑰棕色,極致遮白！泡沫綿著力4倍提昇，包覆滲透髮絲,5991.0,19
7098794,我的健康日記六效乳酸菌高鈣配方30入,美國13項專利+BC30菌株,5990.0,10
7931576,醫強75%酒精液4L,,5990.0,10
8069914,舒特膚長效精華乳85g,1週修復保濕屏障,5990.0,10
7163355,生發75% 清菌酒精液 4L,,5990.0,10
7268511,INNEX植萃賦活 頭皮去角質淨化液200ml,以Akomplex®花酸精萃溫和淨化頭皮角質,5988.0,12
8549249,卡翠絲迪士尼反派眼影盤,卡翠絲 X 迪士尼反派聯名眼影盤~,5988.0,12
8119851,我的心機T96水楊酸抗痘粉露30ml,衛署粧製字第 006559號,5988.0,12
7278246,Rico-陶瓷塗層彈跳杯500ML-多色任選,不銹鋼內蓋設計，耐高溫，無塑化劑，環保安全。,5988.0,12
7183556,蘇菲極淨肌天然草本抑菌潔翼12片3入23cm,含兒茶素精華 抑菌日台雙認證,5985.0,45
8276792,ReEn琍艷韓方護髮染髮霜-暖紅棕色,韓國連續7年銷售 NO.1染髮霜*！,5985.0,15
7064440,肌研極潤抗皺緊實高機能化粧水170ml,雙重抗皺賦活因子，完美結合彈力蛋白與膠原蛋白，由內而外提升肌膚彈性，撫平細紋。,5985.0,15
8130537,韓國isLeaf護髮精華油110ml毛躁受損,,5985.0,15
7083884,麗仕髮補給角蛋白胺基酸護髮乳450g,含黃金比例複合式胺基酸補給髮絲根本幫助重塑柔順、光澤彈潤的秀髮質感。,5980.0,20
7326783,SALON DE MAGIE沙龍安瓶護髮素200ml,健髮強韌，頂級專業沙龍安瓶護髮素。,5980.0,20
7083683,KAFEN生薑韌髮頭皮洗髮精500ml,萃取生薑原液 使頭髮柔順富彈性,5978.0,22
7823586,Biore淨嫩沐浴乳1000g-野莓小蒼蘭蘇打,潔淨舒爽：日本創新研發「礦物來源溫和潔淨配方」,5977.0,43
7066335,Mdmmd.抑菌衛生棉8片超涼感24.5cm,吸水力升級！經SGS認證夜用型50.62倍吸水力,5972.0,68
7062372,史邁爾衛生套12入-3IN1型,多重享受 一次擁有,5970.0,30
7372818,京田製菓波力酸乳風味飲料220ml-多款任選,波力救援小隊圖案超可愛,5966.0,157
8514594,KINYO迷你陶瓷電暖器黑NEH-120,,5960.0,4
7083616,來復易吸水淨爽護墊40片微量型,確實吸收水分、異味,5959.0,101
7692961,76酵母胺基酸淨膚潔顏露（防滑升級版）【蔡頤榛推薦】,｜76酵母胺基酸淨膚潔顏露｜,5958.0,4
7076954,3點一刻經典奶茶袋裝300g-多款任選,真茶葉。真奶茶，首創「茶包式奶茶」,5950.0,35
7722426,ALLIE 持采UV高效防曬亮顏飾底乳EX 60g,年預防泛油光、脫粧，明亮肌膚粧效※1,5950.0,7
7816904,匠心醫用級成人平面口罩50入宇治抹茶,4719872075608,5940.0,27
7341935,CNP蜂膠能量彈潤氣墊粉餅#21 SPF50+ PA,"添加一整罐蜂膠安瓶的保養型氣墊粉餅,強大營養能量能使肌膚彈潤水亮,高遮瑕度的細緻粉末讓肌膚水潤無瑕",5940.0,6
8127331,【廠商直送】【pure.tiful純淨妍】打造完美無瑕肌組,淨化毛孔 油水平衡,5940.0,3
7090176,牙周適牙齦護理牙膏100g,給刷牙發現流血的你或家人使用,5939.0,31
7426450,立得清75%酒精擦50抽,4710347096524,5934.0,86
8143610,魅尚萱完美護髮精油80ml滋養,極度損傷髮也能變得柔軟光澤,5933.0,17
8121724,AM 迷光掠影眼彩盒 (多款任選),,5930.0,5
8551915,潘婷PRO-V水潤洗髮露530ml防斷+髮膜2入,潔淨頭皮 滋潤水養髮絲,5922.0,18
7403776,Pelican泥炭石洗面皂,4976631648545,5915.0,35
7565317,水之印 健康浸透水凝霜100g (臉身體適用),打造健康肌膚,5901.0,21
7993120,獅子寶寶兒童洗髮露500ml柔順,兒童配方4 歲以上適用,5891.0,20
7446820,麗奇14度牙周對策牙刷-敏感專用軟毛(紅色/藍色隨機出貨),"人體工學14°刷頭設計,符合牙醫師專業口鏡工具角度,清潔口腔無死角。",5889.0,63
7086530,海倫仙度絲去屑洗髮乳750ml-小蒼蘭香氛(新舊包裝隨機出貨),"海倫仙度絲推出3D頭皮護理,含微米泡沫",5886.0,24
7734750,POYA Care x 大漢酵素晶潤妍酵飲50ml,植萃美妍/自帶養顏濾鏡,5885.0,107
7322297,霓淨思N3冰河醣蛋白深層保濕面膜6片,高效傳導-有效成分瞬效吸收,5873.0,27
7305849,多芬一分鐘胜肽修護髮膜280g,防斷、柔順、保濕,5859.0,31
7664268,極淨適擦鞋去汙濕巾12抽*5入組,,5859.0,31
7056038,良澔金朝鮮海苔36g-原味,1.口感清脆,5848.0,84
7380436,樂品-手捲衣物壓縮袋10入組-35x48cm,換季收納的好幫手,5841.0,59
7083867,多芬輕潤保濕一分鐘護髮精華180ml,日本專利髮纖維修護科技  超效水潤配方 10倍δ精華油添加,5831.0,49
8096730,高絲涵萃 潤肌精 柔潤水感美肌組,Ⅱ滋潤型：潤澤親膚性佳的觸感。,5824.0,16
7319699,御衣坊橘子洗碗精1000ml,質地溫和親膚不咬手,5815.0,105
8561605,INTEGRATE 柔焦輕透美肌BB霜贈粉底刷組#1明亮色 30mL,高遮瑕 x 高防曬 x 極輕透一瓶打造完美妝效,5814.0,18
7108671,潘婷染燙修護潤髮精華素700ml(新舊包裝轉換中 隨機出貨),"微小綿密泡沫,深入清潔,帶走雜質。",5811.0,29
7802719,棉花共和國 CR 抗菌女用加大免洗棉褲3入,"嚴選材質舒適好穿,清爽透氣",5805.0,45
7907941,ROSE IS A ROSE零著感ZBra套組-F,輕盈 無痕 透氣,5800.0,10
8169264,Lovita愛維他胺基酸螯合鋅30mg 60顆,胺基酸螯合鋅，吸收率最高,5800.0,10
7183451,蘇菲極淨肌原生棉超薄潔翼15片2入29cm(新舊包裝隨機出貨),嚴選天然無漂白素材，六大無添加，通過世界權威Dermatest認證，親膚少刺激更安心,5799.0,41
7068860,靠得住溫柔宣言輕柔棉貼身11片3入28cm(新舊包裝隨機出貨),Kotex 靠得住 輕柔綿,5798.0,42
7087762,好立善成人綜合維他命發泡錠20錠,24種營養素，快速好吸收，額外添加葉黃素配方，讓保健效果事半功倍，補足現代人飲食的攝取失衡。,5788.0,32
7090940,(新)惹我眉筆,修飾眉型,5780.0,85
7090146,高露潔抗敏感微晶鹽護齦牙膏,獨特的微晶鹽強化配方，刷牙同時能形成細微晶鹽護齦泡沫，直達敏感牙齒外露部位,5771.0,29
7268508,巴黎萊雅金緻護髮精油30ml迷你版(玫瑰精華),護髮/髮油/免沖洗!!,5768.0,32
7135941,莉婕頂級奶霜泡沫染髮劑-東京晨光米棕,專為少量白髮設計，時尚髮色也能均勻遮白,5763.0,17
7480165,匠心韓版魚型醫療級口罩20入伯爵奶茶,4719872075530,5760.0,24
7099620,喜能復修護凝膠20g,瑞士藥廠研發專業皮膚修護配方，熱銷全球,5751.0,9
7260878,肌研極潤完美多效高保濕凝霜UV 90g,嚴選3重高效保濕精華「維他命C誘導體、玻尿酸、水解玻尿酸」，能深入肌底鎖住水分，避免冷氣房或陽光造成乾燥粗糙，一整天長效水潤,5748.0,12
7042092,(已結束合作)倫敦芮魅Rimmel 25H極限長效持久粉底液 (新舊包裝隨機出貨),立即修飾斑點瑕疵,5745.0,15
7253718,極淨適抗菌酒精擦濕巾100抽,"\"\"\"適用範圍─用餐前後、物品玩具、居家用品、廚房傢俱、生活環境。",5742.0,58
7089221,絲蘊無矽靈薑萃取強健髮根洗髮乳750ml,活絡頭皮並針對髮根強化修護,5728.0,32
8096741,高絲植淬白 潤肌精 淨透美白滋潤組,藉由浸潤透白精華※的功效、持續使用可抑制黑色素生成、維持不易生成黑斑的高度透亮感美肌。,5720.0,13
7044707,凱婷 色影迷棕眼影盒(多款任選),日常百搭好上手 彩色不敗眼影盒,5712.0,16
7105903,麗仕精油香氛沐浴乳1L-日本櫻花,日本櫻花搭配法國茉莉香氛，散發清新甜美花香,5706.0,32
7668841,BB 2%無酸抗荳調理精華15ml,針對油性肌及痘痘肌全方位調理。,5700.0,15
8195016,VISEE玩霧緻尚唇膏 (多款任選),雖是霧面質地卻輕盈通透融於肌膚的水潤唇膏，打造輕柔率性的精緻霧面唇粧。,5700.0,15
7823724,Biore淨嫩沐浴乳1000g-英國梨與杏桃花,天天溫和屏護肌膚，洗出健康柔嫩膚質,5699.0,41
7099667,3M纖柔快乾頭巾,帽型包覆，輕鬆固定髮絲,5698.0,22
8015454,茶樹莊園抗菌洗手慕斯補充瓶500g茶樹檸檬,添加澳洲茶樹精油、檸檬精油,5696.0,64
7105859,多芬胺基酸深層修護潤髮乳700g(新舊包裝隨機出貨),強韌髮絲: 配方添加小分子胜肽修護因子，修護受損易斷髮,5694.0,26
7053414,美麗日記玻尿酸極效保濕面膜8入,長效保濕、水透光澤,5694.0,26
7298765,蕾妮亞極吸好眠衛生棉夜用6片35cm(新舊包裝隨機出貨),極吸倍x極貼身形,5688.0,158
7094405,豐台灣保濕純露滴滴面膜5入,優質草本保養美學,5681.0,19
7689075,霓淨思超爆水面膜5片-透亮煥白,巴西莓果精萃，重現年輕煥白,5681.0,19
7470853,【我的健康日記】夜食 酵素30包,4713575101688,5680.0,8
7094839,美麗日記玫瑰保濕花萃面膜7入,複合花萃原液，融合多元蠶絲因子,5671.0,29
8196377,思波綺瞬亮修護潤髮乳490ml升級版,針對扁塌、細軟的受損髮絲賦予蓬鬆彈性，,5671.0,20
8250894,Crest 3DWhite鑽感鎖白牙膏107g-鑽白,美國進口 ,5670.0,30
7440332,遠東超級爆燃代謝薑黃膠囊EX_30粒,4715614010012,5670.0,7
7094840,美麗日記官燕窩頂級全效面膜8入,保濕並調理肌膚紊亂粗糙角質,5662.0,38
7213510,Ariel超濃縮抗菌洗衣精補充1520g,99.9%抗菌,5659.0,21
7425143,懷舊九州熊本蒜味風味拉麵2人份220g,4543268075558,5658.0,82
7882462,MEKO精修大師訂製三色遮瑕盤(共三色),專為亞洲肌膚特調色系，修飾黑眼圈痘疤,5655.0,29
7098867,莉婕泡沫染髮劑108ml-自然黑色(新舊包裝隨機出貨),1. 配方新升級，深色髮也能輕鬆上色，打造出沙龍級柔和透亮髮色。,5649.0,21
7512688,美吾髮卡樂芙泡沫染髮劑50g+50g-煙嵐霧茶,染髮、護髮、玩髮一次完成,5630.0,23
7239016,靠得住完美封漏夜用棉柔12片28cm (新舊包裝隨機出貨),Kotex 靠得住 完美封漏,5627.0,126
8021535,KISSME花漾美姬勾勒美瞳柔滑眼線膠筆,★柔焦美瞳，與瞳孔色完美融合的棕色調，自然放大雙眼,5627.0,17
7088701,逸萱秀速乾空氣感洗髮精700ml,毛鱗片屏護科技,5600.0,28
7523667,全日營養維生素D3_800IU錠60錠,4960867008235,5600.0,16
7050170,Dr.Free Venus藝群-甘草調理水-150ml,提供肌膚水分，舒緩肌膚乾燥,5600.0,13
7786562,【廠商直送】KS-蠶絲專利網紗抹胸調整型內衣,專利蠶絲親膚舒適,5600.0,7
8529765,AHC超能A醛賦活晚安膠囊30入,撫紋緊緻，逆時抗老，一覺肌膚煥若新生,5596.0,4
7290667,潘婷Miracles煥活根源膠囊髮膜洗護組,,5593.0,17
7307717,善存三效順暢益生菌膠囊60錠,7種益生菌：幫助維持消化道機能,5593.0,7
7599748,霓淨思18%杏仁酸透亮煥膚精華30ml,新一代植萃無痛煥膚權威,5593.0,7
7330371,舒特膚BHR淨白煥新化妝水150ml,"溫和淨白科技GentleBright Technology:海百合萃取、菸鹼醯胺完美複方直達肌底,淡化色斑、減少黑色素生成與堆積,勻稱膚色",5592.0,8
8592788,【福利品】全日營養肝精薑黃飲_食品_100mL,4969726010747,5586.0,147
7228820,我的心機胺基酸保濕泡泡洗顏慕斯150ml,綿密泡泡藉由親膚刷頭與肌膚間細緻輕刷，將泡泡帶入毛孔做溫和的清潔，深層淨化美肌，帶給肌膚一片乾淨！,5586.0,14
8124527,我的心機2%茶樹控油淨化洗顏幕斯150ml,2%茶樹萃取配合法定抗荳繖花醇添加,5586.0,14
7198974,BIONEO百妮 水潤拋光美白霜50ml,"最新「凝水轉化」傳導科技,可將有效美白成分凝聚於水凝乳霜中,按摩後可瞬間於膚表轉化為柔潤的保水薄膜,深入肌膚釋放美白活力成分,密集打擊鉗制各種色素沈澱現象(斑點、暗沈、色素不均等),體驗肌膚真實有感美白",5586.0,14
7053380,我的心機2%水楊酸補水淨白身體乳200ml,採用法定最高濃度2%水楊酸，黃金比例高濃縮水凝精華乳,5586.0,14
8492094,Celefit 蜜桃膚提亮素顏霜 30g,粉色光澤即刻提亮膚色，一瓶維持整天好氣色，任何膚色均能使用，而且主打一瓶多用，不但可以作為妝前打底使用，還可用於身體肌膚局部提亮！富含桃子萃取物、維他命原B5、乳酸桿菌、玻尿酸，有助於鎮靜肌膚，賦予肌膚保濕，展現偽素顏的自然蜜桃光澤感！,5586.0,14
8121437,霓淨思角鯊烷潤澤輕感精華油15ml,即刻柔嫩 超速吸收,5586.0,14
7138614,MKUP燕麥奶眼唇卸妝液,溫和親膚燕麥奶結合淨膚科技，能更快速且深層淨化髒汙，打造保濕與清潔兼具的雙層乳水性卸妝液。,5577.0,33
7053355,我的心機 玻尿酸保濕去角質凝膠120ml,彈潤的水感凝膠質地，輕輕畫圓搓一搓，油光消失！,5572.0,28
7224344,強化靜音 甘丹拖鞋-多色任選,『甘丹拖』捨去繁雜練就最極致靜,5572.0,28
7845380,特殊賣場：全聯2022洗髮活動賣場（人蔘髮／酒粕／千金方／咖啡因）任選兩瓶218元（請務必選兩瓶的倍數）,,5572.0,28
7069353,靠得住茶樹舒涼棉衛生棉18片日薄23cm(新舊包裝隨機出貨),"美國天然茶樹精油, 幫助舒緩生理期不適",5570.0,37
7451716,澳佳寶晶采金盞花葉黃素60顆,金盞花萃取物88毫克,5565.0,7
7083823,ES島嶼花園奢華香水洗髮精600ml-淨化控油,去除頭皮過多油脂添加草本青皮、水薄荷等萃取物幫助護理頭皮含茶樹、積雪草及尤加利樹成分8無添加，無添加：矽靈、石油系界面活性劑、礦物油、五種paraben類防腐劑,5563.0,17
7088639,Biore淨嫩沐浴乳1000g-抗菌清爽型,含綠茶、茶樹、尤加利菁華及抗菌成分，深入毛孔洗淨細菌髒污，預防痘痘形成，並舒緩痘痘肌不適,5560.0,40
7069321,康乃馨清涼衛生棉12片量多25.5cm,1.清涼感,5559.0,93
7436677,格安德兒童平面醫用口罩50入藍,4713072040282,5544.0,56
8219887,莉婕7日極致持色洗髮凝露150g,日本時尚染髮品牌 專業研發-莉婕極致持色系列,5544.0,56
7097802,Elastine大師系列極致淨屑洗髮精770ml,Elastine伊絲婷Master大師系列極致淨屑洗髮精20年技術的累積最有效的頭髮護理系列產品深層去除頭皮多餘油脂及老廢角質幫助頭皮油水平衡、維持健康狀態。,5542.0,11
7432203,Pharmaact無添加洗髮精補充包450ml,4513574007178,5531.0,64
8178897,潘婷PRO-V水潤洗髮露530ml水潤修護,3重護膚保濕黃金成分,5530.0,14
8179175,潘婷PRO-V高濃保濕髮膜12ml*8水潤修護,"3層護膚黃金成分,深層補水填補秀髮空洞。",5530.0,14
8120296,白蘭4X酵素超濃縮洗衣精補充1.5kg-奈米除菌,奈米˙ 除菌 極致潔淨,5520.0,54
7063468,OLAY多元修護霜50G-多款任選,UVA/UVB防曬配方，幫助有效抵禦紫外線,5520.0,8
7098771,TUNEMAKERS原液眼部精萃15ml,精華與眼霜的完美結合,5520.0,4
8206879,迪士尼暖暖包10入-TsumTsum手握式,手握攜帶溫暖隨行,5518.0,62
7169970,美麗日記大馬士革玫瑰面膜8入,舒緩淨白改善暗沉,5513.0,37
7239019,靠得住晚安好眠褲2片均碼,可愛印花,5508.0,108
7090122,DARLIE好來超氟牙膏175g*2-強化琺瑯質,透過再礦化即時修護牙齒琺瑯質,5500.0,44
7327031,靠得住沁涼護墊26片17.5cm,"10分冰爽感,體驗前所未有的冰涼舒適",5493.0,61
7832958,P&G_Bold衣物柔軟4D洗衣膠球清爽39P補,4987176063748,5491.0,19
7083952,Hair Recipe 髮的食譜 米糠溫養豐盈護髮素350g,檸檬青檸香氛,5491.0,9
7053382,待刪除-我的心機高效EX超保濕逆齡撫紋安瓶7入,最新研發專利成分技術，結合植物凝萃精華，,5489.0,11
7819486,熊本強森石默稀洗衣精1200ml,遠紅外線 鈦鍺 石墨稀 銀纖維,5489.0,11
7426902,日本花王 新蒸氣肩頸熱敷貼12P薰衣草香,4901301348128,5483.0,20
7097814,型色家植萃添加染髮補色露200ml-藍紫系,校正髮色 輕鬆上色 持久補色,5478.0,22
7798385,舒酸定長效抗敏牙齦護理牙膏160g,給敏感性牙齒與重視牙齦健康的你,5475.0,25
7105471,CIELO宣若EX染髮霜-7深黑棕,簡單一按，不用攪拌，淡雅香味不刺鼻,5472.0,15
7083938,潘婷Miracles奇蹟柔亮護色護髮素500ml,護色亮澤 修護染燙損傷 滋潤卻不黏膩,5462.0,16
7162159,曼秀雷敦軟膏12g(限定與經典款包裝，隨機出貨不挑款),以薄荷及樟腦配製而成，具清新薄荷香氣,5460.0,70
7999550,風倍清織物除菌消臭噴霧補充320ml-綠茶,真正除臭非掩蓋．獨家專利科技,5450.0,50
7076971,小老闆海苔棒棒捲9入-多款任選,下午茶輕食新選擇,5450.0,50
7088397,妮維雅霜100ml-隨身版,來自德國，擁有百年護膚專業經驗,5445.0,55
7977560,Solone榛果訂製球形定妝刷/AC01,,5440.0,20
7044717,媚點 水灩光唇膏,滋潤柔滑 細緻顯色,5440.0,20
7231392,SOFINA漾緁輕妝綺肌長效粉餅進化版-多款任選,防止因出油造成的泛油光及脫妝的長效控油持妝配方」,5440.0,16
7263828,媚點 美肌修色粧前乳(綠),泛紅神修飾，１０秒清爽出門,5428.0,24
7049906,DR.WU 10%菸鹼醯胺B5舒緩精華15ML,有效緩解泛紅 敏感不適,5422.0,9
7432825,SHILLS馬油修護潤澤手足龜裂霜,4713696626619,5406.0,34
7246203,護妍天使淨瑕修護貼30入,添加淨瑕雙因子-傳明酸 x 積雪草,5400.0,40
7088696,逸萱秀柔亮零毛燥潤髮乳700ml,毛鱗片屏護科技,5400.0,27
8156859,【廠商直送】美德彩色醫用防護口罩50入3盒-擇一顏色,經防潑水處理，阻擋飛沫及顆粒粉,5400.0,12
8121496,Ivenor山茶花油軟膠囊花纖油30粒,甩油三部曲,5400.0,5
8565676,全日營養剛精龍膠囊84粒,4970458820665,5400.0,3
7832797,【請洽門市藥師】Yomeishu藥用養命酒700ml,4987236000027,5393.0,7
7252806,風倍清織物除菌消臭噴霧補充320ml-多款任選,真正除臭非掩蓋．獨家專利科技,5392.0,48
7055733,碧歐斯BIO金萃黃金比例雙精華36g,水感精華 輕質油 完美黃金比例 緊緻老化型粗大毛孔 水油平衡使肌膚光滑細緻,5391.0,9
7125499,美吾髮植優護髮染髮霜40+40ml-自然深棕6,"花植菁萃溫和配方,減少頭髮傷害",5388.0,12
7105489,美源花果香快速染髮霜-7深黑棕色,採用Crystal Cream技術染髮過程清新不刺鼻,5386.0,31
7556428,霓淨思玻尿酸舒活噴霧水900mL豪華組,阿爾卑斯山冰河雪水，提升澎潤度,5383.0,7
7162127,(箱購)白蘭漂白水1500ml 6入,◆ 結合漂白，殺菌，消毒，除臭，是唯一經過雙重過濾程序，能超強力漂白的漂白水,5382.0,18
7092076,韓國蜂蜜柚子茶1kg,富含維生素C及纖維,5380.0,20
7057380,樂品卸妝清潔方巾,台灣製造 ，無添加、不掉屑，安心使用,5375.0,43
7088690,Men’s Biore ONE髮顏體潔淨露480ml-淨皂,髮•顏•體 全效洗淨，一瓶搞定!,5373.0,27
7088774,韓國isLeaf蠶絲蛋白護髮素150ml-茉氣十足,添加蠶絲蛋白 可以調理受損毛躁髮質,5373.0,27
7117672,碧菲絲特溫和即淨眼唇卸妝液145ml,不油膩、不熏眼、不模糊視線,5373.0,27
7557580,阿葵亞瞬護賦活潤髮乳 600ml (新升級),日本專為台灣研發,5373.0,27
7786044,【廠商直送】41度C御守款蒸氣眼罩5片-福虎沉香,快速升溫、豐沛蒸氣、安全控溫,5373.0,27
7440259,DHC維他命D_30粒_30日份,4511413615393,5371.0,60
7091817,統一生機果乾袋裝210g-葡萄乾,1. 選用智利Jumbo規格。,5370.0,90
7072821,LG喜馬拉雅粉鹽胖瓶牙膏285g-花香薄荷,韓國原裝進口特殊劑型按壓式牙膏，時尚包裝讓人隨時守護完美形象，可單手方便操作，每次按壓是一次用量，節省牙膏浪費。 選用最自然的喜馬拉雅山粉晶鹽為主要成份，經過研究證實有效保持口腔健康，降低牙周病發生率、蛀牙、口臭；綿密奶油劑型能快速溶解吸收幫助強健牙齒及牙齦，唇齒間留下茉莉清香與舒爽薄荷香氣，讓你一整天清新怡人好口氣。,5369.0,23
7159416,日本NONIO終結口氣牙膏130g-晶燦亮白,來自獅王口臭科學研究所 淨化口氣專業牙膏。,5364.0,36
7560155,AHC黃金逆時超導胜肽緊緻全臉眼霜10ml,韓國蟬聯4年No1.冠軍眼霜品牌,5364.0,36
7797022,保麗淨局部式假牙清潔錠72片,局部假牙專用，深入金屬溝環死角,5360.0,16
8581574,【廠商直送】RASTO-分離式萬用不沾內層料理鍋AP5,不沾塗層內鍋烤盤:特殊溝槽滴落油脂，清潔去油不費力,5360.0,2
7083924,潘婷3MM多效護髮精華180ml(新舊包裝隨機出貨),第1分鐘 雙重氨基華 密集滋潤髮根至髮尾,5358.0,22
8569444,愛康透芯涼感棉-多款尺寸任選(日用24cm/加長33cm)(新舊包裝隨機出貨),獨家好芯涼 涼感芯片,5355.0,55
7138600,MKUP霸王遮粉底液SPF26,具有出色的遮瑕力。,5355.0,15
7440249,DHC紅嫩鐵素(90日份)-180粒,4511413405000,5340.0,6
8261162,【廠商直送】美德彩色醫用防護口罩50入3盒-按讚藍,經防潑水處理，阻擋飛沫及顆粒粉,5339.0,12
7044897,統一生機梅精球60g,使用南投縣信義鄉農會所製作的青梅精，純度高、風味濃郁、生津止渴，適合上班族、熬夜、常需外食者、遠行出國皆適宜。,5319.0,72
8241866,DARLIE好來全亮白極緻煥白牙貼14入,溫和移除13年沉積牙漬*,5319.0,9
7271838,三多專利高純度魚油軟膠囊30粒,85% Omega-3 高純度 高效能,5306.0,14
7759063,MKUP 輕裸透白珍珠蜜粉,｜輕盈薄透 ｜,5304.0,8
7198977,BIONEO百妮 珍珠光素顏精華乳50ml,"內含高鎖水小分子玻尿酸,及緊緻肌膚的三胜肽成分,並結合以鑽石微粒子與珍珠光感因子為基底的特殊長效型保濕乳霜劑型可兼具深層抗皺乳霜及裸妝感妝前乳的雙重飾底保養功能高效傳明酸使肌膚漸呈白皙透亮及光澤,如素顏一般清新散發自然健康的光采",5301.0,19
8156113,瑪榭加大腳踝加強足弓襪-多色任選,符合人體工學,5293.0,67
7599749,霓淨思杏仁酸瞬效淨痘無瑕精華20ml,24h極效對抗痘痘*,5283.0,17
7279649,蕾妮亞極吸好眠香氛衛生棉8片2入夜35cm,療癒薰衣草香有助放鬆舒緩身心,5282.0,38
7211596,(箱購)驅塵氏抗菌濕拖巾1箱12入-薰衣,"高品質水針不織布,均勻釋放水分,使用更持久",5280.0,10
7098756,TUNEMAKERS滲透型膠原蛋白原液20ml,超低分子 密集修護肌膚緊實,5280.0,6
7605539,佳賀晴假透膚褲襪-多色任選,不易變型、耐勾耐穿、保暖透氣、親膚舒適,5258.0,22
7105807,驅塵氏抗菌濕拖巾12入-多款任選,高品質水針不織布，均勻釋放水分，使用更持久,5251.0,89
7098751,TUNEMAKERS神經醯胺前導原液200%-60ml,200%高濃度 神經醯胺衍生物，清潔後的第一道保養程序，加強肌膚保水度，鞏固表皮屏障，強化後續保養，幫助達到水潤透亮,5250.0,3
7230201,高絲 美顏定格持粧噴霧40ml-迷你瓶,全新噴頭擁有更細緻水霧，形成均勻定粧護膜,5236.0,28
7069322,康乃馨清涼衛生棉10片量多28cm,1.清涼感,5234.0,88
7108450,百利餐具專用海綿菜瓜布3片,輕鬆去垢不刮傷,5220.0,80
7556221,【廠商直送】The Ordinary甘醇酸去角質化妝水240ml(公司貨),無香精添加,5220.0,12
7251556,妮維雅密集保濕修護護手霜75ml,甜杏仁油: 高效滋潤肌膚，舒緩乾燥引發的肌膚不適感,5215.0,35
7351690,毛寶貼身衣物手洗精1000g-玫瑰,清新香氣去味：採用玫瑰天竺葵及墨西哥刺柏植萃精華，柔美優雅的香氣，去除異味，持久留香。,5208.0,52
7140163,呂 薄荷強效控油洗髮精400ml,加強效的頭皮髮根髮絲5重營養修護效果,5202.0,18
7065938,華元波的多洋芋片300g-蚵仔煎,經典傳統台灣小吃口味,5200.0,40
7672726,【廠商直送】箱購-韓國原辰面膜50入-藍色小分子補水,,5196.0,4
7647290,日本獅王適齦佳8效漱口水600ml果香薄荷,PREMIUM 極緻8效 All in One,5192.0,20
8239086,瑪榭花紗無縫抗菌中低腰三角褲,‧ 超強彈性！完全無束縛感,5191.0,29
8094289,【廠商直送】Style格調-經典落地雙桿附輪曬衣架 - 多色任選,雙側掛勾設計,5190.0,6
7816774,肌研極潤α乳霜50g,4719865604259,5187.0,13
8276786,ReEn琍艷韓方護髮染髮霜-明亮淺棕,韓國連續7年銷售 NO.1染髮霜*！,5187.0,13
8207074,寶可夢長袖套裝,,5186.0,14
7098338,麥維他消化餅隨手包199.8g-牛奶朱古力,酥脆的麥維他餅乾奢侈添加24％牛奶巧克力,5175.0,75
7129324,Gliss極致精油修護洗髮乳250ml,深層植萃修護， 修復90%的受損髮質,5174.0,26
7088772,韓國isLeaf咖啡因乾洗髮噴霧150ml-湛藍,控油X蓬鬆X修護X強韌,5174.0,26
7733142,白蘭含熊寶貝洗衣精補充1.6kg-小蒼蘭,含專利消臭因子，輕鬆消除多種異味,5172.0,48
7658321,【廠商直送】高荷重菱形網四層架45x120x178cm-黑,•全包邊平面菱型網片，可直接置放物品不掉落,5170.0,2
7090951,INTEGRATE 長效控油美肌持妝乳25ml,隱藏毛孔、修飾肌理,5168.0,19
8004239,MKUP 狠大眼睫毛膏-可可咖啡,商品特色,5168.0,16
7083962,Farcent香水胺基酸沐浴露780g-微醺小蒼蘭,前、中、後調層次香水香氛,5166.0,14
7083961,Farcent香水胺基酸沐浴露780g-真我星夜,前、中、後調層次香水香氛,5166.0,14
7245501,碧歐斯BIO水感舒緩維他命B5水凝霜50g,舒緩脫屑、緩解敏弱、改善泛紅,5166.0,14
7105444,KAFEN極致修護素(黃)760ml,"可以強健髮根,使秀髮不易斷裂 恢復秀髮彈性",5166.0,14
7183513,蘇菲極淨肌原生棉0.1潔翼10片3入23cm(新舊包裝隨機出貨),嚴選天然無漂白素材，六大無添加，通過世界權威Dermatest認證，親膚少刺激更安心,5165.0,35
7105407,簡單工房竹炭紗毛巾3入,負離子抑菌、滅臭,5160.0,40
7068856,靠得住溫柔宣言草本抑菌13片3入量少型19cm(新舊包裝隨機出貨),Kotex 靠得住 草本抑 菌 乾爽新升級,5160.0,40
7440253,DHC精製魚油(DHA)(30日份)90粒,4511413602270,5160.0,12
7709519,TUNEMAKERS薏仁萃取原液,植物萃取 100%薏仁精華,5160.0,11
7307745,善存女性綜合維他命120錠,"增量維生素C,促進膠原蛋白形成",5154.0,6
7702519,【廠商直送】一家人益生菌30入,YMB520專利菌+優選6種好,5150.0,5
7119039,Plantur39植物與咖啡因洗髮露250ml-染燙,強健髮根，不含矽靈,5148.0,12
8269570,【廠商直送】(箱購)包寧安 純水柔濕巾80抽12包-有蓋,純水製成，無酒精、無刺激,5148.0,11
8186933,日式除塵布30枚,靜電吸附毛髮灰塵不揚塵，除塵效果佳,5145.0,105
7542475,ON THE BODY SPA死海泥沐浴乳-活力木槿花500ML,奢華死海泥浴 養成柔嫩絲綢肌,5144.0,11
7446886,Catch迷你焦糖夾心巧克力192g-牛奶,記憶中甜蜜的味道,5143.0,47
7290645,海倫仙度絲科研去屑洗髮露300g-瞬效止癢,,5143.0,17
7580352,寶哥手工麻花捲150g-多款任選,"小琉球特產直送,創始品牌,榮譽出品,獨家研發,古早味酥脆爽口不油膩",5140.0,60
7569729,Mdmmd.簡單洗水潤沐浴乳1000g-3款任選,美白-美白肌膚，均勻膚色,5136.0,24
7141757,OK莎莎醬260g-多款任選,精選新鮮番茄與鮮甜洋蔥製成，口感清爽又開胃，推薦搭配玉米脆片沾取食用，讓人吮指回味。,5130.0,57
7088704,莉婕染前頭皮隔離凝露20ml,只需染前五分鐘,5127.0,53
7283343,小太陽暖暖包10入-手握式,日本原裝進口,5125.0,41
7111432,ACE大蔓越莓乾180g,"水潤多汁可口鮮美整顆不切片,果實飽滿圓潤",5120.0,16
8176436,TRUU 童 99控油保濕平衡乳50ml,,5120.0,4
7944768,妮維雅泡泡慕斯150ml (兩款任選),植萃泡泡 溫和潔淨,5116.0,34
7098725,三多膠原蛋白300g/罐,對象族群：愛美人士、運動人士,5112.0,8
7068861,靠得住溫柔宣言輕柔棉8片3入夜超長35cm(新舊包裝隨機出貨),Kotex 靠得住 輕柔綿,5111.0,37
7959844,莉婕泡沫染髮劑108ml蜂蜜戚風棕色,獨家光影雙色調色技術，讓髮色在光影下呈現不同變化,5111.0,19
7069359,靠得住茶樹舒涼護墊18片17.5cm,"美國天然茶樹精油, 幫助舒緩生理期不適",5106.0,59
7556124,【廠商直送】The Ordinary 進階刷酸亮白組(公司貨),無香精添加、角質護理,5103.0,7
7049893,霓淨思玻尿酸舒活噴霧水300ml,高保濕X速醒膚，一噴即有感,5102.0,18
7053651,菲力家族細軸棉花棒600支入(新舊包裝隨機出貨),100%棉，柔軟有彈性,5100.0,60
7480135,CSD中衛醫療口罩50入酷黑,4711908805555,5100.0,17
7523709,CSD中衛醫療口罩50入麥飯石灰,4711908805548,5100.0,17
7564021,待刪除-高絲涵萃 潤肌精　透亮清爽美肌組,Ⅰ清爽型：宛如水感浸透般觸感。,5096.0,14
7602202,OLAY光曜精華30ml-高效透白,小白瓶全新升級「添加革糖素*」+41%1更白皙透亮,5094.0,6
7105801,驅塵氏金剛戰神拖把組(新舊包裝隨機出貨),螺旋式動力轉軸，轉速為他牌4倍,5094.0,6
7724518,台塑髮根強化洗髮精三代580g-清爽感,添加獨特複方PCCD髮根活化因子搭配健髮成分（PROCAPIL）及山葵萃取、維他命B3、維他命B6,5092.0,18
7659663,黛絲恩髮根緊緊防斷洗髮精450ml,針對有落髮狀況及受損斷裂髮質開發，獨特山葵萃取配方，提供頭皮養分維持健康環境，使頭髮呈現豐盈蓬鬆感,5083.0,17
7119033,Alpecin咖啡因洗髮露C1-250ml,強健髮根,5083.0,17
7094404,SEXYLOOK海洋青春露面膜4入-特潤修護,將海藻體織進面膜中。,5083.0,17
7054594,元氣堂黃金芝麻EX膠囊30粒/盒,10種紓壓成分，讓你輕鬆樂活,5083.0,17
7053379,我的心機茶樹控油調理荳荳黑面膜8入,幫助調理油脂分泌問題，達到肌膚油水平衡狀態。有效收斂毛孔達到鎮靜舒緩解決痘痘肌問題。,5083.0,17
7088680,莉婕頂級一按即梳染髮霜-4栗子棕色,輕鬆完美遮蓋可見白髮免煩惱日本全新開發一按即掩輕鬆染,5066.0,17
7739666,Avene 雅漾舒敏修護保濕精華乳40ml,舒緩肌膚敏弱不適，有效調理敏弱肌,5065.0,5
7816915,匠心醫用級成人平面口罩50入伯爵奶茶,,5060.0,23
8118883,凡士林全能玻尿酸浸潤修護身體乳250ml,開啟凡士林肌膚保養，微生態修護科學,5041.0,9
7436061,匠心醫用級3D成人L口罩50入藍,4719872072126,5040.0,21
7155164,箱購-麒麟午後紅茶500ml*24入-原味紅茶,採用「Micro Brew製法 」，並使用錫蘭紅茶中的女王「汀布拉Dimbula茶葉」。,5040.0,7
7155165,箱購-麒麟午後紅茶500ml*24入-檸檬紅茶,部分使用具有清新水果般香氣特徵的「努瓦拉艾利亞茶葉」。,5040.0,7
7049837,珂潤Curel 逆齡彈潤特潤霜40g,蘊含高滲透長效補水配方[潤浸保濕Ceramide成分*、桉葉精華、羅漢柏枝植萃滋養成分],5040.0,6
7639147,【廠商直送】Matric 松木5L晶宴電火鍋,大容量5L深鍋，鍋內不沾塗層，鍋外質感烤漆。,5040.0,3
7091818,統一生機果乾袋裝100g-蔓越莓乾,可改變細菌叢生態的特性，亦有幫助維持消化道機能及調節生理機能，不添加人工色素、人工香料，帶給您酸中帶甜的美好滋味。,5037.0,83
7159418,獅王奈米樂超濃縮洗衣精補充900g-抗菌,洗淨後長效抗菌*，同時讓洗衣槽抗菌防霉。,5033.0,17
7094469,碧歐斯BIO蝸牛原液修護嫩滑霜50g,保濕X修護X舒緩　全效合 1,5030.0,8
7140153,呂 滋養韌髮洗髮精400ml-扁塌無力髮專用,改善頭皮與頭髮的9大煩惱,5026.0,14
7222364,舒芙仕 女除毛刀把(敏感肌用)-天然蘆薈 (聯名限量組),獨特潤膚皂,5026.0,14
7088437,妮維雅三重防護輕透防曬乳40ML-多款任選,獨特添加LIC A強化肌膚防禦力，同時對抗光氧化、空氣髒污、紫外線等都市環境中易造成老化傷害的因子。,5022.0,18
7091178,I’M MEME我愛暖茶土色腮紅盤,持妝不飛粉,5020.0,10
7069310,康乃馨寶寶超厚潔膚濕巾補充包80片,質地輕柔：純棉質感，給寶寶輕柔呵護。,5015.0,85
7044763,Farcent香水室內擴香瓶-多款任選,國際調香師嚴選香水香型,5012.0,28
7054597,Avene 雅漾舒護活泉水150ml二入特惠組,有效舒緩肌膚敏弱不適,5011.0,9
8050897,【廠商直送】Prodigy波特鉅-腰下枕-水藍,舒適支撐腰部間的空隙,5008.0,6
7114784,BOTANIST植物性洗髮精460ml受損護理型(新舊包裝隨機出貨),清新優雅的鳶尾花&小蒼蘭,5005.0,10
7993197,堤娜蜜-透氣蕾絲女褲,堤娜蜜-底布鋅抗菌透氣孔蕾絲女褲,5004.0,36
7440633,日方液體絆創膏10g,4987469054514,5000.0,20
7308130,一家人益生菌養髮洗髮精400ml,天然起泡劑添加獨家細緻泡沫配方,5000.0,8
7440143,全日營養膠原美顏C錠150粒,4960867007306,5000.0,5
7064477,曼秀雷敦Magic Color變色潤唇膏-珊瑚橙,塗上雙唇後，會隨著個人嘴唇濕度的不同而變換深淺不同的粉紅色,4995.0,37
7268516,INNEX植萃賦活 防斷修護洗髮精510ml,NaturePep®天然肽蘊含的豐富蛋白質及胺基酸，強化髮質結構，減少髮絲分岔斷裂,4990.0,10
7089827,Dr.Groot 養髮秘帖洗髮精400ml－控油蓬髮,Dr.Groot　通过7種自然草本成分復合物GrootSolutionTM，改善多種頭皮、頭髮問題。,4990.0,10
7893811,UCC冠軍監修醇厚香韻咖啡豆225g,由世界咖啡沖煮⼤賽台灣區冠軍調配，使⽤中焙的哥倫比亞帶出甜桃的果香，搭配巴⻄獨特堅果調性，以瓜地⾺拉的可可尾韻做結束，⼝感圓潤厚實、香氣迷⼈。,4986.0,18
7099666,3M-SPA極緻快乾頭巾,全新立體編織技術,4986.0,14
7253345,妮維雅果漾潤彩蜜唇膏-黑莓(新舊包裝隨機出貨),讓雙唇吸收飽滿的果漾精華，透出健康光彩,4984.0,56
7113416,舒潔紙手帕10抽10入,紙質柔軟，適合柔嫩肌膚,4984.0,56
7512687,卡樂芙奢彩安瓶染髮霜-初午輕霧茶,添加光感持色配方!染髮同時護色固色鎖色!,4980.0,20
8210891,【廠商直送】Kamera 佳美能 溫控式多功能旅行電熱水壺 HD-9642,觸控式操作面板，即時溫度顯示,4980.0,2
7094838,美麗日記修護能亮雙激粹EX+黑珍珠面膜6入,8%海藻萃取精華,4978.0,32
8077882,I DEW CARE葡萄柚C亮顏精華30ml-升級版,維他命CC家族熱銷商品：葡萄柚C亮顏精華，成分、瓶器包裝設計再升級！成分添加乙基維他命C、菸鹼醯胺(維他命B3)、泛醇(維生素原B5)、葡萄柚萃取，讓肌膚更透亮、暗沉Bye Bye~；按壓式壓頭設計，讓每次使用更加方便！,4977.0,7
7298761,待刪除-蕾妮亞舒膚Free夜用超極薄40cm9片,"日本花王專利*舒芙蕾浮點柔層,極細軟纖維讓肌膚無摩擦感,極舒柔又低刺激",4976.0,56
8159376,我的心機 ．身體去角質霜250ml-綠茶淨化,告別老廢角質，迎接細嫩肌膚。,4975.0,25
7044539,森田藥粧青木瓜酵素淨化毛孔去角質凝露130ml,乳酸及植物酵素配方，去除肌膚老化角質,4975.0,25
7789138,91033情侶防滑家居拖鞋,耐磨耐穿 一體成型結構,4972.0,52
7264360,花仙子去味大師衣物香氛袋3入-多款任選,"\"\"\"國際設計師 聶永真跨界聯名設計款",4968.0,72
8077429,【廠商直送】Queen Chef - 美國華福萬用收納IH可拆式不沾鍋(豪華8件組),美國華福不沾、兩道安全設計手柄,4960.0,2
7172300,(箱購)蘇菲超熟睡內褲型衛生棉2片-L*12包/箱,內褲型設計，全方位防漏,4956.0,7
8235253,靠得住完美封漏長夜抑菌8片3入35cm (新舊包裝隨機出貨),全新升級!甲殼素纖維抑菌配方,4951.0,35
7094455,I DEW CARE熊貓眼掰掰眼霜15ml-芭樂C,以芭樂為基調，添加玻尿酸高效養護成分、維生素B3和C,4950.0,11
7089534,BOTANIST植物性洗髮精460ml清爽柔順(新舊包裝隨機出貨),清新優雅的青蘋果和玫瑰香,4950.0,10
8530159,L’EGERE極致雙A緊緻提亮精華液30ml,Double A 激活年輕超進化,4941.0,9
8029711,專科 水潤保濕輕乳霜50g,深層保濕減少肌膚乾紋​,4940.0,12
7227927,Panasonic 碳鋅3號電池-16入,台灣銷售冠軍,4929.0,27
7084197,頂豐TOPPIK增髮纖維12g深棕色,增髮纖維幫你增髮 更增自信,4921.0,7
7255208,花仙子去味大師竹木香80ml-多款任選,持續芳香6-12週，持續散發怡人香氛,4917.0,33
7370153,溫泡 碳酸入浴錠45g20錠入-兩款任選,"溫泉成分x碳酸泡,提升熱浴效果",4913.0,17
7140160,呂 山茶花瞬效修護洗髮精400ml,加強效的頭皮髮根髮絲5重營養修護效果,4913.0,17
7427431,P&G_Ariel新3室內晾衣專用3D洗衣膠球17P本,4902430143943,4905.0,45
7964829,BB 4%蜂王乳+Q10活顏精華乳30ml,高濃度4%蜂王乳，蘊含胺基酸、蛋白質及微量元素等營養成分，具強力的修復及活化肌膚功效。,4900.0,10
8504754,KOSE涵萃潤肌精水感滋潤保養組,乾燥肌潤澤保養再升級!洗臉後只要兩瓶 跟惱人乾燥季道別!,4896.0,12
8239104,【廠商直送】(箱購)野田社純水濕紙巾80抽36入-黑款,加厚布料舒適柔韌,4896.0,4
7098808,美吾髮快速染#自然栗4(補充包) 40+40gm,"食品級植萃成分, 4倍植護科技, 維護頭皮健康",4895.0,35
7049947,DR.WU 3%白藜蘆醇亮白修護精華15ml,提升修護力，掃除暗沉疲憊,4893.0,8
8522489,碧歐斯BIO 24K金撫紋嫩透組,0,4893.0,7
8074590,【團購】PAPA's農場蘋果汁100mlx20入盒裝(預計出貨日1/11),100%NFC原汁,4893.0,7
7379214,樂扣樂扣-彈跳316咖啡杯550ml-海軍藍,開蓋鎖定鍵二合一設計，左右滑動設定鎖定狀態，避免誤觸彈開。,4893.0,7
7665282,艾諾琪-大師系列-M522坡型遮瑕刷,坡形設計貼合臉部，可搭配膏、液、霜狀遮瑕產品局部遮蓋瑕疵、斑點，適合遮黑眼圈。,4887.0,27
8196385,思波綺瞬亮修護洗髮乳490ml升級版,針對扁塌、細軟的受損髮絲賦予蓬鬆彈性，,4887.0,17
7489529,韓國IM UNNY明眸防暈眼線膠筆 0.14g,零暈染 長效維持完美眼線,4884.0,24
7071726,格力高綜合迷你甜筒餅乾82.6g,由可愛的甜筒3兄弟組成，分別為長男：草莓郎，次男：香草郎，三男：巧克郎。,4879.0,41
7088683,Biore淨嫩沐浴乳-馥郁紫鳶香 1000g,華麗馥郁的鳶尾香氛，感受陽光下燦爛綻放的華美明媚，解放一天疲憊，身心舒放無負擔,4865.0,35
7105459,CIELO宣若EX染髮霜-3C焦糖棕,簡單一按，不用攪拌，淡雅香味不刺鼻,4864.0,13
7348800,MEKO磁力粉嫩專業系列刷具,台灣設計款,4862.0,27
8177896,日藥本舖醫用平面口罩25入深青燕灰,4713072041272,4851.0,49
7931610,日藥本舖x達特世醫用口罩成人30入糖霜奶茶,,4851.0,49
7098868,莉婕泡沫染髮劑108ml-松果灰棕色(新舊包裝隨機出貨),1. 配方新升級，深色髮也能輕鬆上色，打造出沙龍級柔和透亮髮色。,4842.0,18
7098883,莉婕泡沫染髮劑108ml-棉花糖棕色(新舊包裝隨機出貨),1. 配方新升級，深色髮也能輕鬆上色，打造出沙龍級柔和透亮髮色。,4842.0,18
7271357,小林雞蛋煎餅200g,"高達40%雞蛋含量(雞蛋/麵粉比例),散發出淡淡的雞蛋香",4840.0,44
7425142,懷舊九州博多豚骨風味拉麵2人份209g,4543268075534,4830.0,70
7140123,HELLO BUBBLE泡沫染髮劑-7MA薰衣草紫,韓國流行時尚大勢髮色,4830.0,23
8251221,蘭諾LENOR衣物抗菌芳香豆補充430ml-陽光森林香,,4830.0,20
7105448,KAFEN還原酸系列控油洗髮精(淺藍)760ml,修護髮絲使髮質柔順，細心呵護每段髮絲。,4830.0,7
7523457,Rooro_USB式極限捲俏燙睫毛器,4949130145891,4829.0,11
7442149,蘇菲衛生棉條導管式10入*6盒-一般型,第一時間瞬收360度動作變安心,4823.0,7
7098844,Biore淨嫩沐浴乳補充包700g-山茶花香,水漾優雅的山茶花香氛，享受如冬日盛開的清新芳美，解放一天疲憊，身心舒放無負擔,4818.0,42
8594031,康乃馨醫療口罩一般耳帶50片盒裝-白色,,4800.0,32
7790181,Aroh面膜(10入盒裝)-多款任選,韓國SNS熱推爆款！超夯平價面膜,4800.0,10
7786559,【廠商直送】KS-古典柔膚專利調整型蠶絲內衣,專利蠶絲親膚舒適,4800.0,6
7440126,全方位健敏益生菌30包,4712839983954,4800.0,4
7566400,BB LAB高效膠原蛋白粉30包-日間修護,低分子魚膠原蛋白1000DA，吸收率更佳。,4800.0,4
7140158,呂 滋養韌髮養髮精華液80ml,提供髮根營養，鎮靜與緩解問題頭皮,4794.0,6
7440278,天明成長元素_男_120粒,4715404060098,4794.0,6
7199327,霓淨思角鯊烷潤澤輕感精華油30ml,"義大利角鯊烷,即刻潤澤柔嫩!",4794.0,6
7376687,Relove緊依偎女性護理凝膠6ml,"獨家PRP技術迅速吸收,能有效的緊緻私密肌膚",4794.0,6
7403731,全日營養活力成長鈣果凍條10gx28包,4582316410477,4794.0,6
8505126,舒特膚溫和潔膚乳500ml,適用於一般肌膚或不能碰水之敏弱性肌膚,4792.0,8
7099541,萊雅玻尿酸瞬效保濕水光精華 30ml,10倍 最高濃度 #超級玻尿酸,4792.0,8
8187752,Mude Dreamy Glitter眼影蜜 (多款任選),繽紛的亮片與珠光顆粒組合,4788.0,12
7138240,三詩達防蹣噴霧劑250ml(床舖/枕用),輕鬆清除潛藏在布製品（窗簾，地毯，布沙發，踏墊等） 之塵蹣的糞便和殘骸，霉菌，花粉等。,4788.0,12
7433310,Neatex杏仁酸煥膚精華液30ml,4713227022477,4788.0,12
7383403,凱婷 零瑕肌密微光粉底液限定組Ⅱ,極致服貼高效遮瑕粉底液 + 光澤感定粧蜜粉,4788.0,12
7044900,統一生機無花果乾200g,咬感奇特的無花果乾，富含膳食纖維，不加糖，籽粒與果實激盪出絕妙的新奇滋味，適合需補充膳食纖維的上班族、老人、小孩及女性食用,4787.0,33
7647299,日本獅王適齦佳8效漱口水600ml柑橘薄荷,PREMIUM 極緻8效 All in One,4785.0,21
7053383,我的心機超能安瓶面膜4入-極致水潤,蜂王乳黃金精華，強化肌膚防禦力,4784.0,16
7439772,瑪榭高彈絲女保暖衣,輕薄、高彈力、抗UV,4784.0,16
7047898,1028絲滑控暈暹羅貓眼線膠筆,極細絲滑 1mm 好勾勒,4780.0,20
7523177,P&G_Ariel超強潔淨4D洗衣膠球31P補,4987176062741,4780.0,20
7523178,P&G_Ariel室內晾衣用4D洗衣膠球31P補,4987176062192,4780.0,20
7386599,森田藥粧玻尿酸複合精華潤白面膜5入,100%日本進口頂級玻尿酸及傳明酸,4780.0,20
7441526,瑪榭磨毛男圓領保暖衣,特殊雙面短絨毛層，觸感更加柔順,4776.0,24
7094843,美麗日記百合淨白花萃面膜7入,複合花萃原液，融合多元蠶絲因子,4774.0,26
7740321,沙威隆抗菌沐浴露1000ml-清新綠茶(新舊包裝隨機出貨),Chlorhexidine Gluconate抗菌成分，能對抗細菌，減少肌膚細菌危害。,4773.0,37
8170591,煙斗AB紗印花平口褲,透氣舒適,4773.0,37
7198887,威拂魔撢捕充包 4片裝3入 藍色,1.吸附灰塵不掉落,4772.0,28
8132637,Perfect專科超微米毛孔淨化潔顏乳100g,洗後有感！顯著改善毛孔緊緻度,4770.0,30
7230709,高絲潤肌精涵萃玻尿酸全效保濕精華,一瓶擁有化粧水、乳液、美容液多重功效,4768.0,16
7097415,龍牌一條根精油貼布8片入,滲透力強.柔軟舒適,4760.0,40
7910089,戀愛魔鏡  控制狂防暈眼線液EX 0.5mL,超細筆尖隨意繪製細線。「防水、耐汗、溫水可卸」,4760.0,20
7049926,賽吉兒菁萃潔浴凝露-加強型500ml,特別適用於生理期.孕期產後及運動後,4760.0,7
7298769,蕾妮亞極吸好眠衛生棉護邊夜8片2入35cm,極吸倍x極貼身形,4752.0,48
7832605,日藥本舖x達特世成人醫用4D口罩奶茶10入,4719881664824,4752.0,48
7211597,(箱購)驅塵氏抗菌濕拖巾1箱12入-檸檬,"高品質水針不織布,均勻釋放水分,使用更持久",4752.0,9
7618908,時尚雪花棉麻風室內拖鞋-5款任選,透氣材質,4747.0,33
7105488,美源花果香快速染髮霜-6暗棕色,採用Crystal Cream技術染髮過程清新不刺鼻,4737.0,26
7091160,I’M MEME我愛好氣色寶寶蜜粉餅,粉色爐甘石粉末搭配粉色珍珠超細緻粉體,4736.0,19
7049306,PALLADIO 柔光幻彩貝殼腮紅(多款任選),柔美細緻珠光，顯色持久透亮。,4732.0,28
7117676,碧菲絲特抗暗沉碳酸泡洗顏180g,3秒立見的濃密碳酸泡沫,4732.0,28
7049891,霓淨思自拍免修修亮白面膜4入,海藻萃取：提供肌膚多種元素,4731.0,19
8504377,1028 小清睫 睫毛膏卸除液,快速卸除：一刷瞬間滲透超防水型睫毛膏，快速溶妝卸除。 ,4731.0,19
7105442,菲蘇德美舒敏修護沐浴乳800ml,天然燕麥萃取，舒緩肌膚，增加防禦力；天然神經醯胺ⅢB，鎖水滋潤，增加保濕度。,4726.0,34
8585951,待刪除-【廠商直送】TIGI提碁 (新)動感主義 113ml,超殺的塑型乳添加荷荷巴油,4725.0,9
8223927,FLORTTE 花洛莉亞 心情研究所細緻眉筆 (多色可選）,耐水耐汗,4720.0,40
7044646,培恩長效型維他命C1000錠90粒,*緩釋劑型，持續補充人體所需維他命B群                                                                           *高單位B群，天天好精神                                                                                         *美國進口，品質有保障,4720.0,16
7579567,BB 6%非洲生命樹青春精華水100ml,非洲生命樹富含高效活化成分，並含有大量維生素C，可促進膠原蛋白的產生，有助肌膚緊緻、改善膚色 。,4720.0,8
7243401,舒芙蕾 零感包覆果凍內衣,果凍膠條：使用多種樹脂貼合技術製成，半液態果凍，熱壓記憶胸型,4720.0,8
7330274,威猛先生浴室清潔劑750ml-清新檸檬,超密著凝膠、一刷就乾淨,4719.0,91
7064457,曼秀雷敦Acnes痘痘貼-極致薄綜合型26入(新舊包裝隨機出貨),"採用親水性敷料, 能有效吸收分泌物, 加速青春痘復原",4717.0,53
8522326,熊寶貝多效護衣芳香豆補300ml-雪松橙花,衣物專屬香水- 【雪松X橙花】 清新明亮綠植香,4715.0,23
8196282,思波綺瞬亮潤澤潤髮乳490ml升級版,針對毛躁、乾燥的髮絲加強潤澤鎖水，,4715.0,17
8264003,Crest極致鑽白組-牙貼14次+牙膏110g*2,美國銷售No.1亮白牙膏品牌#,4695.0,5
8081337,聲寶薰衣草溫控智能熱敷眼罩,四段控溫定時,4693.0,7
7053655,刷樂兒童含氟漱口水500ml,氟+木糖醇 雙防蛀配方,4691.0,29
8186920,樂品斜撕清潔滾輪補充包60回3入16cm,斜角好撕好黏，強力黏塵黏毛髮,4685.0,65
7490518,TUNEMAKERS蘆薈保濕調理原液10ml,"天然蘆薈萃取,高效保濕修護肌膚",4680.0,10
7440262,DHC膠原蛋白錠(30日份)150粒,4511413602171,4680.0,9
7098755,TUNEMAKERS EGF煥顏修護原液10ml,EGF是EGF(Epidermal Growth Factor)表皮生長因子,4680.0,4
7098754,TUNEMAKERS傳明酸淨白原液10ml,從源頭高效淨白,4680.0,4
7722425,ALLIE 持采UV高效防曬水凝乳EX(MINI) 40g,便於攜帶的迷你版,4675.0,11
7231390,SOFINA透美顏混合肌適用飽水控油雙效水凝乳,飽水x控油一次實現,4675.0,11
7054168,待刪除-Ariel超濃縮抗菌洗衣精補充1520g-室內晾衣,日本熱銷NO.1抗菌洗衣專家,4672.0,18
8408451,Farcent香水奇蹟洗髮露600ml鈴蘭麝香,用Farcent保養你的秀髮，添加臉部保養級雙金粹，永久花蠟菊X頂級蜂王乳，為髮絲注入生命力，用Farcent保養你的秀髮。,4668.0,12
7329926,上山採藥艾草洗髮露430ml,蘊含艾草與洋甘菊萃取精華，能溫和洗淨頭皮並維持髮絲柔潤，由內而外的修護，維持亮麗秀髮。,4666.0,20
7140154,呂 滋養韌髮瞬護髮膜200ml-清爽型,改善頭皮與頭髮的9大煩惱,4662.0,18
7069588,博士倫舒視能水漾平衡多效保養液300ml,三重仿生科技,4662.0,18
7098811,美吾髮快速染#深栗5(補充包) 40+40gm,"食品級植萃成分, 4倍植護科技, 維護頭皮健康",4657.0,33
7427418,P&G_Bold新3衣物柔軟3D洗衣膠球清新32P補,4902430166652,4654.0,26
7060469,卡樂芙漾彩護色柔順護髮素540ml,ACColorplexPF護色成分大升級髮色更持久,4654.0,26
7915357,我的心機3%益生菌水活平衡精華30ml,Hydra PRO  史上最強保濕,4640.0,16
7098343,箱購-台鹽海洋離子水850ml*20入,高溫煮沸，純淨甘甜,4640.0,8
7124076,重餘病患檢查用手套(無粉)(未滅菌)-(M/L),無粉好舒適,4635.0,19
7553489,瑪榭輕隱型低腰無痕抗菌內褲,銀離子抗菌纖維褲底 全方面保護私密處,4632.0,28
7069316,康乃馨透氣超薄護墊40片2入微香15cm,棉質透氣‧舒適清新,4624.0,68
8100350,美舒律蒸氣晚安貼5片-多款任選,溫舒後頸部，隨時創造自我專屬休息時間!,4620.0,22
7542048,靠得住暖心香氛護墊14.5cm25片2入-杏桃花,透氣循環設計 維持私密肌清新乾爽,4614.0,57
7210252,優倍多A+葉黃素複方軟膠囊升級版60粒,"游離型態葉黃素,好吸收",4614.0,6
8245166,優雅食星太郎點心麵-辣味74g,,4608.0,144
7060755,威猛先生疏通膠800ml-超濃水管用,市場唯一：市場唯一膠狀疏通劑，能緊密附著管壁包覆、溶解阻塞，疏通三倍快,4607.0,23
7542052,靠得住暖心香氛護墊14.5cm25片2入-梔子花,透氣循環設計 維持私密肌清新乾爽,4605.0,55
7108632,可瑞絲蜂膠光澤活力洗髮精1000ml,塌髮救星髮根持續蓬鬆的秘訣,4605.0,15
7097801,Elastine大師系列彈力修護洗髮精770ml,Elastine伊絲婷 Master大師系列彈力修護洗髮精20年技術的累積最有效的頭髮護理系列產品向秀髮供給豐富的營養活力彈性、閃耀光采的髮絲至此而生。,4605.0,9
7263809,媚點 防曬無瑕粧前乳,防曬神潤色，１０秒清爽出門,4600.0,20
7098743,Dr. HUANG保濕清爽水凝霜50ml,水凝技術 特殊技術覆載高濃度水精華，高效浸潤，密集補充水分,4600.0,4
8082148,瑪榭腳踝加強襪-多色多尺寸任選,符合人體工學,4599.0,61
7105855,多芬胺基酸直順亮澤潤髮乳700g(新舊包裝隨機出貨),強韌髮絲: 配方添加小分子胜肽修護因子，針對乾性無光澤髮質修護,4599.0,21
7629255,Crest 3DWhite極致鑽白牙膏116g-竹炭,,4599.0,21
7094460,SOFINA飽水控油雙效日間防護乳 30ml,輕盈不黏膩實現水潤且具有透明感的肌膚,4596.0,12
7048723,SOFINA透美顏混合肌適用飽水控油雙效化妝水 140ml,輕盈不黏膩實現水潤且具有透明感的肌膚,4596.0,12
7328941,16 BRAND迷你雜誌三秒眼影盤 (1-5款),特殊專利設計綿密刷毛，使用方式簡單，只需來回沾染，就能快速完成精緻眼妝！,4596.0,12
7298775,蕾妮亞零觸感特薄衛生棉夜用6片40cm,0.1cm超激薄x超能吸,4590.0,90
8494006,凱婷 零瑕肌密校色遮瑕筆  (1.6g),高遮瑕力&不易脫妝的重點式筆狀遮瑕棒,4590.0,15
8236939,舒芙蕾-8D涼感無痕內衣,．最新科技8D極細纖維，肌膚觸感超輕薄、超透氣、超涼爽,4590.0,10
7931416,專科水透亮白發光霜,一瓶三效: CC 提亮& 美白 & 防曬,4587.0,11
7403925,CR馬油EX高保濕乳霜100g,4936201100842,4584.0,21
8088495,彼得兔星空紗布浴巾-多色任選,正版比得兔授權，標籤上皆附有防偽雷射標籤,4581.0,9
7044509,森田藥粧天然絲瓜水-150ml,保濕、撫平細紋、清爽舒緩,4577.0,23
7250911,E-Heart單面定型隱形雙眼皮貼(膚色132枚),高透氣、黏性佳，防水，流汗也不怕！,4577.0,23
7393586,澳寶一分鐘焗油225ml-逆時賦活柔韌,適合受損脆弱髮質。,4577.0,23
7098402,曼寧健康花草茶15入-多款任選,優雅清香的玫瑰花茶,4573.0,53
7049912,霓淨思9重玻尿酸極效保濕面膜5片,維他命B5-極效保濕，修護乾燥缺水,4568.0,12
7090145,高露潔潔淨護齦牙刷6入,• 超纖細尖端刷毛 –  輕鬆深入牙間齒縫並溫和清潔牙齦邊緣,4563.0,57
7275826,上山採藥冷泉玉露清新沐浴露600ml,"綠茶萃取添加,細緻綿密泡沫,肌膚清爽不乾燥,玻尿酸洗後肌膚柔嫩、舒爽不緊繃",4563.0,27
8534071,艾瑪絲5α捷利爾頭皮淨化液260ml護色,"清潔頭髮,軟化角質,易出油扁塌,染後頭皮",4560.0,12
8156237,【廠商直送】(箱購)美德防疫清潔酒精75%4000ml*6入,▪️SGS認證，成分通過國際檢測,4560.0,2
7403868,BFREE角鯊烷敏弱性肌膚保濕霜40g,4549339123876,4558.0,13
8543691,台灣康匠 三麗鷗 成人醫療口罩10片 布丁狗 25週年 生日紀念款,,4554.0,46
7098730,三多好入睡植物性膠囊30粒/盒,對象族群:入睡困難、睡眠品質差、憂鬱躁鬱、壓力大、考試族、更年期、銀髮族、血清素與褪黑激素分泌不足者,4548.0,12
8185742,ADK歐風加大浴巾-76x152cm-多色任選,100%棉，ADK台灣製,4548.0,12
7907229,巴黎萊雅活力緊緻晶透青春凝凍,高濃度玻尿酸 x 淨膚拋光精萃,4543.0,7
8176334,ARIEL超濃縮抗菌抗蟎洗衣精1360G,透過日常洗衣，輕鬆對抗過敏原,4541.0,19
7089841,Dr. Groot養髮秘帖洗髮精385ml-牡丹香氛,不添加矽靈、Sulfate硫酸鹽界面活性劑的溫和配方,4540.0,8
7426682,日本獅王固齒佳全效淨護牙膏_清涼薄荷130g,4903301205678,4539.0,51
7533397,待刪除-小人物燕麥奶英國版1000ml-多款任選,"低脂,低醣,高纖,高鈣",4536.0,24
7108528,澡享沐浴乳1000ml-甘橙花梨木,甘橙花梨木：淨化配方,4535.0,25
7415609,棉花共和國 CR 熾燒厚刷絨男圓領保暖衣,內刷短絨：內裡加厚磨毛，彈力不緊繃,4530.0,20
7286090,Bref妙力懸掛式馬桶清潔球50g*2-薰衣草,"4種功效 : 自動清潔, 防止水垢, 去除汙垢, 持久芳香",4528.0,32
7719864,ARTiS隨身瓶指緣油 5ml (12、13),多種香氛氣息，舒緩精神上的緊繃,4522.0,19
7098847,Biore淨嫩沐浴乳補充包700g-典雅玫瑰香,精緻典雅的玫瑰香氛，沉醉如花園中盛開的溫婉柔美,4515.0,39
7255133,花仙子克潮靈吊掛式除濕袋200g2入-多款任選,通過SGS無毒測試，使用更安心,4503.0,57
7044899,統一生機亞麻仁海鹽蘇打餅(蕎麥青蔥)168g,選用新鮮台灣青蔥‧道地好味道,4503.0,57
7326997,VISEE柔霧幻紗蜜粉餅,有如輕柔透感薄紗輕覆，輕盈不易泛白，實現自然柔亮肌膚的蜜粉。,4500.0,10
7064471,肌研白潤高效集中淡斑涼感精華露200ml,添加傳明酸，不僅能淡化已形成之斑點，更能深入肌底，抑制麥拉寧色素增生沉澱,4500.0,9
7440229,野口研究薑黃精華錠30粒,4903361680859,4500.0,6
7440223,野口研究深海鮫肝油45粒,4903361680835,4500.0,6
7098745,Dr. HUANG保濕微導精露100ml,1.微球導入 利用微球科技創造細緻的微球泡泡，分子細緻親膚,4500.0,5
7789243,KLORANE 蔻蘿蘭植萃養髮強韌精華液100ml,適合所有養髮需求者使用，金雞納樹皮萃取，加上雪絨花萃取與錳協同作用，能夠加強活絡頭皮，維持髮絲強健，搭配咖啡因及複合維他命B，可營養活絡頭皮、鞏固髮根、強韌髮絲，使用後不需沖洗。,4500.0,4
7440236,優清明日葉芝麻膠囊120錠,4562156732045,4500.0,3
7310344,刷樂小胖子牙刷4支入,小於0.01mm纖柔毛 保護兒童牙齒,4496.0,44
7326850,舒芙蕾 蠶絲蛋白植物棉內褲,科技創新： 天然植物棉織製，輕薄柔軟，透氣排汗,4495.0,29
7752325,白蘭含熊寶貝洗衣精補充 1.6kg-純淨溫和,含熊寶貝馨香精華，萃取天然植物精油,4493.0,41
7819407,DV雙樂纖SUPERPLUS膠囊30粒,生薑萃取薑辣素,4493.0,7
7105487,美源花果香快速染髮霜-5棕色,採用Crystal Cream技術染髮過程清新不刺鼻,4492.0,26
8069907,舒特膚長效潤膚霜250g,滋潤型保濕,4491.0,9
7523758,日進 鈦布磁力貼180mT36粒,4955574777512,4491.0,9
7481248,麻將四合一,1.出外旅遊 休閒娛樂 方便攜帶,4491.0,9
7268530,INNEX植萃賦活 控油豐盈洗髮精510ml,高效去油＋長效控油，以5α協同控油複方科技，有效平衡頭皮油水，洗後清爽不油膩、享受輕盈的空氣感秀髮,4491.0,9
8091396,Amino潤姬美顏益生菌20入,養顏美容、青春美麗:每包100億菌株添加+吃的神經醯胺,4491.0,9
7098722,三多金盞花萃取物(含葉黃素)複方軟膠囊50粒,對象族群:讀書族、電腦族、上班族、銀髮族、青少年、成人,4491.0,9
7846510,ettusais 艾杜紗 微暮絲絨雙色眼影 3.8g (多色任選),高延展細膩雙色質地,4488.0,11
7440840,瑪榭極暖九分刷毛褲,無縫一體成型，內裡刷毛超保暖,4485.0,15
7105907,麗仕髮補給乳木果萃取胺基酸洗髮精450g,添加有機認證乳木果油萃取，以綿密的泡泡溫柔洗去髮絲髒污，幫助頭皮保濕,4485.0,15
7053377,我的心機肌優安瓶BIO面膜4入-多款任選,柔膚感仿生超導膜X強化型水凝奇蹟乳精華液,4485.0,15
7489190,韓國IM UNNY輕薄水潤遮瑕液 7.5g,質地輕盈 清爽水潤,4485.0,15
7815573,Amino 葉黃素明亮EX晶晶凍10入,【全新升級高效晶采護明配方】 FloraGLO® 專利游離型葉黃素，補充一日所需含量。,4485.0,15
7129432,成功防滑塑身啞鈴3kg,防滑、居家健身使用 協助全身肌群訓練,4485.0,15
7122335,Lucido-L摩洛哥護髮精華油60ml-修護型,1.打造極致柔順的髮質,4482.0,18
7973758,喜能復抗痘凝膠10g-先進配方,快速淨痘配方,4480.0,14
8182739,艾杜紗 護唇菁華液 a 10g,預防唇部因乾裂而發炎甚至流血；四大保濕成分為唇部肌膚帶來滿滿水分。,4480.0,13
7441171,瑪榭磨毛圓領女保暖衣,特殊雙面短絨毛層，觸感更加柔順,4475.0,25
8005094,麗奇潔牙線含蠟無味183m,滑順深入齒縫、清潔殘渣,4470.0,30
8004244,MKUP 抗暈勾人眼線膠筆,獨創何首烏熱感凝膠，精心研製激細1.5mm筆觸，滑順流暢易勾勒，下筆即乾成膜，不怕水、耐油脂、零暈染，內外與上下眼線皆能精細描繪，令眼神深邃勾人。為保護柔軟筆蕊，使用時請勿轉出過多避免折損,4470.0,15
7280916,韓國isLeaf香氛順盈護髮油-紫愛瑰蜜100ml,改善各種秀髮受損困擾,4467.0,23
7050163,Dr.FreeVenus藝群-極緻淨白乳-30ML,含傳明酸(Tranexamic Acid)、α-熊果素(α-Arbutin)、酯化維他命C (Ascorbyl Tetraisopalmitate)、甘草萃取液(Licorice Extract)、丁二醇(1.3-Butylene Glycol),4465.0,11
7556171,洗顏專科超微米水潤卸妝油230ml,添加掃除暗沉、老舊角質的有效配方,4464.0,16
8254623,台灣製厚刷毛機能褲襪-超值兩件組-黑-多款任選,360度輕壓塑身,4464.0,16
7436163,格安德醫用口罩50入粉,4713072040640,4455.0,45
8223918,EVERBAB 艾蓓拉 單簇假睫毛 (A型+魚尾+下睫毛)(9~11mm),多種款式 百變妝容隨心撘,4455.0,15
7088635,Men’s Biore沐浴乳750ml-麝香清新,溫和潔淨配方,4448.0,32
7805536,好自在熊抱安睡棉-量多夜用(7片42.5cm),超吸透氣，升級防漏超安睡,4446.0,54
8172529,【廠商直送】Pingo Royal K9外噴式負離子波浪蛋捲夾,．主動式負離子持續釋放：高濃度負離子主動持續大量釋放，減少秀髮傷害。,4440.0,3
8205577,Mod's Hair 25mm負離子智能定溫直髮夾,浮動彈性夾板設計，減少拉扯感,4440.0,3
7105446,KAFEN極致洗髮精(黃)760ml,讓缺水髮絲呈現魅力光澤 防禦力Ｘ保濕柔軟,4428.0,12
7089165,Farcent香水胺基酸沐浴露-冷杉麝香780g,前、中、後調層次香水香氛,4428.0,12
7186765,花香5原效洗髮乳1100g-多款任選 (新舊包裝隨機出貨),萃取人參富含皂苷，活化頭皮  胺基酸洗淨成分，溫和洗淨頭皮，使髮質呈現自然光采,4426.0,44
7298751,一匙靈歡馨洗衣精1.5kg補充-多款任選,"洗淨  高效溶污分子,快速瓦解纖維中的頑固髒污",4425.0,47
8082153,瑪榭腳踝加強足弓1/2短襪-多色多尺寸任選,三條天然棉紗，更加吸汗耐穿,4424.0,56
8051144,KAMOSU溫泉酒粕全效凝露100g,4976551015410,4421.0,9
7931414,專科水透亮白化妝水,短短 2 週擁有明亮的肌膚,4420.0,13
7153603,CWD-舒活布拖-4色任選,3M吸濕排汗中底布 -- 乾爽、舒適,4416.0,44
7048696,未來美救急安瓶濃縮精華膜100ml,1罐=65支安瓶精華,4410.0,9
7652117,CIELO宣若EX染髮霜-2LA米灰棕,簡單一按，不用攪拌，淡雅香味不刺鼻特殊防氧化設計,4408.0,12
7061727,毛寶小蘇打洗碗精1000g,小蘇打高效去油污配方,4407.0,63
7309244,Ariel 4D抗菌洗衣膠囊31顆袋裝-微香,碳酸発想の極淨,4407.0,13
7275042,逸萱秀香氛精油潤髮乳700ml-英國梨&百合,【清甜活力的精品級香氛-英國梨&百合】,4400.0,22
7089535,BOTANIST植物性洗髮精460ml彈潤蓬鬆(新舊包裝隨機出貨),溫和優美的牡丹和橙花香氣,4400.0,8
7734330,【廠商直送】月亮褲-經典款日用中腰-蜜桃膚,*量少可直接取代衛生棉，量多可搭配其他生理用品使用,4400.0,5
7419467,【廠商直送】日式雅蓆兩用透氣床墊-小花條紋咖5cm,舒適透氣床墊,4398.0,3
8616709,霓淨思大容量淡斑精華贈面膜組,7天有感透亮#No.1亮白精華 #改善暗沉,4396.0,4
7086535,Hair Recipe 髮的食譜 溫和養髮米糠精油53ml,日本産の純米、打造米油,4395.0,5
7403861,Loshi新尿素保濕潤膚霜220g,4936201104321,4394.0,38
8235502,L'EGERE金盞花舒緩原液精華液30ml,EWG等級金盞花萃取原液,4392.0,8
7083629,蘇菲清新涼感衛生棉8片清涼薄荷35cm,挑戰0悶熱 穿上瞬間清涼舒適,4390.0,60
7462010,好麗友預感香烤洋芋片非油炸-原味,韓國原裝進口,4389.0,31
7818724,HELLO CREAM染髮霜-1CB冷光酷黑,1. 新! 僅集全部優點開發的緊緻光滑啫喱質地!  提升便利性的同時改善護理的質地!  極強塗抹性，易於塗抹，不滑落，緊密貼合於髮絲！,4389.0,11
7734479,韓國isLeaf 璀璨護髮精華油110ml-染燙修護,添加日本樁蜜花油 可給予秀髮柔順保濕 頭髮亮麗潤滑,4389.0,11
7094845,自白肌特濃玻尿酸化粧水250ml-二入組,6效多功獨特玻尿酸保濕科技,4389.0,11
7108212,肌研極潤金緻高效保濕精華乳140ml(新舊包裝隨機出貨),獨家7重玻尿酸保濕精華，極致濃潤卻能迅速吸收,4389.0,11
7817269,韓國IM UNNY雲感智能炫色調光隔離霜30g,隔離杜絕髒空氣,4389.0,11
7769299,DAISY DOLL雙色絲絨眼影棒(多款任選),"單色或疊擦外，也能自行配色，享受自由搭配,，顯色度高又光澤，有保濕成分。",4389.0,11
7512734,媚比琳超持久霧感液態唇膏 Spiced系列,台灣銷售NO.1的液態唇膏Super Stay Matte Ink超持久霧感液態唇膏推出大人系微醺色，微醺霧唇 可口誘人！,4387.0,13
7088673,莉婕頂級奶霜泡沫染髮劑-1AH戚風亞麻棕色,極致遮白！泡沫綿著力4倍提昇，包覆滲透髮絲,4386.0,14
7094880,李施德霖健康亮白除菌漱口水750ml,預防牙齦問題減少牙垢滋生,4380.0,20
7063535,露得清深層淨化高效即淨卸妝水400ml,深層潔淨並卸除底妝、濃妝與眼妝,4378.0,22
7053341,自白肌玻尿酸高係數防曬乳SPF50+,戶外專用高係數防曬力SPF50,4378.0,22
7250924,E-Heart持久隱形雙面雙眼皮貼-標準版156枚,透氣、柔軟、黏性佳，流汗、游泳也不怕！,4378.0,22
7442109,康乃馨醫療口罩一般耳帶50片盒裝(粉黃)(新舊包裝隨機出貨),符合國家標準CNS14774 及CNS14775，BFE細菌過濾效率達99%,4378.0,22
7044516,森田藥粧清爽保濕天然絲瓜水150ml,不黏膩的保濕成分能補充肌膚必要的水分及濕潤感,4378.0,22
8173867,歐樂B多動向交叉刷頭3入-EB50-3,"16度交叉刷毛貼合各種齒形,多角度深入齒縫等難刷死角,達到深層潔淨。",4374.0,6
7051032,熊寶貝柔軟護衣精補充包1.84L-多款任選,亮彩有型持久清新,4366.0,59
7320197,美肌護手套2雙入-多色任選,"\"\"\"用於保護手或環境掃除等工作時使用",4366.0,37
7105879,淨 去屑洗髮乳750g-控油平衡型,1. 微米氣泡潔淨頭皮,4363.0,17
7427421,P&G_Ariel新3超強潔淨3D洗衣膠球17P本,4902430142380,4360.0,40
7427444,風倍清織物除菌消臭噴霧_高效除菌370ml,4902430363921,4356.0,44
7117682,碧菲絲特洗卸兩用淨透洗面乳120g,洗卸雙效二合一,4356.0,44
8177889,日藥本舖醫用三次元柳葉口罩10入翡翠檸檬,4713072041685,4356.0,44
7246207,日本atrix高滲透護手霜80g-多款任選,來自日本的花王 ARTIX beauty charge 高滲透保濕護手霜系列，多次獲得日本權威護膚品獎項Cosme大賞護手霜部門的第一名，在日本很受主婦歡迎,4351.0,19
7055439,Biore 清透極淨洗面乳 100g,日本淨膚鎖水技術,4350.0,58
7404897,逸品日式泡麵83g*4入-博多豚骨風味,"逸品日式泡麵-博多豚骨風味 精心調製成濃厚豚骨湯頭,搭配上帶有嚼勁且捲Q的細麵條",4345.0,43
7088642,Biore抗菌洗手慕絲補充瓶450ml-沁檸橙香,全新升級，抗菌按壓頭！,4337.0,33
8029714,專科 水潤保濕乳液150mL,"乳狀質地,滋潤肌膚​",4332.0,12
7064450,肌研極潤健康化粧水170ml,添加甘草酸二鉀，能緩和外來刺激對肌膚的傷害，調節肌膚保護力，改善不舒適的膚況。,4320.0,9
7105443,菲蘇德美女性護潔沐浴乳800ml,天然燕麥萃取，舒緩肌膚；天然神經醯胺ⅢB，增加保濕度。,4309.0,31
7310325,刷樂超細滑潔舌牙線棒250支入,新型3D潔舌功能設計,4309.0,31
7083625,蘇菲超熟睡草本抑菌衛生棉10片2入35cm,貼合股溝縫隙左翻右滾都能瞬吸,4309.0,31
7298738,魔術靈浴室清潔劑噴槍瓶500ml-多款任選,"全新日本研發 超解垢泡泡:能夠直擊累積已久的污垢核心,由內而外強力崩解頑垢,輕鬆搞定難清理的磁磚縫隙、水龍頭及淋浴間拉門！",4308.0,61
7140151,呂 滋養韌髮洗髮精400ml敏感性頭皮適用,改善頭皮與頭髮的9大煩惱,4308.0,12
8143777,魅尚萱完美修護精油洗髮精680ml,蘊含完美精油營養的營養修護洗發精,4308.0,12
7063466,OLAY滋潤保濕乳液150ml-多款任選,"結合保濕配方,能迅速補充肌膚水份,能立即被肌膚吸收",4304.0,16
7041981,KissMe花漾美姬零阻力迷人深邃棕眼線液筆,1. 零暈染，超強抗淚、汗、水、皮脂功能。,4303.0,13
7279305,威滅衣櫃除蟲片抽屜式10入柑橘清香,可長效除蟲6個月,4301.0,33
7623233,善存兒童立體醫療口罩10入-多款任選,立體空間設計,4300.0,43
7404063,Loshi日製新馬油高保濕身體乳200g,4936201104123,4293.0,27
7082429,美琪抗菌洗手慕斯(補充瓶)500ml,醫師推薦，國小／幼教指定NO.1品牌,4278.0,42
7626570,舒酸定速效修護抗敏牙膏100g*2入組,給想快速舒緩敏感牙痛的你或家人,4277.0,13
7734139,爵戀iP海洋精華亮澤修護護髮膜230g,爵戀全新升級,4277.0,13
7155162,麒麟午後紅茶500ml*3入-檸檬紅茶,部分使用具有清新水果般香氣特徵的「努瓦拉艾利亞茶葉」。,4275.0,45
7369701,安多精品 頂級皇家免洗褲淑女型 4入,"合身版型,符合人體工學",4275.0,45
7101315,上友奇亞籽餅乾180g-多款任選,,4272.0,48
8530142,L’EGERE極致雙A緊緻提亮眼霜15ml,Double A 激活年輕超進化,4270.0,10
7094878,李施德霖 天然綠茶防蛀護齦雙效配方250ml,清爽沁涼薄荷口感,4266.0,54
7951353,瑪榭20丹無痕透明防爆線褲襪-加長六入組-兩色任選,臀部透明防爆線,4266.0,9
7692664,箱購-我的心機極厚實洗臉巾70抽*6包,乾濕兩用超便利,4266.0,9
7097803,Elastine大師系列彈力修護潤髮乳770ml,添加鑽石修護成分,4266.0,8
7108678,潘婷水潤滋養潤髮精華素700ml(新舊包裝轉換中 隨機出貨),"微小綿密泡沫,深入清潔,帶走雜質",4259.0,21
7931613,日藥本舖x達特世醫用口罩成人30入藍莓慕斯,,4257.0,43
7523389,BaleaQ10抗皺緊緻精華素膠囊7入_黃,4010355585547,4257.0,43
7094463,SOFINA透美顏飽水控油雙效日間防曬乳-美白,高保濕Ceramide配方守護補充Ceramide的作用給予肌膚滋潤的保養,4250.0,10
7442166,AHC超能A醛賦活水凝乳130ml,"蘊含抗老新星成分－超能A醛抗老因子,源自韓國專業研發,抵禦老化痕跡,全面提升膚況,煥活肌膚宛若新生!",4245.0,5
8499606,heme 特調眼彩盤 12.6g,粉體細緻柔滑好暈染,4242.0,14
7125500,美吾髮植優護髮染髮霜40+40ml-黑麥棕7,"花植菁萃溫和配方,減少頭髮傷害",4239.0,11
7083935,Hair Recipe 髮的食譜 奇異果清爽營養護髮精華素530g,"無花果添加配方滋養精華,保護髮絲,",4238.0,12
7338971,棉花共和國 CR LIFE超柔棉彈力平口褲2入,乾爽柔滑，絕佳觸感,4233.0,17
7049911,霓淨思韓妞水光妝前保濕面膜4片,角鯊烷修護肌膚，維持油水平衡狀態,4233.0,17
7047897,1028超極控暈暹羅貓眼線液,全面控暈 超越極線 0.01mm 極細筆尖 顯色流暢,4233.0,17
7117688,碧菲絲特抗痘碳酸泡洗顏180g(包裝隨機出貨),3秒立見的濃密碳酸泡沫,4225.0,25
7811621,Curel潤浸保濕低敏沐浴慕絲480ml,專為乾燥敏感型肌膚設計,4224.0,11
7410312,Lilybyred 玻璃鏡光亮澤唇釉 (多款任選),#玻璃般清晰透亮的光澤,4221.0,14
7556211,【廠商直送】The Ordinary超純補水玻尿酸B5 30ml(公司貨),無香精添加,4221.0,9
7960662,艾杜紗 一抹無油妝前乳(控油款)SPF35 PA++ 30mL,抑制油光、修飾毛孔，維持肌膚清爽透亮不脫妝，防止皮脂造成的油光及脫妝狀況！,4216.0,8
8278695,Za純淨深層卸粧油200ml,手濕也可輕鬆卸妝，深層清潔毛孔,4215.0,15
7990355,1028 ARTISAN輕柔蜜粉刷 F11,輕柔大型弧形刷頭，鬆軟不扎臉，能均勻鋪粉定妝，妝感自然輕透。,4213.0,11
7231391,SOFINA透美顏飽水控油雙效水凝乳液-美白,<無油高保濕成分>月下香培養菁華α、尤加利菁華,4212.0,9
7063502,Perfect洗顏專科超微米潔顏慕絲150ml,乾燥肌、普通肌適用。,4205.0,29
8132627,【廠商直送】Leocrema極潤護手霜100ml*2件,配方中含有 30%甘油和 5%尿素成份，可有效恢復雙手的柔軟度與絲滑觸感。甘油，,4205.0,9
7105483,美源花果香快速染髮霜-4NA自然亮棕色,採用Crystal Cream技術染髮過程清新不刺鼻,4203.0,24
7053322,LOTTE樂天巧克力派12入,香濃巧克力、精緻蛋糕與棉花糖夾心的美味組合，無添加任何人工味精及防腐劑，吃得安心。,4200.0,40
7097640,康乃馨醫療口罩兒童一般耳帶50片裝(新舊包裝隨機出貨),防塵、過濾細菌使用。,4200.0,28
7434371,BB 2%傳明酸+阿魏酸淨白精華 30ml,"黃金比例高濃度,一滴滲入2%淨白精華",4200.0,12
7572930,【廠商直送】十翼饌海陸慶豐年禮盒560g,山海珍味迎新年，傳統的年貨組合，來自台灣與海外的美麗味道。開禮即是驚喜，,4200.0,2
7832606,依必朗除菌噴霧酒精420ml,4710735504204,4199.0,65
7278955,INTEGRATE 極致立體四色眉粉盒 2.5g,瞬間小臉！改造的秘訣就在 眉毛♥,4199.0,17
8004240,MKUP 1mm超欠扁眉筆,商品特色,4199.0,13
8582125,Relove10週年限定-私密ku溜美肌禮盒,歡慶Relove創立10週年,4197.0,3
7123171,TESCOM 防靜電吹風機,速乾! 超級大風量2.0Ｍ³/分,4196.0,4
8241829,【廠商直送】RASTO-桌上型速熱居家暖風機AH2,傾倒斷電裝置、過熱自動斷電，安全無疑,4194.0,6
8094279,【廠商直送】Style格調-雙凹槽隙縫收納櫃 - 多色任選,多層分類,4194.0,6
8175920,【廠商直送】AAA-6分波浪四層架-象牙白-60x30x120cm,每層平均載重約50KG,4194.0,6
7556426,霓淨思玻尿酸保濕保濕面膜12入組,阿爾卑斯山冰河雪水，提升澎潤度,4194.0,6
7719950,美吾髮植優護髮補色刷-自然黑棕18g,簡單一刷．白髮隱藏,4194.0,6
7212462,DR.WU玻尿酸保濕潔顏慕斯160ml,用完保濕不乾繃,4193.0,7
8505106,舒特膚舒新潔面泡泡200ml,適用於中性、乾燥之敏弱性肌膚,4193.0,7
7687688,Sukin超級綠臉部淨化滋養泥膜100ml,超級綠泥膜以黏土為基底，能吸附毛孔中的髒污與老廢角質,4193.0,7
7224594,AHC超能玻尿酸保濕肌亮精華30ml,"含超能玻尿酸,強效保濕,完美比例4:2:4",4193.0,7
7308781,嗜香氛拓荒者B5Q10養髮洗髮300ml,揮別稀疏髮,4193.0,7
7698013,CINQUAIN思珂 超淨化胺基酸洗卸蜜,保養成分添加，洗卸肌膚更Q彈,4193.0,7
8581715,舒特膚高效防曬凝露SPF50+UVA/UVB 50ml,臉部及身體高效防曬,4193.0,7
7563862,韓國IM UNNY閃耀繆斯九色眼影盤 8.1g (款式任選),絕美配色 立體出彩,4193.0,7
7121986,【E•Heart】塑腰平腹壓力褲-尺寸任選,"超顯瘦又塑身,輕薄更好穿!",4193.0,7
7258023,瑪榭新雪麗防水觸控手套-多款任選(顏色隨機出貨),舒適、耐用、方便穿戴,4188.0,12
8118128,森田藥粧保濕絲瓜霜90ml,自然植萃鎖水力,4188.0,12
7054604,元氣堂苦瓜胜肽複方強化EX膠囊30粒,草本植萃保健素材，提升飽足，增加代謝,4188.0,12
8386554,待刪除-小林煎餅禮盒-旗山天后宮聯名款,高達40%雞蛋含量(雞蛋/麵粉比例)，散發出淡淡的雞蛋香.,4186.0,14
7292481,卡滋爆米花-歡樂派對箱12g*30入,"生日/聚餐/party時準備歡樂派對箱,有三種口味外每箱還附贈派對小禮,讓與會的人可以盡情的享受盡情的歡樂",4186.0,14
7053364,我的心機超能安瓶面膜4入-多款任選,清凉緊緻縮毛孔，凝凍爆水瞬保濕,4186.0,14
7595430,1028 加倍佳草莓糖飛激長瞬翹防水睫毛膏 黑,飛激長 採用獨特筆直纖形刷頭，可完美貼合亞洲眼型，深入睫毛間隙。搭配超長纖維，刷出根根分明的飛長睫毛。,4186.0,14
7252218,媚比琳 輕羽絨柔霧唇釉(多款任選),媚比琳全新小黑蓋唇釉，輕羽絨般絲滑服貼，不黏膩、不顯唇紋，令人窒息的美唇宛如染印上曼哈頓晚霞，,4186.0,14
7542474,ON THE BODY SPA死海泥沐浴乳-療癒茉莉花500ML,奢華死海泥浴 養成柔嫩絲綢肌,4186.0,7
7086529,海倫仙度絲男士去屑洗髮乳750ml-淨爽控油,"3D頭皮養護洗髮乳,配方專為男士設計",4183.0,17
8265802,蘭諾LENOR衣物抗菌芳香豆補充430ml-清爽海洋香,72小時長效抗菌,4183.0,17
7169978,FaceQueen神奇去角質雙效煥膚足膜60ml,3-7天老舊腳皮自動脫落!,4180.0,19
7044490,巴黎Evoluderm潔膚卸妝水500ml-多款任選,只需一個步驟即可達到清潔、卸妝、保濕,4180.0,19
7291967,曼秀雷敦軟膏75g,以薄荷及樟腦配製而成，具清新薄荷香氣,4180.0,19
7044513,森田藥粧天然蘆薈凝露150ml,快速舒緩調理曬後肌膚、補充水分並修護還原,4179.0,21
8178547,Elastine摩洛哥奇蹟修護護髮油75ml,添加摩洛哥堅果油，好吸收不黏膩，能幫助嚴重受損髮絲，修復受損髮質，深層滋潤髮蕊，賦予秀髮光澤蓬鬆空氣感,4179.0,21
7069327,蘭韻 可撕式化妝棉80片裝,1. 敷臉使用時，沾取適量化妝水，使整片化妝棉滲透變的柔軟滑細。2. 將化妝棉朝一致方向撕開。3. 貼合於臉部T字、雙頰與下巴等肌膚部位。4. 保養後的臉部，柔滑細緻，更顯容光煥發。,4178.0,62
7076982,曼寧有機蜜桃國寶茶20入,口感溫暖甘醇近似紅茶，無咖啡因，,4172.0,28
7165755,KISSME持色自然柔霧眉筆,‧ 1.6mm 細緻筆芯，輕鬆描繪眉型與眉尾,4172.0,14
7835410,美吾髮馬鞭草清新水漾洗髮露700ml,PH5.5平衡頭皮酸鹼值,4170.0,30
7823645,Biore淨嫩沐浴乳1000g-青檸橙香蘇打,潔淨舒爽：日本創新研發「礦物來源溫和潔淨配方」,4170.0,30
7083596,蘇菲導管式衛生棉條10入一般型,花苞導管型好推不沾手,4165.0,35
7053344,美麗日記蜜若藍超能補水面膜5入,嚴選珍稀賦活成份-蜜若藍,4161.0,19
7440286,日本味王暢快人生奇異果精華版30入,4710829653436,4148.0,9
7069352,靠得住導管式衛生棉條8入量多型,8道瞬吸溝槽 不易外漏,4142.0,38
7098434,良澔片烤海苔-蒜香口味36g,厚脆海苔+特殊烘焙蒜醬,4140.0,60
8226327,Hello Kitty舒眠安睡褲2片入-M~L,立體防漏側邊，翻身不怕漏,4140.0,60
7817914,m2美度22LAB超能膠原飲4入,由韓國皮膚科學研究院研發，頂級迷你雙胜6000mg膠原蛋白,4140.0,6
8127332,【廠商直送】【pure.tiful純淨妍】全方位修復保養組,軟化角質 面皰預防,4140.0,3
7088648,花王洗髮精清新順滑型750ML,溫和洗淨，使髮絲柔順不打結,4135.0,33
7307822,克補+鋅加強碇60+30錠超值組,"完整8種B群,B2增量2倍",4134.0,6
7307719,克補+鐵加強碇60+30錠超值組,"完整8種B群,B2增量2倍",4134.0,6
7442157,蘇菲衛生棉條導管式9入*6盒-量多型,第一時間瞬收360度動作變安心,4134.0,6
7044708,凱婷 唯我血色護唇膏 (多款任選),潤色 保濕 防曬 修飾唇紋 一次完成,4131.0,27
7063493,露得清水活保濕晚霜50g,一晚10片面膜*高純度保濕精華深深注入肌底。,4131.0,9
8522515,熊寶貝多效護衣芳香豆350ml-雪松橙花,衣物專屬香水- 【雪松X橙花】 清新明亮綠植香,4119.0,27
8522669,熊寶貝多效護衣芳香豆350ml-法國玫瑰X茉莉,衣物專屬香水- 【法國玫瑰X茉莉】 溫柔質感玫瑰香,4109.0,25
7370520,美源花果香快速染髮霜-5NA自然暖棕色,採用Crystal Cream技術，染髮過程清新不刺鼻,4105.0,24
7044893,小甘菊經典護手霜75ml,充分滲透肌膚滋潤、修護粗糙、乾燥肌膚。,4104.0,27
7093812,麒麟午後紅茶500ml*3入-奶茶,使用具有豐厚而圓潤口感特徵的「坎迪茶葉」,4095.0,39
7278947,INTEGRATE 柔焦輕透美肌粉餅 粉蕊(補充用)n 10g (新舊包裝隨機),SPF 16・PA++,4095.0,13
7198888,威拂伸縮魔撢本體-1把2片,吸附灰塵不掉落,4086.0,24
7446801,麗奇14度牙周對策牙刷-敏感專用一般毛(紅色/藍色隨機出貨),"人體工學14°刷頭設計,符合牙醫師專業口鏡工具角度,清潔口腔無死角。",4085.0,43
8116187,靠得住私密平衡護墊26片2入14.5cm,24小時監測分泌物酸鹼值，維持私密肌健康,4080.0,48
7436100,匠心醫用級3D成人L口罩50入粉,4719872072133,4080.0,17
7480167,匠心韓版魚型醫療級口罩20入莓果派對,4719872075578,4080.0,17
7278950,Za 美白聚光智慧BB霜 20g,添加有效美白成分「傳明酸」,4080.0,16
7098764,Dr.HUANG舒緩眼霜15ML,緊緻撫平阻擋細紋，獨特的核心抗皺配方環五胜肽、角鯊烷、維他命Ｅ，具有優異撫平細紋與緊緻肌膚效果，並能潤澤修護，延緩老化,4080.0,6
7183643,蘇菲極淨肌原生棉超薄潔翼17片2入26cm(新舊包裝隨機出貨),嚴選天然無漂白素材，六大無添加，通過世界權威Dermatest認證，親膚少刺激更安心,4074.0,26
8570945,Perfect專科完美面膜5片-深層美白,添加蠶絲蛋白保濕精華、珍珠精華、雙重玻尿酸保濕，密集美白補水。,4068.0,12
7271361,阿甘薯叔地瓜脆片195g-原味,嚴選台農57號地瓜切片製成,4059.0,53
7468512,日藥本舖醫用三次元口罩20入經典藍,4713072041371,4059.0,41
7055734,碧歐斯BIO全效賦活深層去角質凝膠60g,溫和去除老廢角質 重拾細嫩剔透感,4059.0,11
7064647,萊雅8效勁能保濕乳液 50ml-2022版,台灣男士保養第一選擇，長踞市場銷售No.1位置超過10年,4059.0,11
7055413,Biore抗痘調理洗面乳100g,日本淨膚鎖水技術,4050.0,54
7098785,日本味王暢快人生草玫精華版5g*30,5種專利型成分+多國專利型配方,4050.0,9
7703134,艾肯米萃益菌水嫩透亮凝露40g,益菌生,4050.0,9
8173909,【廠商直送】AAA 輕型五層電鍍波浪架 - 60x45x180cm - 鉻色,嚴選MIT中鋼鐵材，100%台灣製造,4047.0,3
7060380,ARTiS di Voce 指緣油 5ml (01-03任選),添加天然香精,4046.0,17
7759044,1028 輕透潤 UV持妝飾底乳 SPF35★★★,✓ 採用獨特逆時抗暗科技，結合光采校色粒子，校正肌膚蠟黃、暗沉、膚色不均等問題，加乘極淨妝效並全天候持妝。,4046.0,17
7088389,妮維雅美白彈潤乳液400ml,含Q10彈性活力源，促進膠原蛋白生成，回歸Q彈緊緻好肌觸,4045.0,15
7078064,大吉大栗甘栗仁袋裝180g,純素可食用，嚴選特級，香甜飽滿,4043.0,50
7599787,1028 超極控暈 暹羅貓眼線液 特濃咖啡,超極控暈— 獨創升級微膜包覆科技，達到長時間防水、抗汗、防油，不易暈染的持久線條。,4041.0,16
7060471,美吾髮護髮精油100ml-2款任選,1抹高效保濕修護,4035.0,15
7105486,美源花果香快速染髮霜-5D深棕色,採用Crystal Cream技術染髮過程清新不刺鼻,4034.0,23
7690030,棉花共和國 CR LIFE簡約寬鬆舒柔平口褲,寬鬆四角褲，透氣舒適，親膚柔軟,4033.0,37
7088664,Biore淨嫩沐浴乳-澄淨緬梔花香 1000g,,4031.0,29
7083898,嬌生PH5.5沐浴乳1000ml,PH5.5特殊平衡配方，呵護肌膚的微酸皮脂膜。經皮膚科測試100%不含皂。溫和潔淨，保濕不乾澀。,4031.0,29
7142801,3M舒適口罩升級款- L- 多款任選,採用3M™ Thinsulate™ 科技保溫材質，保暖度為羽絨的1.5倍,4031.0,29
7088656,Biore淨嫩沐浴乳-典雅玫瑰香 1000g,精緻典雅的玫瑰香氛，沉醉如花園中盛開的溫婉柔美,4031.0,29
7098820,花王植萃弱酸洗髮精滋養健髮型750ml,日本全方位淨護技術: 調理頭皮髮絲皮脂，長時間維持清爽潔淨！,4023.0,27
8566178,【廠商直送】巧奇霧灰成人口罩30入3盒-多色擇一,符合國家醫療器材品質管理系統準則，認證字號QMS5159 號 符合國家檢驗標準CNS 14774.14775,4023.0,9
7063317,威滅衣櫃除蟲片吊掛式2入-多款任選,可長效除蟲6個月,4021.0,31
7404144,大一紙工ECONECO厚手濕紙巾60枚,4962035613982,4017.0,103
7913926,I'M MEME我愛零暗沉奶霧持久粉底液50ml,極貼膚零粉感奶霧肌：質地水潤、清爽，好推開，遮瑕度可疊加，輕鬆打造零粉感奶霧肌！,4016.0,8
7290644,海倫仙度絲科研去屑洗髮露300g-去油淨透,,4007.0,13
7513142,蘇菲清新涼感護墊22片清涼薄荷17.5cm,長時間舒緩悶熱 Ag+ 抑菌 抑味,4002.0,58
7436271,不二新創醫用平面成人口罩50入黑,4719883345073,4000.0,16
7053487,AHC瞬效保濕B5微導玻尿酸精華30ml,富含高濃度維他命原B5，舒緩乾燥敏弱肌膚，能讓乾燥的肌膚水潤柔滑，並高效修護，增強肌膚抵禦力,4000.0,4
7127333,氧顏森活茶多酚活膚面膜禮盒(20片/盒),玉露綠茶：經由特殊綠色製程技術，通過十道嚴格工序精萃高濃度兒茶素，超強抗老維持青春彈性,3996.0,4
7442168,AHC超能A醛賦活緊緻霜50ml,"蘊含抗老新星成分－超能A醛抗老因子,源自韓國專業研發,抵禦老化痕跡,全面提升膚況,煥活肌膚宛若新生!",3996.0,4
8527799,NES恩藝偲微晶胜肽亮白保濕面膜5入,使用法國Sederma原廠的五胜肽為基底主成分，可飽滿（彈力）肌膚、維持水分,3996.0,4
8087912,DV醇養妍HA玻尿酸36包入,添加 專利膠原蛋白-亮采彈潤,3996.0,4
8028135,德之寶葉黃素日夜軟膠囊60粒,日夜膠囊雙重保養，滋潤明亮超有感,3996.0,3
7140159,呂 滋養韌髮頭皮清爽保濕水150ml,去除頭皮異味，保濕護理頭皮,3995.0,5
7083146,施巴運動沐浴乳1000ml-花香,從頭到腳一瓶洗淨，運動後洗淨和水髒汙,3995.0,5
7669558,INNEX植萃賦活頭皮抗屑淨化液200ml,頭皮健康舒適的第1步,3992.0,8
7246247,肌研極潤金緻保濕精華霜50g(新舊包裝隨機出貨),世界初！乳酸菌發酵玻尿酸,3992.0,8
7404151,ECONECO 繪子貓夢幻馬戲團馬克杯(黃),4573220000052,3992.0,8
7155163,麒麟午後紅茶500ml*3入-無糖紅茶,增添使用被譽為紅茶界香檳的世界三大茗茶「大吉嶺茶葉」。,3990.0,42
7545251,DHC草本柑橘護唇膏1.5g,4511413309735,3990.0,15
7446428,韓國isLeaf女性私密防護慕絲-純淨花香250ml,韓國原裝進口,3990.0,10
7445486,未來美EX8分鐘逆時空膠囊面膜3入-亮白,全新二步驟面膜護理組,3990.0,10
7563841,韓國IM UNNY雲感智能粉底液 35g (新舊包裝隨機出貨),空氣質感 清透瓷肌,3990.0,10
7048684,未來美EX8分鐘PLUS+升級修護面膜4入,1敷快速補水,3990.0,10
7633529,SEXYLOOK高注水面膜5入-保濕,滋潤肌膚,3990.0,10
7105708,樂扣樂扣Tritan珍奶杯680ml-兩色任選,附矽膠提帶，方便攜帶,3990.0,10
8181738,佳賀晴加大假透膚褲襪-2款任選,緊實編織.保暖素材,3984.0,16
7147901,dejavu就是不暈持久極細眼線液,毛筆型眼線液，採用柔韌彈性、滑順好描繪的纖細筆尖，能夠隨心所欲調整線條粗細,3984.0,12
7044488,西班牙西妍院燕麥高效身體乳500ml-多款任選,嚴選燕麥配方,3980.0,20
7734923,Hello kitty活力沐浴露1800ML-甜橙花,肌膚散發自然清新氣息有效消除汗臭異味,3980.0,20
7108674,潘婷乳液修護洗髮乳700ml(新舊包裝轉換中 隨機出貨),"微小綿密泡沫,深入清潔,帶走雜質。",3980.0,20
7706413,【廠商直送】韓國原裝 高鐵男紅蔘黃金飲100入,天蔘 、帝王級養生必備,3980.0,1
7307446,霓淨思胜肽撫紋賦活眼霜10ml,精準撫紋 高效緊緻,3979.0,21
8004243,MKUP 純欲眼影盤（8+1烤奶色）,商品特色,3978.0,6
7400096,棉花共和國 超涼快乾四角褲,絲滑柔順，穿著更舒適,3975.0,25
7144646,米森玫瑰鹽烤有機綜合堅果150g,玫瑰鹽，保留最初的馨香。,3975.0,15
8499602,heme 卸妝水 150ml,針對皮膚的狀況選擇合適的卸妝水,3972.0,17
7685654,airpower超吸水速乾浴巾-多色任選,吸水速乾,3969.0,21
8196276,思波綺瞬亮潤澤護髮霜180g升級版,針對毛躁、乾燥的髮絲加強潤澤鎖水，,3966.0,16
7931611,日藥本舖x達特世醫用口罩成人30入玫瑰歐蕾,,3960.0,40
8237029,日藥本舖元普4D醫療口罩10入黑U虎,,3960.0,40
7044860,Kiss Me護手霜-30g,抗菌新配方！抑制壞菌孳生。,3960.0,36
7904211,招福平安活膚晶100g敏感肌適用（單顆）,琉璃苣、薰衣草、鼠尾草、無患子、銀杏、蕁麻、月桂葉、迷迭香、雪松、洋甘菊萃取、金縷梅萃取,3960.0,33
7245274,碧歐斯三效水養玻尿酸凝露50g,【3效保濕】超滲透玻尿酸,3960.0,18
7353294,義美生醫常順軍益生菌30包-女性保健S,嚴選國際權威Danisco益生菌 針對女性需求挑選菌種,3960.0,6
8302535,【廠商直送】SABA-手持式可直立蒸氣掛燙機,可直立擺放，超輕量設計,3960.0,4
8064197,【廠商直送】（箱購）RICO baby新生兒濕巾禮盒組,綠色－含法國高保濕面霜以提供嬰兒豐富的水分,3960.0,4
7817262,mod’s hair USB插電攜帶型直髮夾,可外接行動電源、車用座充、2A插頭,3960.0,4
8082081,【廠商直送】Queen Chef - 健康嚴選米陶瓷不沾雙鍋3件組(炒鍋+平底鍋+蓋),歐盟認證、美國FDA無毒檢測,3960.0,4
7934673,【廠商直送】JWAY 無線清淨機吸塵器JY-SV02C-初雪白,"●首創清淨機+手持無線吸塵器，清淨,吸塵一機搞定.",3960.0,2
8475576,【廠商直送】MIYA 暖足微電腦控溫泡腳機 MY-FD271,微電腦控溫，控溫精準舒適,3960.0,2
7709249,小兒利撒爾機能活菌12-30入,添加12種菌株益菌配方，多元完整的益生菌，改變消化道菌叢，幫助排便順暢。,3954.0,6
7136253,美琪抗菌洗手乳700ml-淨萃青桔,醫師推薦，實驗證明溫和有效抗菌,3952.0,44
8169190,Lovita愛維他QQ水嫩美妍粉,"小分子魚膠原蛋白胜肽, 快速吸收",3952.0,4
8094283,【廠商直送】Style格調-不鏽鋼翼型折疊曬衣架/棉被架,加厚板折疊臂,3952.0,4
7310327,刷樂兒童含氟牙膏90g-草莓,雙防蛀PLUS+配方-活性氟+木糖醇,3950.0,50
7063503,待刪除-Perfect專科超微米控油潔顏乳100g,宇治抹茶精華平衡油脂，清爽無負擔，添加蠶絲蛋白精華，5倍超濃密泡泡,3950.0,36
7376683,Relove私密衣物手洗精220ml-蒂芬妮,"天然植萃配方,低敏不傷手及私密衣物,輕鬆洗淨無負擔",3949.0,11
7376682,Relove私密衣物手洗精220ml-小蒼蘭,"天然植萃配方,低敏不傷手及私密衣物,輕鬆洗淨無負擔",3949.0,11
7082763,台塑髮根強化洗髮精580g,可調理頭皮油脂，改善油性頭皮問題,3948.0,12
7082762,台塑綠茶薄荷控油洗髮精580g,深入頭皮，帶走油垢,3948.0,12
8119318,DR.WU維他命A保濕修復膠囊面膜4片,一次滿足保濕、修復雙重需求,3948.0,12
8526600,【廠商直送】楠竹木樹枝收納衣帽架-多款任選,高山楠竹建材-防蟲防蛀,3948.0,6
7134326,Moonlight 豐盈生機毛囊養髮精華液70ml,70%活性養髮精華從根源幫助找回豐盈髮,3945.0,5
8061657,naturie薏仁清潤保濕凝露180g-嚕嚕米,富含天然薏仁萃取精華的「高浸透凝露配方」,3944.0,14
7064648,萊雅專業男仕水能量保濕機能水 120ml,富含法國高山泉水精華，獨特清爽水凝質地，能立即滲透皮膚，酷涼醒膚、瞬間保濕補水，肌膚清爽帥勁,3942.0,18
7617968,超吸水軟式地墊40*60cm- 多款任選,吸水強,3940.0,20
7122318,GATSBY強粘造型噴霧180g,1.超快乾，持久定型,3938.0,22
7108626,All Clean柏肯鞋-5色任選,輕便.環保無毒.好看,3937.0,13
7423092,越後NEW黃豆粉芙餅75g,4582109980156,3933.0,57
7298774,蕾妮亞零觸感特薄衛生棉夜用7片35cm,0.1cm超激薄x超能吸,3927.0,77
8494008,凱婷 眉筆Z (0.07g),質地柔軟，簡單打造自然毛流感的超細眉筆,3927.0,21
7049879,DR.WU玻尿酸保濕修復眼霜15ML,保濕力、潤澤力、抗老化,3927.0,7
7049305,PALLADIO經典浪漫定型眉粉,打造精緻眉型,3921.0,23
8007736,VC-矽膠隱形內衣-膚,網拍名模指定購買款,3920.0,8
7114665,蕾朵兒Ladoore 五倍厚隱形內衣,重量級隱形內衣登場,3920.0,8
7268753,Avene 雅漾24H全效活泉保濕精華乳清爽型40ml,"保濕柔嫩、舒緩修護,加強滋養肌膚",3920.0,5
7098769,TUNEMAKERS原液保濕乳霜50g,經典原液保濕成分做成輕盈質地的乳霜，當作保養的最後一個步驟，鎖住精華，水分不易流失。,3920.0,5
7271943,RICO-真瓷保溫杯450ML-多色任選,陶瓷內膽+雙層不銹鋼真空外殼，保溫保冷一次搞定,3915.0,5
7207706,蘇菲彈力貼身Happy Catch14片夜用29cm,五小時吸收長時間安心不漏,3913.0,43
7341929,THE FACE SHOP肌本博士積雪草乳液150ml,"內含積雪草萃取成分的清爽質地,能舒緩肌膚不適的低刺激乳液",3912.0,4
8215534,帕妃雯全效美白水凝霜38g-APH輕量版,將6大保養功效合而為一,3910.0,5
7605884,日本獅王固齒佳酵素亮白牙膏130g-兩款任選,雙重W淨色因子：深入齒面凹凸所累積的泛黃齒垢，大小雙重微粒迅速崩解、清除。,3908.0,35
7091169,I’M MEME我愛長翹抗暈睫毛膏,短塌睫Out!零死角微笑型刷頭，根根貼合!,3900.0,10
8585615,【廠商直送】cK one 中性淡香水100ml,直接噴撒於手挽內側或耳後肌膚，即可享受芳香。,3900.0,5
8169256,Lovita愛維他當歸亞鐵素食膠囊60顆,"溫和甘胺酸亞鐵, 好吸收不刺激",3900.0,5
8585620,【廠商直送】CK be 中性淡香水100ml,直接噴撒於手挽內側或耳後肌膚，即可享受芳香。,3900.0,5
8173905,【廠商直送】AAA 輕型五層電鍍波浪架 - 60x45x150cm - 鉻色,嚴選MIT中鋼鐵材，100%台灣製造,3897.0,3
7699586,Abib口香糖面膜3片-多款任選,使用德國製的超纖細面膜紙,3895.0,19
7108665,沙宣護色亮澤洗髮乳500ml,"源於沙龍靈感,有效修護為造型打底",3893.0,17
7652386,凡士林精華凝乳330ml-淡斑勻亮(兩款包裝隨機出貨),我們相信恆久透亮美肌始於深層修護肌膚，於是推出肌亮水潤精華凝乳，注入比維他命C成分更有效的獨家煥亮科技+，協同肌膚生成穀胱甘肽，並搭配清爽不黏膩的質地，讓肌膚散發透亮光澤,3893.0,17
7088636,Men’s Biore沐浴乳750ml-茶樹清爽抗菌,茶樹清爽去油配方，暢快洗淨過度分泌的皮脂與汗水髒污,3892.0,28
7083931,潘婷Miracles煥活根源護髮精華素500g,"超微滲透因子,滲透髮芯減少斷髮",3888.0,12
7278920,高露潔抗敏感牙膏120g-潔淨亮白,臨床證實可以快速及有效舒緩敏感疼痛,3887.0,23
7228795,我的心機超能安瓶面膜4入限款-晶透亮,清凉緊緻縮毛孔，凝凍爆水瞬保濕。,3887.0,13
7064466,肌研極水胺基酸化粧水400ml,添加小分子保濕精華，能有效改善乾燥粗糙,3887.0,13
7729531,我的心機綠活藻琥珀酸淨化黑面膜6入,"【綠活藻+琥珀酸】溫和煥膚調理,能淨化緊緻毛孔,提升肌膚防禦力",3887.0,13
7105423,黛絲恩 完美修補極潤修護護髮素450ml,深層滋潤直達髮芯，修護毛躁分叉髮絲,3887.0,13
8488385,rom&nd 豐露唇釉 (多色可選),亮澤妝感,3887.0,13
7108522,Gliss頭皮平衡修護護髮噴霧200ml,"德國研發x專業修護, 革新微生態科技",3887.0,13
8051119,KAMOSU溫泉豆乳卸妝洗顏慕絲200mL,4976551015434,3887.0,13
8174097,米乖乖沖繩黑糖40g_日藥本舖11週年聯名版,4710015114789,3886.0,134
8490737,媚點 自然柔和眉彩餅 (3.4g),一整天維持剛畫好的眉色及眉型,3874.0,13
7091816,統一生機亞麻仁海鹽蘇打餅168g-蕎麥原味,簡單烘烤  散發亞麻仁籽淡淡香脆,3871.0,49
7048765,味味A排骨雞麵袋裝5入,過30年長青品牌，歷久彌新，獨特的焦香肉塊，搭配爽口清脆的高麗菜乾，風行數十年的經典好滋味。,3870.0,43
7602003,老中醫豆干250g-多款任選,輕巧包裝,3870.0,43
8143019,【廠商直送】美德醫療4D立體醫用口罩20入2盒-擇一顏色,3層結構，安心又舒適,3870.0,9
7591305,【廠商直送-平行輸入】SK-II全效活膚潔面乳120g,展現淨透、細滑肌膚,3867.0,3
7083926,潘婷3MM水潤護髮精華180ml(新舊包裝隨機出貨),第1分鐘 雙重氨基華 密集滋潤髮根至髮尾,3864.0,16
8234932,絲花潤澤化妝棉40片-+維他命C,精粹成分,3858.0,66
7044714,凱婷 雙用立體眉彩筆W細芯,持久不掉色,3850.0,11
8275598,健康密碼每日亮妍膠原蛋白15包,525Da分子超微細、超好吸收,3850.0,10
7108434,艾瑪絲強健豐盈洗髮精400ml(高階版)(新舊包裝隨機出貨),育髮配方更升級！核心成分深入毛髮根部，探討問題根源,3850.0,7
7108431,艾瑪絲草本去屑洗髮精400ml(新舊包裝隨機出貨),長效維持頭皮清爽健康環境，減少頭皮屑修護滋潤、舒緩頭皮不適 降低油性堆積阻塞、搔癢感減少頭皮上的粉刺或痘痘生成,3850.0,7
7098330,盛香珍蒟蒻果凍400g-荔枝,夏季消暑聖品,3848.0,74
7162898,Bref妙力懸掛式馬桶清潔球50g*2-花香,"4種功效 : 自動清潔, 防止水垢, 去除汙垢, 持久芳香",3843.0,27
7832671,匠心韓版魚型醫療級口罩20入晨湖綠,4719872076551,3840.0,16
8016005,【廠商直送】Walkplus織步加-X型五指襪3雙入-黑-22-27,4X厚度設計-耐磨又吸汗,3840.0,8
8172616,【廠商直送】Pingo Royal K9外噴式負離子加長電棒-多種規格任選,◆全台首創業界最強外噴式負離子設計,3840.0,3
7970781,全日營養高機能複合益生菌,4955079122879,3840.0,3
8118152,待刪除-森田藥粧滋潤蘆薈霜90ml,自然植萃鎖水力,3839.0,11
7054602,日本味王芝麻蜂王DHA膠囊30粒/盒,頂級滋補蜂王乳讓你青春再現,3839.0,11
7097816,型色家植萃添加護髮染髮霜-601霧感鉛筆灰,免漂髮也能染出霧感髮色,3839.0,11
7210253,優倍多高優質魚油軟膠囊60粒,"天然TG型,直接吸收利用",3839.0,11
7436772,老奶奶的祕密去漬噴霧_衣物用473ml,美國原裝進口,3839.0,11
7064563,曼秀雷敦Lip Pure純淨植物潤唇膏4g-多款任選,植物精華添加，深入唇肌、溫和保濕,3828.0,28
7470791,ROSSMAX手臂式X5藍芽電子血壓計,4715139501750,3825.0,1
7832754,P&G_Bold衣物柔軟4D洗衣膠球清爽31P補,4987176062642,3824.0,16
7048694,SEXYLOOK乳酸菌去角質120g-藜麥淨亮,日本乳酸菌Ｘ黎麥萃取–溫和高親膚性，深入滲透軟化角質，帶走多餘油脂，防止毛孔粗大阻塞，為肌膚補水，讓肌膚細緻淨透。,3816.0,24
7523238,日本樂天HOT貼式迷你暖暖包10P,4903336243010,3815.0,35
7258469,1028 山茶花精萃護唇膏,富含頂級山茶花油與酪梨油，絕佳保濕力能深層滋養並修護唇肌。,3808.0,32
8056150,花仙子去味大師抗菌浴廁消臭劑7ml-晨晞麝香,專利消臭膠囊，淨味消臭60天,3808.0,32
7055363,樂品大極淨化妝棉120枚-卸妝用,環保植物纖維，極緻棉柔,3804.0,76
7097470,來復易男性漏尿用棉墊18片中量型80cc,防漏消臭、輕薄舒適！,3801.0,21
8237394,JohnsBlend香氛沐浴液態皂_白麝香460ml,,3800.0,8
7105387,好好用吸水頭巾 90*33cm-3色任選,使用高科技新纖維棉,3795.0,55
7097351,麥斯威爾精選咖啡袋裝150g(新舊包裝隨機出貨),精選咖啡,3795.0,23
7105230,琨蒂絲窈窕美腿香氛彈性絲襪-多款任選,窈窕美腿,3792.0,48
7088775,韓國isLeaf蠶絲蛋白護髮素150ml-紫愛瑰蜜,添加蠶絲蛋白 可以調理受損毛躁髮質,3781.0,19
7097331,待刪除-L’EGERE 97玫瑰植萃淨白水凝霜200g,玫瑰花水- 富含 97%純度「萬用瑰寶」玫瑰花水，深層修護黃黯衰老膚色，清爽親膚好吸收，重現青春光滑彈性。,3781.0,19
8100367,美舒律蒸氣溫熱貼5片-女性熱敷好幫手,美舒律蒸氣溫熱貼 女性熱敷好幫手,3780.0,18
7273096,康乃馨潔膚濕巾攜帶包10片3入(外包裝隨機),純水製造不含酒精、人工香料、螢光劑等刺激性成分不傷寶寶幼嫩細緻肌膚,3776.0,64
7091830,統一生機果乾袋裝110g-蜜棗乾,不添加人工色素、人工香料、防腐劑，Q彈有勁，不甜膩不黏手，富含膳食纖維，促進腸道蠕動。,3776.0,64
7604164,I DEW CARE紅橙C修護精萃水80ml_升級版,肌底淨透亮，最強平價機能水！,3776.0,7
7090181,舒酸定專業抗敏護齦牙膏100g-原味,臨床證實雙效舒緩牙齒敏感幫助改善牙齦健康*,3773.0,17
7049867,BB 10%杏仁酸精華30ml,10%濃度精華液  | 日常調理  | 淨化毛孔，油水平衡，細緻肌膚。,3773.0,8
7134353,VISEE 渲光小唇膏(多款任選),一抹濃密上色，有如護唇膏般滋潤，實現光澤美唇的迷你口紅。,3770.0,13
8283071,古寶無患子沐浴精華露600g青檸橙花,搭配來自法國的有機薄荷純露與香檬萃取，調理肌膚，使清爽水嫩感。含積雪草萃取，舒緩調理肌膚，肌膚洗淨不緊繃。清新青檸羅勒香氣，溫柔泡泡包覆著每一寸肌膚，讓您身浸於活力舒壓草本氣息中，洗淨同時好好享受青檸草本香氛。,3768.0,22
7117681,碧菲絲特淨透洗面乳120g-多款任選,毛孔黑頭問題對策,3762.0,38
8172513,【廠商直送】Pingo Royal K9外噴式負離子窄版離子夾,．主動式外噴負離子,3760.0,2
7565336,【廠商直送】 巧福 MIT炭素纖維電暖器 AS-900C (小),安全、省電、不耗氧,3760.0,2
7083920,沙宣彈性波浪慕絲150ml,時尚清新花香,3759.0,31
7105556,瑪榭 薄感無縫抗菌低腰三角褲,輕薄透氣 自在乾爽,3759.0,21
7198982,BIONEO百妮 完美V緊緻胺基酸洗面霜200ml,PH5.5溫和貼近肌膚,3759.0,21
7140165,呂 黑豆蓬鬆健髮洗髮精400ml,加強效的頭皮髮根髮絲5重營養修護效果,3757.0,13
7835430,美吾髮小蒼蘭梨萃香水洗髮露700ml,PH5.5平衡頭皮酸鹼值,3753.0,27
7083626,蘇菲超熟睡草本抑菌衛生棉15片2入28cm,貼合股溝縫隙左翻右滾都能瞬吸,3753.0,27
7330370,舒特膚BHR淨白無瑕潔面乳-100g,"溫和淨白科技GentleBright Technology:海百合萃取、菸鹼醯胺完美複方直達肌底,淡化色斑、減少黑色素生成與堆積,勻稱膚色",3752.0,8
7255020,舒潔防護口罩成人3D立體3入袋裝-L,長時間配戴,3750.0,50
7055409,Biore柔珠深層洗面乳100g,深入洗淨毛孔同時留住肌膚關鍵水,3750.0,50
7055652,正宗泰國烤海苔45g-多款任選,泰國原裝進口,3750.0,30
7053484,AHC瞬效保濕B5微導化妝水140ml,醫美革命性! 200%高濃度B5,3750.0,5
8134035,【預購】SABON白茶身體磨砂膏600g,9200000000645,3750.0,3
7048682,SEXYLOOK酵素去角質凝露120g,溫和水感凝露去除老廢角質，先軟化肌膚髒污不刺激，老廢角質超淨空,3741.0,29
7230667,高絲植淬白潤肌精玻尿酸超淨白全效水凝凍98ml,預防黑色素、改善暗沉、深層保濕、超彈潤、預防粗荒乾燥,3740.0,11
7049941,霓淨思全能緊緻奇蹟霜30ml,再怎麼累，疲憊不著痕跡！,3737.0,5
7073614,L’EGERE 97防護精華露500ml-兩款任選,富含97%蝸牛還原濾液與4X肌活屏護成分，提升肌膚防禦力,3735.0,15
7685652,airpower超吸水速乾毛巾-多色任選,吸水速乾,3726.0,54
7069360,護得住超乾爽吸水棉墊26片少量19cm,Plenitud護得住 吸水專用 全新上市,3726.0,54
8254674,花仙子去味大師竹木香80ml-阿里山金萱,添加專利植物消臭因子,3725.0,25
7678273,Miro.lu 乾濕兩用美妝蛋收納盒-4入,一次擁有4種不同形狀的美妝蛋，可針對大面積上妝及細部修飾。,3725.0,25
8168273,樂品酒精抗菌濕巾100抽-含蓋,通過SGS檢驗證明,3724.0,38
8544962,#1028 兩心香悅淡香水 10ml,Shadow 31(柑橘玫瑰) 前調：柑橘、葡萄柚 /中調：莓果、玫瑰 /後調：丁香 ,3724.0,19
7108692,潘婷深層損傷修護精華乳100ml,配方含Pro-Vitamin B5維他命原# 深層滲透,3723.0,17
7326842,舒芙蕾 保濕舒柔植物棉內褲,科技創新： 天然植物棉織製，輕薄柔軟，透氣排汗,3718.0,22
7823759,卡翠絲誘惑輕吻潤色護唇膏,保濕超級食物組合(黃瓜、西瓜、枸杞、姜根)，產品不做動物性實驗，全品為純素配方。,3718.0,22
7105888,蒂沐蝶深層純淨洗髮精補充包385g,1. 補充包設計，愛護地球更環保！,3718.0,22
7049310,PALLADIO校色遮瑕液 (綠/黃/橘),植物萃取成分，溫和不傷肌膚,3718.0,22
7083821,Phyto Derma朵蔓頭皮淨化洗髮精400ml-髮根強健,無矽靈利用草本植物力量讓頭皮更健康。添加迷迭香、薄荷等多種草本成分及維他命B5給秀髮營養、呵護秀髮讓頭皮清爽無負擔頭皮健康了髮根強健溫和清潔讓髮絲柔順不卡卡。,3718.0,12
7087765,好立善維他命C發泡錠(250mg)20錠,補充一日基本維生素C，有助於養顏美容、促進膠原蛋白形成、病後補養，助於鐵質吸收、抗氧化；增強身體保護力。,3717.0,21
7098840,Biore淨嫩沐浴乳補充包700g-抗菌溫和型,[抗菌淨味]  含綠茶、茶樹、尤加利菁華及抗菌成分的弱酸性配方,3712.0,32
7814992,KISSME花漾美姬神捲翹防水睫毛底膏 (兩款任選),★超!持久 維持全日向上捲翹度,3710.0,11
7169100,3M荳痘貼神隱形茶樹小痘60入,隱形度升級:0.02薄型霧面質感,3699.0,21
7733729,珂潤Curel潤浸保濕化粧水150ml-III潤澤型,含保濕成分(桉葉精華),3696.0,6
7087767,好立善綜合維他命發泡錠20錠,10種日常保健基本營養素，一錠輕鬆補充，充分吸收，有效維持健康，調節生理機能，全家大小都適合。,3692.0,26
7086531,海倫仙度絲去屑洗髮乳750ml－茉莉花香氛(新舊包裝隨機出貨),"海倫仙度絲推出3D頭皮護理,含微米泡沫",3685.0,15
7225597,AP彩虹毛巾3入,台灣製100%棉,3680.0,32
7088657,花王潤髮乳750ml-山茶花,均衡配方，全面滋潤秀髮且形成保護膜,3677.0,29
7077999,Lotus比利時傳統焦糖餅312.5g,比利時原裝進口,3675.0,21
7230599,高絲植淬白潤肌精玻尿酸超淨白化粧水II-滋潤,藉由傳明酸、虎耳草淬取液的淨白功效,3672.0,12
7932348,MKUP 狠持久控油定妝噴霧 100ml,｜強效控油｜,3672.0,9
7298777,蕾妮亞零觸感特薄衛生棉20片*2入20.5cm,0.1cm超激薄x超能吸,3670.0,22
7230830,倍立雅超導晚安凍膜80G,"適用於所有膚質,但尤其是缺水、疲倦並有明顯皺紋的肌膚",3664.0,8
7436679,格安德兒童平面醫用口罩50入紫,4713072040305,3663.0,37
7660966,日藥本舖醫用三次元柳葉口罩10入翠藍,4713072041593,3663.0,37
8186405,Hello Kitty造型暖暖包10入-手握式,手握攜帶溫暖隨行,3663.0,37
7522422,Solone天生激捲翹睫毛夾/EC35,貼合亞洲人眼型完美35mm弧度，高彈力膠條，輕鬆打造太陽花般綻放美睫。,3655.0,43
7659695,黛絲恩髮根緊緊頭皮噴霧50ml免沖洗,針對有落髮狀況及受損斷裂髮質開發，獨特山葵萃取配方，提供頭皮養分維持健康環境，使頭髮呈現豐盈蓬鬆感,3655.0,7
8173053,歐樂B專業亮白拋光型刷頭3入-EB18-3,"特殊量齒凹槽+紫色拋光軟膠設計,幫助移除牙齒表面色斑,達到亮白效果。",3645.0,5
8173887,歐樂B超細毛護齦刷頭3入-EB60-3,"外圈0.01mm超細護齦刷毛不只軟,還能幫助深入齒間、牙齦溝等縫隙。",3645.0,5
7041982,KissMe花漾美姬零阻力經典復古棕眼線液筆,1. 零暈染，超強抗淚、汗、水、皮脂功能。,3641.0,11
7689679,Nature Tree三重玻尿酸精華液250ml,三重補水鎖水,3640.0,7
7573993,Curel潤浸保濕防曬乳SPF50+60ml-臉身體用,SPF50．PA++，純物理性防曬，有效防禦強烈紫外線,3640.0,7
7083628,蘇菲清新涼感衛生棉10片清涼薄荷29cm,挑戰0悶熱 穿上瞬間清涼舒適,3638.0,52
7083589,蘇菲彈力貼身超薄潔翼14片日用23cm,超瞬吸小孔表層,3634.0,79
7090933,Za卸粧蜜100ml,卸妝和清潔只要一個步驟,3629.0,31
7097540,Pril淨麗小蘇打高效洗碗精750ml-檸檬(新舊包裝隨機出貨),小蘇打獨家配方 +40%*UP高效清潔▪德國品牌，韓國設計，安心高品質,3627.0,23
7724948,台塑控油抗屑洗髮精三代580g,1.添加雙重抗屑成分，加強抗屑抑菌效果，實驗證實，能有效抑制99.9%之皮屑芽孢菌，改善頭皮屑困擾。,3627.0,13
7757585,WEEZER 自動修正帶+內帶特惠包-多色任選,柔色設計，馬卡龍混色共四款,3626.0,98
7601885,台塑恆采固色洗髮精升級版580g-清爽,鎖色保護膜，髮色持久更顯色,3619.0,11
7105421,黛絲恩完美奇蹟雙護洗髮精450ml,針對染後受損髮開發，獨特雙護配方,3619.0,11
7082759,台塑恆采固色洗髮精580g-深橘,改善髮絲因染燙或陽光傷害之乾澀粗糙，提供髮絲充足養份，修護受損髮質，還原頭髮亮麗光澤。,3619.0,11
7835415,美吾髮藍風鈴奢香蓬鬆洗髮露700ml,藍風鈴的夢幻花香交織柑橘的清甜果香，以蘭花揉合麝香，為藍風鈴鑲嵌一層質感優雅，呈現活潑又令人心醉的迷人香氣。,3614.0,26
7136244,美琪抗菌沐浴乳680ml-白麝香,質感白麝香，佐浪漫清新植物香氣,3614.0,26
7083900,嬌生PH5.5沐浴乳(2合1)1000ml,經皮膚科測試100%不含皂。內含天然保濕因子及PH5.5特殊平衡配方，溫和潔淨，保濕不乾澀。,3614.0,26
7936623,靠得住完美封漏長夜抑菌棉柔7片2入41cm (新舊包裝隨機出貨),"\"\"\"甲殼素纖維抑菌配方",3614.0,26
7255134,花仙子克潮靈除濕集水盒400ml*2-去霉味,通過SGS無毒測試，使用更安心,3610.0,38
7433022,悠斯晶A乳霜180g液壓瓶,4987353190519,3610.0,7
7426900,日本花王 新蒸氣肩頸熱敷貼12P純淨無香,4901301348111,3607.0,13
7861873,竹炭生理褲,褲底吸濕透氣性佳。竹炭防水內裡生理褲,3604.0,26
7145343,MEKO 玩美上鏡遮瑕擦擦筆(共4色),"添加超細緻遮瑕粉體,能有效修飾臉上小瑕疵並填補細紋毛孔",3604.0,17
8494396,星之冠祕密花園指緣油營養筆 (多款任選),,3603.0,37
7114778,Biore高彈潤沐浴慕絲540ml-優雅花香(新舊包裝隨機出貨),520萬顆細緻微米泡泡 減少肌膚摩擦 洗後保濕不緊繃,3602.0,18
7385219,絲花無酒精除菌99%濕巾20片外出包,"\"\"\"除菌99%",3600.0,144
7440256,DHC維他命B群(30日份)60粒,4511413614860,3600.0,20
7480168,匠心韓版魚型醫療級口罩20入爆漿藍莓,4719872075554,3600.0,15
7436820,天天成人平面醫療口罩50入藍,4719872070382,3600.0,12
7099661,義美生醫厚．乳酸菌奶茶30g*10包,日本百年乳業大廠專利乳酸菌，性質穩定可熱沖,3600.0,12
7109327,婦潔私密沐浴露滋潤嫩白 220ml,"弱酸 pH3.5長效弱酸配方,專為陰部細緻肌膚設計的沐浴露",3600.0,9
7098760,TUNEMAKERS甘草草本舒緩調理原液10ml,調理、舒緩不適,3600.0,8
8541531,【廠商直送】美德醫療醫用防護口罩50入3盒-豪迷彩/闇迷彩,經防潑水處理，阻擋飛沫及顆粒粉,3600.0,6
7492327,德之寶夜舒眠晚安膠囊30粒,完美好眠配方，L-色胺酸+維生素B6、B12調節機能，檸檬香蜂草萃取，助於舒緩、放鬆，鎂有助於心臟、肌肉及神經功能正常。,3600.0,6
7098791,我的健康日記蔓越莓益生菌30入,3重守護極淨舒爽又自在,3600.0,5
7440383,新生黑酢紅麴膠囊60粒,4522678010014,3600.0,2
7440144,全日營養膠原蛋白7g×30包,4960867006286,3600.0,2
7440200,金壕明亮膠囊食品60粒,4562118139004,3600.0,2
7055416,MEN’S Biore男性專用黑白柔珠洗面乳100g,黑柔珠 氧化鐵吸附毛孔油脂與髒污,3595.0,47
7212458,DR.WU杏仁酸淨痘調理精華15ml,1. 使用於發炎痘痘的抗痘精華。,3594.0,6
7598804,Relove胺基酸私密潔淨凝露限定版(柯夢波丹雜誌聯名) 120ml,柯夢波丹聯名X魅惑女人香,3594.0,6
7098793,我的健康日記六效乳酸菌速纖配方30入,輕鬆順暢 x 完整代謝,3594.0,6
7308298,統欣生技TX男性綜合維生素60粒,天然來源維生素與初乳來源母乳益生菌添加:提升吸收力,3594.0,6
7620347,SOMEBYMI掰掰黑頭30天奇蹟洗面乳120g,16種不同的茶葉萃取，與天然BHA，5分鐘密集黑頭粉刺清潔,3590.0,10
7795516,施華蔻怡然植萃染髮霜－5.68巧克力棕,無氨,3590.0,10
7404174,ECONECO 繪子貓單人床三件套組,4534388414853,3590.0,1
8082820,媚比琳寶貝護唇膏SPF13 繽紛狂歡系列狂野櫻桃,就是要玩 ‧ 美 ‧ 潤 ‧ 唇！ 經典暢銷的MAYBELLINE寶貝護唇膏家族，全新推出寶貝護唇膏SPF13 繽紛狂歡系列！蘊含維他命E、荷荷芭油、乳油木果精華以及立體亮澤因子添入，滋潤修護雙唇同時，讓唇瓣綻放繽紛的半透明糖果色澤！唇膏採斜切面貼心設計，方便塗抹。輕巧細圓管外型搭配潮流撞色花紋，是化妝包必備好物！,3588.0,52
7047945,1028超級大眼放大鏡睫毛膏EX版,超激再進化！捲翹無限提升！,3588.0,12
7094386,肌研極潤保濕泡洗顏 160ml(包裝隨機出貨),蛋白霜般豐盈彈力綿密泡沫，能溫和卸除毛孔髒汙，同時可卸除淡妝，減少肌膚水分流失,3588.0,12
7228565,我的心機安瓶EX彈嫩緊實微笑無痕膜5對入,高濃縮多重胜肽精華，快速撫平唇周紋路，改善肌膚暗沉，微笑不顯齡,3588.0,12
7064241,凡士林透亮修護潤膚露 400ML,維他命C衍生物，有效透亮成分,3588.0,12
7698010,CINQUAIN思珂 零油光拍拍空氣蜜粉(3色可選),油條瀏海一拍蓬鬆,3588.0,12
7105908,麗仕髮補給乳木果萃取胺基酸護髮乳450g,添加有機認證乳木果油萃取，以綿密的泡泡溫柔洗去髮絲髒污，幫助頭皮保濕,3588.0,12
7290668,潘婷高濃保濕膠囊髮膜5盒組(3輕盈+2密集),,3585.0,3
8223426,新曼妮暖暖居家拖鞋-多色任選,居家穿著.保暖舒適,3582.0,18
8494077,【團購】Farcent香水微膠囊瞬護髮膜200g(預計出貨日1/11),SOS瞬效修護!內強化外柔順，救援所有秀髮所有問題，誘惑系秀髮新誕生,3582.0,18
7579552,我的心機潤澤柔嫩身體去角質250ml-蜂蜜,深入清潔皮膚，毛孔通暢，皮膚吸收更高效。,3582.0,18
7403685,瑪榭－緹花無縫抗菌親子內褲,輕薄透氣 自在乾爽,3580.0,20
7646658,森田藥粧炭深層潔淨洗顏乳120g,"深層淨化,讓素顏超進化",3576.0,24
7255103,Red Seal紅印牙膏100g-擊漬淨白,專為重度咖啡/茶飲/吸菸者設計，白雲石結合勁涼薄荷擊漬淨白配方，清潔牙菌斑、齒垢，同時帶走咖啡、茶飲、香菸殘留的色素沉積，全面打造一口亮白美齒。,3576.0,24
7098818,花王植萃弱酸洗髮精保濕去屑型750ml,日本全方位淨護技術: 維持毛孔暢通不阻塞,3576.0,24
7230322,高絲植淬白潤肌精UV美肌潤色隔離乳40g,1瓶5效 (乳液、美白美容液、粧前隔離、UV防曬SPF50+/PA++++、潤色提亮),3576.0,12
7229672,高絲涵萃潤肌精全效水凝霜98ml,添加高親膚性美容成分，清爽不黏膩的水潤感,3576.0,12
7432260,樹之惠天然樹液足貼30枚入-薰衣草,4975729200894,3575.0,6
8100201,美舒律碳酸涼感足貼6片-薰衣草薄荷香,舒緩久站疲勞雙腿，隨時創造自我專屬休息時間!,3570.0,17
7049829,珂潤Curel控油保濕洗顏慕絲,添加皮脂溶解成分(PPG-7-Buteth-4)徹底潔淨毛孔內的髒污連分泌過剩的皮脂也可充分洗淨。,3570.0,7
7619619,霓淨思N3希臘仙人掌潤澤保濕面膜8片,仙人掌-深層保濕，重現潤澤柔嫩,3565.0,25
8237094,格安德成人平面醫用口罩50入白_耳帶蘋果綠,,3564.0,36
7290653,潘婷高濃保濕膠囊髮膜12ml*2-密集修護,,3564.0,36
7212444,DR.WU玻尿酸保濕精華霜50ml,1.100%無油配方，清爽保濕,3564.0,3
7638986,【廠商直送】德律風根3人份多功能厚釜電子鍋,微電腦控制，6大功能選擇。,3560.0,2
8050902,【廠商直送】Prodigy波特鉅-指壓枕-紫,推拿、spa業者專用,3558.0,3
7275827,上山採藥手捻花茶保濕沐浴露600ml,"蘊含扶桑萃取精華,讓肌膚細緻嫩滑 豐富細緻泡沫,溫和潔淨、洗後肌膚光滑細緻",3549.0,21
7307269,阿葵亞 Aquair 水份瞬間柔順髮液 380mL-補充瓶,修補受損、立即滋潤、讓秀髮不再蓬鬆乾澀。,3547.0,29
7714676,卡樂芙優質染髮霜-藤花紫黑(新舊包裝隨機出貨),顯色度+58%有感超顯色,3544.0,16
7183530,蘇菲極淨肌天然草本抑菌潔翼17片26cm,含兒茶素精華 抑菌日台雙認證,3540.0,60
7044647,培恩長效型維他命B群90粒,緩慢釋放劑型好吸收,3540.0,12
8537160,Mod’s Hair雙負離子大風量吹風機 MHD-1245-K-TW,風量為2.1立方米/分鐘，可以快速吹乾頭髮,3540.0,3
7211554,寵愛之名全能抗皺神經醯胺角鯊精華17ml,超機能角質緊緻成分-神經醯胺(Ceramide 2)，搭配珍貴角鯊烷提供肌膚因年齡所流失的養分，極效修復角質層，撫去肌膚細紋，讓熟齡肌透出少女般的好氣色。,3540.0,3
7068835,MKUP金盞花輕卸深洗泡泡慕斯150ML,高保濕、緊緻毛孔，不怕粉刺。,3535.0,15
8117234,聲寶4D水洗式三刀頭電鬍刀,4D浮動貼合臉型,3535.0,4
7055435,Biore透白勻亮洗面乳100g,日本淨膚鎖水技術,3525.0,47
7088373,妮維雅美白潤膚乳液125ml,含50倍維他命C之卡姆果精華，終結黯沈提升明亮度,3520.0,30
7099572,渡邊維他命B群120粒,水溶性維他命B群，在攝取過程中，由尿中排泄，不含儲存在體內,3520.0,11
7064423,肌研白潤美白化粧水170ml,添加傳明酸，能抑制黑色素生成，改善暗沉及膚色不均問題,3520.0,8
7064424,肌研白潤美白乳液140ml,添加傳明酸，能抑制黑色素生成，改善暗沉及膚色不均問題,3520.0,8
7490519,TUNEMAKERS日本酒發酵保濕原液10ml,"高純度65%精米日本清酒萃取「純米發酵液」,深度滋潤疲勞肌膚",3520.0,4
8169175,Lovita愛維他蜂膠噴霧30ml,50%天然蜂膠,3520.0,4
7048779,營多珍饌系列印尼極品炒麵80g*5入-多款任選,★「營多珍饌系列」天然香料加天然辣椒研發出漸層口感,3519.0,51
7063471,OLAY新生高效緊緻護膚霜 50G,水潤肌膚，提升彈性,3516.0,4
8221578,NES cosmetics睫毛膏刷,可輕鬆刷出精緻、根根分明美睫，是一般有化妝需求的女性都「應該」要擁有的彩妝刷，更是專業造型師「必須」要具備的重要彩妝工具。,3512.0,8
7041988,KissMe花漾美姬瞬翹自然捲纖長防水睫毛膏6g,1. 抗水、抗皮脂、防摩擦、不暈染,3510.0,9
7041987,KissMe花漾美姬瞬翹自然捲濃密防水睫毛膏6g,1. 抗水、抗皮脂、防摩擦、不暈染,3510.0,9
8051069,小兒利撒爾御力C維生素C咀嚼錠60錠,4716511100219,3509.0,11
7250973,D-upWonderEyelidTape雙眼皮貼布180枚(Poin,超薄！超強力！防水、汗！,3509.0,11
7213497,好自在Pure Skin超吸透氣棉10片28cm,五倍超吸 表層乾爽潔淨,3506.0,44
7098810,美吾髮快速染#自然褐6(補充包) 40+40gm,"食品級植萃成分, 4倍植護科技, 維護頭皮健康",3505.0,25
7432332,ShibuyaOil-SOC日本國產純馬油70ml,4974297501082,3501.0,9
7224686,Tal蒂愛麗潤白雪絨花極速修護手膜14ml,"關鍵成份雪絨花具有強大修護力,深層修護舒緩擁有極佳保濕力",3500.0,25
7440211,金壕營養多補鐵錠50粒,4903361681207,3500.0,14
7440162,東洋BB顆粒25包,4987529352840,3500.0,7
7959903,莉婕泡沫染髮劑108ml青檸亞麻灰色,獨家光影雙色調色技術，讓髮色在光影下呈現不同變化,3497.0,13
7985831,Solone琉光訂製指緣乳/油 (多款任選),0,3496.0,23
7403896,雪之元雪肌美人UV防曬乳50g,4979949001262,3495.0,5
7403292,箱購-福可極淨洗臉巾100抽淨肌款9包/箱,●無螢光劑、無漂白劑、不留棉絮,3495.0,5
7556246,【廠商直送】超純補水玻尿酸精華液30ml +天然超保濕因子霜30ml(公司貨),無香精添加,3495.0,5
7832753,Nippn大麥若葉青汁3gx50包,4975812602307,3495.0,5
7832769,利捷維有效金盞花葉黃素軟膠囊30粒,4713575131388,3493.0,7
8162926,Plantur39玻尿酸咖啡因洗髮露250ml,Plantur39 全新升級配方，細心呵護40歲以上女性的頭皮,3493.0,7
8187812,So natural全天候超完美定妝噴霧經典,全天候超完美定妝,3493.0,7
8144770,魅尚萱完美護髮精油80ml玫瑰,蘊含完美精油營養的營養修護潤髮乳,3490.0,10
7119041,Plantur21 營養與咖啡因洗髮露 200ml,第一瓶專為長髮設計的洗護產品，不含矽靈,3490.0,10
7049841,Mdmmd.魚鱗膠原蛋白洗髮精-滋養潤澤 570g,養髮-強韌鞏固髮根，防止髮絲分岔、斷裂,3490.0,10
7108500,富麗絲泡泡染系列-靜謐海洋藍,8種氨基酸滋潤及藍睡蓮萃取成分,3490.0,10
8144833,魅尚萱完美修護免沖洗精華乳200ml,洗髮後在濕髮上塗抹的免沖洗髮膜,3490.0,10
7290664,Hair Recipe 髮的食譜 蜂蜜石榴水潤亮澤潤髮乳530g,Hair Recipe蜂蜜石榴水潤亮澤潤髮乳530g,3490.0,10
7290663,Hair Recipe 髮的食譜 蜂蜜石榴水潤亮澤洗髮露530ml,,3490.0,10
7054159,CREST專業鑽白漱口水500ml,美國原裝進口,3486.0,14
8539481,御衣坊純水濕紙巾80抽-三麗鷗澡堂款,質地棉柔舒適觸感溫和親膚,3480.0,120
7929983,【廠商直送】Ladoore蕾朵兒 單內衣 善變安琪美背內搭內衣,・L'adoore 善變安琪 美背內搭內衣,3480.0,6
7142802,3M舒適口罩升級款- M- 多款任選,採用3M™ Thinsulate™ 科技保溫材質，保暖度為羽絨的1.5倍,3475.0,25
7224204,瑪榭抑菌護跟機能襪M-多色任選,抗菌除臭率高達99.9%,3471.0,39
7059824,蕾妮亞吸水淨味墊16片防輕漏120cc,NEW!吸收力1.5倍再進化*，帶來極淨乾爽感 (*跟自社商品比較),3471.0,39
7993165,獅子寶寶兒童沐浴露500ml水嫩,兒童配方4 歲以上適用,3468.0,12
7373603,優生植淨嬰兒酵素洗衣液體皂1000ml*3入,植淨淨味-特別添加植萃淨味因子，去除異味，洗後散發小蒼蘭恬靜香氛。,3468.0,12
7051031,熊寶貝淡香水衣物香氛袋3包入-氣質小蒼蘭,"天然南非小蒼蘭香氛,頂級鮮花凝香技術，綻放奢華的細緻香氛",3465.0,35
7660946,日藥本舖醫用平面口罩25入櫻花粉,4713072040879,3465.0,35
7363530,EMO除濕王石灰乾燥劑60g5入,"集合除濕,防霉,防潮,等功效,除濕王防潮石灰乾燥劑,",3454.0,76
7050144,J-Lin UP20%大瞳裸妝深邃160枚,店內碼:2100009538134如何讓眼睛深邃有神，但又充滿清新感～,3451.0,29
7207707,蘇菲清新涼感衛生棉12片微涼小黃瓜23cm,對肌膚溫和 少刺激,3450.0,50
7312182,阿華田巧克力麥芽雪球濃心棉花糖117g,無添加人工色素,3450.0,46
8592833,【廠商直送】SIGG-探險家不鏽鋼冷水瓶750ml-兩色任選,不銹鋼單層水瓶,3450.0,3
8117037,媚比琳零失手極細滑順眉筆,1.5mm細圓筆芯 好描繪,3448.0,15
7750772,【廠商直送】KS-蠶絲雕塑超高腰束腹褲2件組,褲底蠶絲材質，乾爽透氣,3447.0,6
8599953,舒特膚長效潤膚霜超值雙入組250g*2入,甜杏仁油立即滋養，48小時長效保濕,3440.0,5
7090957,INTEGRATE 超順手抗暈染眼線膠筆nBK999(新舊包裝隨機出貨),經典眼線膠筆份量升級 MAX滑順筆芯全新上市,3435.0,15
7088435,妮維雅純萃身體乳350ml-天然有機燕麥,純萃保養 身體水凝乳系列,3432.0,18
7049901,DR.WU超逆齡多太抗皺安瓶1.5ML*7PCS,添加10%高濃度胜月太,3432.0,4
7440246,DHC金盞花萃取物葉黃素(30日份)30粒,4511413617816,3430.0,7
7360453,【廠商直送】SK-II青春露230ml(平行輸入),專櫃熱銷NO.1,3429.0,1
7105465,CIELO宣若EX染髮霜-4淺栗棕,簡單一按，不用攪拌，淡雅香味不刺鼻,3420.0,9
7259409,VISEE 水感柔光遮瑕霜,1.水潤質地輕盈延展，可當偽素顏粉底使用的飾底遮瑕乳。,3420.0,9
7083849,艾瑪絲5α捷利爾頭皮淨化液CC260ml,揮別頭皮常見的出有異味，扁塌，頭皮屑癢困擾，從髮根活出蓬鬆迷人的生命力！,3420.0,9
7453286,Karadium閃亮珍珠眼影棒 (多款任選),閃亮珍珠眼影棒,3416.0,8
8145195,【廠商直送】荷麗美加 上麗高效零油光水防曬60ml,高效阻隔紫外線 UVA / UVB。,3412.0,4
8220610,艾惟諾薰衣草療癒保濕組,艾惟諾薰衣草舒緩保濕乳 354ml：益菌生燕麥揉合薰衣草、洋甘菊及依蘭香氛，有助舒緩壓力，給予肌膚全天候長效保濕，舒緩肌膚乾燥,3411.0,9
7063355,Red Seal紅印牙膏100g,紐西蘭百年天然品牌,3410.0,18
7441199,瑪榭磨毛大U領女保暖衣8分袖,特殊雙面短絨毛層，觸感更加柔順,3401.0,19
7440265,DHC藍莓精華(30日份)60粒,4511413602478,3400.0,5
7665734,CINQUAIN思珂 B12氧氣亮顏波光素顏霜,一抹提亮～氧氣潤色美肌,3400.0,5
8121824,Ms.elec米嬉樂 40℃離子美容儀 (溫感美容/導出導入/美顏儀/導入儀),離子導入 促進吸收,3400.0,5
8563391,【廠商直送】原子小金剛行李箱24吋,旅行出遊必備，多種尺寸可選,3400.0,2
7098864,莉婕頂級奶霜泡沫染髮劑-4P暖紅棕色,搓揉後泡沫綿密度提昇4倍，如乳霜般完美遮白,3399.0,11
7088670,莉婕頂級奶霜泡沫染髮劑-1PK櫻桃棕色,極致遮白！泡沫綿著力4倍提昇，包覆滲透髮絲,3399.0,11
7996025,ROSE IS A ROSE-蕾絲無鋼圈套組,,3396.0,4
7442164,AHC超能A醛賦活柔膚露130ml,"蘊含抗老新星成分－超能A醛抗老因子,源自韓國專業研發,抵禦老化痕跡,全面提升膚況,煥活肌膚宛若新生!",3396.0,4
7336297,芭黛爾-竹炭蕾絲女內褲,竹炭褲底，吸濕排汗，透氣除臭,3395.0,25
7105557,瑪榭 MEN’S針織AB紗平口褲,親膚透氣，彈性佳,3394.0,26
7565515,莉婕頂級透亮光感染髮霜-1M知性霧光亞麻,獨家光影雙色調色技術，讓髮色在光影下呈現不同變化,3390.0,10
7242807,Airwaves Super嗆涼無糖口香糖超值包62g-極酷薄荷,極致嗆涼的口感,3389.0,45
7083927,潘婷3MM燙染護髮精華180ml(新舊包裝隨機出貨),第1分鐘 雙重氨基華 密集滋潤髮根至髮尾,3386.0,14
7083970,SEBORIN咖啡因洗髮露250ml,無矽靈添加，專門解決稀疏敏弱髮質,3383.0,17
7265728,碧菲絲特即淨卸妝水補充包360ml-多款任選,"乾淨看得見,保濕不回沾",3383.0,17
7062371,史邁爾衛生套12入-超薄型,極致體驗 輕薄境界,3383.0,17
7655482,Elastine胺基酸免沖洗護髮乳100ml-白麝香,1. 充滿水潤感! 將營養完全吸收的免沖洗劑型,3383.0,17
7786047,【廠商直送】41度C蒸氣熱敷眼罩5片-薰衣草,快速升溫、豐沛蒸氣、安全控溫,3383.0,17
8004611,待刪除-麗奇14度牙周對策牙間刷15入SS,◎兩大特色：,3383.0,17
7088675,Biore極緻精華油沐浴乳500ml-紫丁香風鈴草,保持肌膚年輕水嫩的要素之一是”皮脂”，膚觸改變的關鍵時刻,3383.0,17
8546281,鱷魚-石墨烯平口褲,抗菌防臭,3383.0,17
7251695,妮維雅純萃身體乳350ml-天然有機薰衣草,98%天然成分： 符合國際標準ISO 16128,3383.0,17
7108675,潘婷染燙修護洗髮乳700ml(新舊包裝轉換中 隨機出貨),"微小綿密泡沫,深入清潔,帶走雜質。",3383.0,17
7044881,小甘菊柔皙護手霜75ml,含德國洋甘菊、甜杏仁油萃取,3381.0,21
8209695,曼秀雷敦頂級濃潤柔霜潤唇膏-草莓奶蓋,1. 水凝潤澤技術,3380.0,20
7098826,Biore抗菌洗手慕絲花型泡泡款280ml,全方位抗菌,3380.0,20
7440254,DHC綜合維他命(30日份)30粒,4511413602553,3380.0,13
7427420,P&G_Bold新3衣物柔軟3D洗衣膠球花香17P本,4902430161879,3379.0,31
7270502,1028 Oil Block!超吸油蜜粉餅,棉絨面柔軟粉撲，外層細密的絨面材質，搭配內層的彈力海綿設計，輕鬆沾取蜜粉，並均勻服貼肌膚，完美定妝。,3378.0,22
8215661,靠得住暖心香氛10片2入梔子花夜28cm(新舊包裝隨機出貨),梔子花香氛,3377.0,23
7055422,MEN’S Biore男性專用沁涼淨油洗面乳100g,皮脂溶解配方＆皮脂吸收粉末,3375.0,45
7098842,Biore淨嫩沐浴乳補充包700g-馥郁紫鳶香,添加乳木果油，洗後肌膚柔嫩細緻，閃耀動人潤采亮澤,3373.0,29
7083624,蘇菲指入式棉條20支量多加強型,8道瞬吸線，瞬吸不外漏,3373.0,27
7049950,霓淨思高效保濕零觸感面膜5片,HA恆定保濕科技MIX，有效增加吸收度29.6%！,3371.0,9
7668757,威滅滅蟑隊12入-啤酒酵母,除蟑第一品牌 經典熱賣款,3367.0,13
7290657,潘婷染燙修護深層滋養髮膜270ml,,3367.0,13
7264039,萊雅專業男仕雙效淨化抗暗沉洗面乳100ml,獨特雙色雙效潔面配方,3366.0,34
7466188,日本樂天HOT手握式暖暖包10P,4903336240019,3366.0,34
7078066,小綠人特級鹹酥腰果135g,嚴選大粒帶皮腰果！酥脆飽滿,3360.0,30
7245281,碧歐斯三效水養清爽化妝水100ml,迅速補充水分與細緻毛孔,3360.0,21
8515678,美舒律蒸氣眼罩5片-Moomin森林香限定款,彈性耳掛設計，舒適貼合,3360.0,16
7055504,Biore含水防曬保濕水凝乳50g,滑順易推開的水凝露,3360.0,12
7250905,D-up極細絲滑防水眼線液筆-自然茶色,柔和自然茶色！,3360.0,8
7064452,肌研白潤高效集中淡斑乳液140ml,添加傳明酸，不僅能淡化已形成之斑點，更能深入滲透肌底，抑制麥拉寧色素增生沉澱。,3360.0,7
7064564,肌研白潤高效集中淡斑化粧水170ml-2款任選,添加傳明酸，不僅能淡化已形成之斑點，更能深入滲透肌底，抑制麥拉寧色素增生沉澱。,3360.0,7
7212459,DR.WU玻尿酸保濕水凝露50ml,獨特輕透凝露保濕無負擔,3360.0,4
8587240,【廠商直送】茉娜-高斜邊蕾絲抗菌調整型內衣,專利版型交叉脊心（Ｍ438134）> 穩定不移位,3360.0,2
8168605,【廠商直送】Pingo PRO X1鈦空黑LED窄版離子夾,．防誤觸電源開關,3360.0,2
7098846,Biore淨嫩沐浴乳補充包700g-緬梔花香,純潔淡雅的緬梔花香氛，享受如度假時陽光灑落的悠然愜意,3356.0,28
8051137,Aloins多功能蘆薈保濕營養霜_微香180g,4956962108017,3353.0,7
8237893,野村煎豆美樂圓餅_快樂分享包480g,,3348.0,12
7198973,BIONEO百妮  膠原蛋白彈力元素50ml,"透過各型膠原蛋白的補充,在肌膚皮裡提供良好的支撐力,防止肌膚粗糙,讓肌膚豐潤、維持彈性,提升立體保水感還原自然好膚質",3348.0,12
7557491,古寶無患子純露洗髮精480g-大馬士革玫瑰,"無患子潔淨配方,溫和洗淨不易刺激",3348.0,12
8610661,【廠商直送】Prodigy波特鉅-石墨烯遮光保暖帽-2色任選,遮光保暖帽 隨身攜帶好便利 冬天抵抗寒冷法寶,3345.0,5
7088663,MEN’S Biore 去頭皮味洗髮精750g,全新升級10倍炭 x 激活防禦配方,3339.0,21
7122074,超軟居家排水浴室拖- 6色任選,輕盈鞋身.行走輕鬆，舒適減震，排水力佳.居家.浴室.陽台.皆適合穿著,3339.0,21
7088665,MEN’S Biore 去味體香沐浴乳750g,控油．防禦同時啟動 輕鬆對抗外部髒污 重現男人活力光采,3339.0,21
7939544,靠得住完美封漏長夜抑菌網層7片2入41cm (新舊包裝隨機出貨),甲殼素纖維抑菌配方,3336.0,24
7069357,靠得住導管式衛生棉條8入量多加強型,8道瞬吸溝槽 不易外漏,3332.0,28
7050134,I’M MEME我愛水凝控油妝前防護乳,來自韓國的I'M MEME，提供最時尚韓妝潮流，最高質感產品，引領彩妝時尚的正韓潮流！,3330.0,11
7527079,UNO新炭洗顏130g,添加淨油碳粉的超濃密泡沫！,3328.0,26
7066338,Mdmmd.抑菌護墊20片超涼感15cm,◆吸水力升級！經SGS認證夜用型50.62倍吸水力,3326.0,34
7342489,精品經典中腰免洗褲淑女型,"合身版型,符合人體工學",3326.0,34
7097364,京都念慈庵金桔檸檬潤喉糖罐60g,天然漢方草本精心煉製,3325.0,35
7565520,Farcent香水胺基酸沐浴露780g-金漾玫瑰,前、中、後調香水香氛，洗後肌膚散發層次香水氣息,3321.0,9
7378946,I’M MEME我愛極霧烤茶唇膏 3.5g,獨特極霧顯色因子，無重力著色科技，輕盈貼唇，打造極霧唇。,3320.0,10
7224760,薇佳微晶3D全能化妝水200ml,"導入小分子與海藻玻尿酸,補充流失水分",3320.0,6
7111235,美吾髮卡樂芙染髮霜50gm-薰衣草歐蕾(新舊包裝隨機出貨),顯色度+58%有感超顯色,3315.0,15
7252188,Lenor衣物柔軟芳香豆360ml-多款任選,日本銷量No.1衣物芳香品牌,3309.0,11
7330270,威猛先生洗衣槽清潔劑250g,"日本配方、有效去除霉菌：內含活性氧、有效去除洗衣槽霉菌,避免二次汙染",3304.0,56
7259389,VISEE 瑩透無瑕飾底乳-薰衣草紫,瞬間提亮顯白同時修飾毛孔，,3300.0,11
7480156,天天成人平面醫療口罩50入紫,4719872074946,3300.0,11
7325618,DR.WU 1%冰河醣蛋白賦活精華15ml,雙極地保濕配方，提升肌膚保護力，延緩乾燥造成的粗糙及光害引起的皺紋,3300.0,6
7108634,CLAYGE海泥洗髮精S系列500ml-蓬鬆柔順,獨特海泥成分，去除頭皮多餘油脂，使髮根自然蓬鬆有彈性,3300.0,6
7108436,艾瑪絲舒敏平衡洗髮精400ml(新舊包裝隨機出貨),"形成保護膜，提升頭皮自我保護加強保濕力，溫和舒緩頭皮不適,降低肌膚乾燥造成搔癢感",3300.0,6
7560012,AHC淨光無瑕淡斑精華30ml,「3段褪暗淡斑機制」協同肌亮凝乳使用，4週擊退瑕疵14%，由內而外層層淨斑，7天透明煥亮！,3300.0,3
7211556,寵愛之名全能抗皺神經醯胺角鯊乳液50ml,超機能角質緊緻成分-神經醯胺(Ceramide 2)與珍貴角鯊烷，撫去老化細紋，啟動肌膚全面恢復彈力滋潤。,3300.0,3
7734755,(箱購)POYA Care x 大漢酵素晶潤妍酵飲,植萃美妍/自帶養顏濾鏡,3300.0,2
8554111,【廠商直送】多立康金盞花萃取物之葉黃素山桑子60粒x3,添加維生素B2、C、E,3300.0,2
7487096,1028 飛激濃瞬翹防水睫毛膏 朱古棕,採用微彎纖型刷頭，搭配密度適中的螺旋刷毛與滑順濃密膏體，可深入睫毛間隙完整包覆每根睫毛，輕刷即現極淨激濃美睫。 ,3298.0,10
7308127,一家人益生菌護色洗髮精400ml,天然起泡劑添加獨家細緻泡沫配方,3298.0,8
7063472,OLAY高效透白光塑淡斑精華 30ml,美白肌膚,3297.0,3
7838878,落建航海王限量組(洗髮400ml*2+運動巾),"1. 含''細緻微米泡沫'' ,有效洗去頭皮隱藏油脂及髒汙，讓頭皮乾淨清爽深呼吸",3295.0,5
7432504,KOSE極上活妍特濃彈力修護精華100g,4971710384000,3295.0,5
8063547,凱婷 怪獸級持色唇膏 EC限定色,"滋潤型持色唇,不易沾口罩、不易沾杯",3294.0,9
7109355,婦潔私密守護補充組-日常潔淨,"弱酸 pH3.5長效弱酸配方,專為陰部細緻肌膚設計的沐浴露",3294.0,6
7602000,舒適水次元5刮鬍刀優惠組-1刀架5刀頭,"日本包裝全新上市,外盒使用100% 再生紙",3294.0,6
8235579,L'EGERE橙花保濕原液精華液30ml,EWG等級橙花萃取原液,3294.0,6
8235574,L'EGERE金縷梅控油原液精華液30ml,EWG等級金縷梅萃取原液,3294.0,6
7253095,妮維雅男士護唇膏4.8g(新舊包裝隨機出貨),添加「乳木果油」與「酪梨油」雙重修護舒緩配方,3293.0,37
7752094,白蘭酵素極淨超濃縮洗衣精補充1.5kg除蹣,深層瓦解可見髒污及不可見細菌、過敏原,3290.0,32
8127864,Gliss極致滋潤修護髮油75ml,想要選擇護髮油，但又擔心滋潤過頭油膩厚重、或是清爽卻無感嗎?,3290.0,10
8022047,角落小夥伴綜合 手握式暖暖包10入 效期至2023.8,,3285.0,35
7640920,熊寶貝精油室內擴香100ml-2款任選,讓香氛，溫柔呵護身心，帶給你 美好的療癒時光。,3285.0,15
7094377,曼秀雷敦Acnes抗痘潔面慕斯 150ml,"含IPMP能深入毛孔底部抗菌, 有效抗痘",3284.0,18
7055411,MEN’S Biore男性專用深層柔珠洗面乳 100g,可溶性深層柔珠遇水崩解，深層清潔毛孔的皮脂汙垢，不傷肌膚 溫和去角質,3281.0,43
7619019,【廠商直送】田記溫體鮮雞精20入-常溫,好實在：嘉義大學輔導生產雞隻產銷經驗三十年。,3280.0,1
8245863,沙威隆抗菌保濕沐浴乳850g-白茶,安心抗菌  歐盟認可ICP專業抗菌成分,3278.0,22
7099435,蕊娜制汗爽身膏-清新舒棉 40g,全新蕊娜含獨特動能感應科技,3278.0,22
7250676,樂品醫用口罩50枚盒裝-成人 (藍色/粉色隨機出貨),高透氣,3278.0,22
7563998,高絲涵萃 潤肌精 玻尿酸全效保濕精華組,一瓶擁有化粧水、乳液、美容液多重功效的保濕精華液。,3278.0,11
7656241,1028 神采奕奕定妝噴霧,✓ 空氣般輕盈細緻噴霧，近距離使用也不破壞妝容。,3278.0,11
7812759,KOSE植淬白 潤肌精 玻尿酸超淨透洗顏霜 白淨雙星組,豐富綿密的泡沫，可徹底清潔老廢角質及髒污，並可輕鬆洗淨。,3278.0,11
7088682,莉婕頂級一按即梳染髮霜-6深濃棕色,輕鬆完美遮蓋可見白髮免煩惱日本全新開發一按即掩輕鬆染,3278.0,11
8609693,【福利品】全日營養肌美妍膠原蛋白飲_食品_100mL,4969726009659,3276.0,84
7113418,舒潔兒童學習專用濕式衛生紙40抽,使用超友善: 一按即開、使用無礙,3270.0,30
7063318,威滅衣櫃除蟲片抽屜式10入,可長效除蟲6個月,3269.0,25
7787489,瑪榭抑菌長效除臭1/2襪-多色任選,有效除臭 抗菌除臭率高達99.9%,3267.0,33
7090177,舒酸定強化琺瑯質學齡兒童牙膏65g,專為學齡兒童設計的牙膏(6~12歲),3267.0,33
7105482,美源花果香快速染髮霜-4CA摩卡棕色,採用Crystal Cream技術染髮過程清新不刺鼻,3260.0,19
7083930,潘婷Miracles煥活根源洗髮露500ml,溫和潔淨及呵護髮根頭皮,3260.0,10
8207447,幸福長毛棉毛巾-多色任選,100%精梳棉，極細雙毛圈,3257.0,33
7089143,海倫仙度絲去屑洗髮乳750ml-海洋活力(新舊包裝隨機出貨),去屑:配方給你去屑保護,3257.0,13
8179267,潘婷乳液修護洗髮乳950g,"ProV精華, 全新V醇滲透科技, 10倍滲透髮芯, 強韌髮絲, 48小時修護",3255.0,15
7044907,統一生機果然優蜜棗乾250g,非蜜餞產品，不甜膩，不黏手，Q彈有嚼勁。,3250.0,26
7587474,Love Liner防水極細眼線液筆 (多款任選),1.防止色素沉澱顏料類型,3250.0,5
7054578,Avene 雅漾舒護活泉水300ml,有效舒緩肌膚敏弱不適,3250.0,5
7083617,來復易吸水淨爽護墊22片少量型,確實吸收水分、異味,3248.0,52
7091009,水之印高機能平衡保濕化妝水200ml,即是專為解決肌膚粗糙與成人面皰所打造。預防成人面皰的產生，讓肌膚呈現光滑柔嫩的好膚質。,3246.0,8
7403835,MANUP近江水鏡高保潤乳霜50g,4562227459451,3245.0,5
7128852,澡享沐浴乳1000ml牡丹小蒼蘭,牡丹小蒼蘭：潤澤配方,3242.0,18
7073346,百齡雙氟防蛀兒童漱口水500ml-冰淇淋汽水 (新舊包裝隨機出貨),無添加酒精，安全溫和不刺激,3241.0,19
7576883,Solone專屬訂製指甲油(油畫系列)-多款任選,採用義大利大廠原料，顏色飽和，料體速乾。,3240.0,35
8049015,全方位三效鈣發泡錠10錠,4719890100016,3240.0,27
7918972,TUNEMAKERS軟木樹皮原液10ml,頂級植萃成分 20年以上黃柏樹皮萃取 1kg僅萃取1g，有效抑制皮脂過盛,3240.0,7
8077380,【廠商直送】Queen Chef - 韓國礦岩鈦合金鑄造不沾鍋雙鍋 30CM 4件組(炒鍋+平底鍋+蓋+竹鏟) - 兩色任選,歐盟認證、美國FDA無毒檢測,3240.0,3
7068391,法國AGiM-4件式多功能食物調理棒,檔調速(高速、低速),3240.0,3
7214114,DARLIE好來清新綠茶漱口水500ml-無酒精,深層潔淨、清新口氣,3239.0,41
8532340,經典保暖止滑女毛襪-多款任選,台灣製造，厚實、禦寒 、止滑，冬天保暖專用,3239.0,41
7555314,吉室無染洗衣袋-細網目60*60cm,有效避免水流或摩擦造成的面料損壞,3239.0,41
7049923,霓淨思前男友超後悔吸睛面膜4片,玫瑰萃取保濕補水,3237.0,13
7140150,呂 滋養韌髮洗髮精400ml-中乾性頭皮適用,改善頭皮與頭髮的9大煩惱,3231.0,9
8032292,REACH 麗奇牙周對策牙刷-短刷頭極細毛,小於0.01mm超極細毛能深層及溫和潔淨而設計，可以深入清潔牙間齒縫及溫和清潔牙齦邊緣，幫助清除牙垢，不傷牙齦。,3230.0,34
7053351,我的心機．去皮嫩膚黑足膜(1雙入),雙重潔淨更給力─添加特殊竹炭纖維及竹子發酵液,3225.0,25
7054149,歐樂B牙線50M2入-無蠟,全球牙醫第一推薦牙刷品牌,3225.0,25
7159419,獅王奈米樂超濃縮洗衣精660g,挑戰高難度污漬異味，食物污漬、汗臭異味、泛黃黑斑，滴滴強淨，一次解決。,3222.0,18
7111864,卡樂芙漾彩護色水潤洗髮精540ml,ACColorplexPF護色成分大升級髮色更持久,3222.0,18
7089219,絲蘊無矽靈去屑洗髮乳750ml,含去屑成份持久去屑,3222.0,18
7410355,ettusais 艾杜紗 絕不失手眉筆 0.3g (多色可選),日本殿堂級！質感眉筆,3220.0,7
8581643,DR.WU角鯊潤澤修復精華油5ml,突破性高效潤澤修復精華，獨家輕盈油狀質地，能迅速為疲憊肌膚注入年輕活力，全面修復肌膚屏障，改善乾繃、細紋、粗糙，重現潤澤、柔嫩、細緻肌！,3213.0,17
7633549,VOLA  耐勾褲型透膚絲襪6入-黑,柔韌耐勾，褲型設計,3213.0,7
7556172,洗顏專科超微米卸妝蜜150g,添加掃除暗沉、老舊角質的有效配方,3211.0,19
7097855,舒妃7萃有機草本受損修補菁華150ml,質地輕盈無負擔，滲透力強，給髮絲珍珠般的光澤,3211.0,19
7105480,美源花果香快速染髮霜-2淺亮棕色,採用Crystal Cream技術染髮過程清新不刺鼻,3211.0,19
7271306,媚點 完美防曬遮瑕膏,不脫粧遮瑕，不起屑，不浮粉，完美服貼,3211.0,13
7270488,1028 Oil Block!超吸油嫩蜜粉,空氣般細緻控油鬆粉，修飾均勻膚色，協助調理肌膚多餘的皮脂，呈現無油光的完美妝感，長效持妝不暗沉。,3211.0,13
7213496,好自在Pure Skin超吸透氣棉16片2入24cm,五倍超吸 表層乾爽潔淨,3209.0,21
7303069,NAF-LED星光打亮餅妮兔金裝版,天鵝絨般質地:獨特革命性技術將奢華的天鵝絨般慕絲，融入珠光細緻粉未，與肌膚完美貼合,3206.0,14
7786438,【廠商直送】KS-蠶絲專利集中包覆調整型內衣,專利蠶絲親膚舒適,3200.0,4
7959149,沙威隆抗菌保濕沐浴乳850g-洋甘菊,安心抗菌  歐盟認可ICP專業抗菌成分,3199.0,21
7128857,澡享沐浴乳補充包650g-雪松白麝香,雪松白麝香：清爽控油配方,3198.0,32
8555355,【廠商直送】Wash&Wish馬卡龍三合一洗衣球32顆/袋 X 3入組,韓國三合一洗衣球始祖，上市三個月銷售破25萬組，全植物原料天然友善,3198.0,2
7861713,蠶絲蛋白竹炭生理褲,蠶絲蛋白。抗菌。防霉。竹炭高機能生理褲,3197.0,23
7835400,美吾髮經典檀香精油沐浴露700ml,小分子玻尿酸精華調理肌膚,3197.0,23
7835424,美吾髮鼠尾草海鹽沁香洗髮露700ml,0矽靈 / 無人工色素,3197.0,23
7636333,【廠商直送】奇檬子洗衣精補充包2000ml*8包-檸檬,富含枸櫞酸~深入纖維徹底潔白,3196.0,4
8209041,【廠商直送】KINYO-雙層亮面快煮壺1.8L,食品級SUS 304不鏽鋼厚實材質，高保溫高儲熱。,3196.0,4
7582287,DV醇好菌10包,液態小分子-5倍吸收,3196.0,4
7156944,(箱購)好奇純水嬰兒濕巾一般型100抽18入,飲用級純水: 寶寶無負擔,3196.0,4
7818901,阿葵亞瞬耀護色洗髮精(保濕)-600ML,髮色更長持,3195.0,15
8174129,【即期品】歐樂B 6效合1漱口水500ml-清爽潔淨 (效期2024/11/12),六效合一漱口水,3193.0,17
8565144,CR高綿密特捻紗浴巾-多色任選,觸感柔軟，不易掉毛屑,3193.0,7
7736215,百齡雙氟防蛀兒童漱口水500ml-香檳葡萄 (新舊包裝隨機出貨),國內專業大藥廠-中化製藥團隊研,3192.0,18
7945990,待刪除-【廠商直送】cocodor香氛精油蠟燭130g-黑櫻桃,cocodor香氛蠟燭從加工到製成都來自義大利，遵循英國皇室蠟燭製法，義大利調香師針對香調上的設計，滿足每個人挑剔的嗅覺，奢華高端享受卻有平易近人的價格。,3192.0,8
7818726,HELLO CREAM染髮霜-5CB 亞麻冷棕,1. 新! 僅集全部優點開發的緊緻光滑啫喱質地!  提升便利性的同時改善護理的質地!   極強塗抹性，易於塗抹，不滑落，緊密貼合於髮絲！,3192.0,8
7059999,施巴護潔露(pH3.8)200ml,婦產科醫師推薦  最溫和有感的私密清潔用品,3192.0,8
7308136,一家人益生菌養髮旅行組80ml*3(洗護沐),獨家細緻天然泡沫配方蘊含有機小麥草萃取、尿囊素、維生素B3衍生物與OPT防護因子層層修護適合全家大小使用,3192.0,8
7633530,SEXYLOOK高保水面膜5入-亮白,使肌膚保水透亮,3192.0,8
7461928,棉花共和國 CR垂直編織浴巾(76x147cm)-多色任選,單染細柔棉絨毛圈氣袋編織,3192.0,8
7482668,韓國IM UNNY水感定妝噴霧 100ml (新舊包裝隨機),水感光澤 精緻亮面,3192.0,8
7098693,霓凈思NO.1速效保濕調理組16片,三款人氣面膜速效保濕組,3192.0,8
7608246,SOMEBYMI茶樹三酸30天奇蹟化妝水150ml,"三酸(AHA+BHA+PHA)日常溫和清潔滋潤肌膚,舒緩壓力肌",3192.0,8
7048681,未來美EX8分鐘PLUS升級潤白面膜4入,1敷快速補水,3192.0,8
7404058,一光極品馬油護膚霜70mL,4930598152705,3190.0,11
7224687,待刪除-Tal蒂愛麗潤白雪絨花護手霜75ml,"熱銷近半世紀,雪絨花萃取強效修護乾裂粗糙",3190.0,9
7255240,來復易吸水淨爽護墊10片輕薄特多量型,"\"\"\"瞬吸肌乾爽層",3187.0,53
7072844,日本獅王固齒佳酵素漱口水450ml,飲食後、約會前、無法刷牙時，只要漱口20秒，迅速淨化口腔、清新口氣、預防蛀牙。,3184.0,16
7108670,潘婷乳液修護潤髮精華素700ml(新舊包裝轉換中 隨機出貨),"深入滲透至髮芯,輕盈不油膩。",3184.0,16
7088776,韓國isLeaf咖啡因乾洗髮噴霧150ml-柚見,控油X蓬鬆X修護X強韌,3184.0,16
7113662,緩壓排水浴室拖鞋-3色任選,堅持採用無毒材質，要你穿的舒適又安心!腳上的事交給我們就對了~,3184.0,16
7569728,Mdmmd.簡單洗水潤洗髮精1000g-3款任選,健髮-活絡強健髮根，防止髮絲斷,3184.0,16
7098892,逸萱秀瞬效艷澤護髮膜180g,毛鱗片屏護科技,3184.0,16
7786042,【廠商直送】41度C御守款蒸氣眼罩5片-柴犬柚香,快速升溫、豐沛蒸氣、安全控溫,3184.0,16
8005113,麗奇14°牙周對策牙刷（3.5mm彈力細軟毛）,刷毛尖端細毛特別加工成3.5mm長度，符合牙齦溝槽深度，能深入清潔牙周，刷毛也更有彈力，不費力按摩牙齦,3182.0,34
7596482,艾惟諾燕麥活力果香沐浴露-532ml,益菌生燕麥添加，清潔同時舒緩乾燥、滋潤乾敏肌,3182.0,8
7082765,Dr’s Formula 510立正站好洗髮精600g,長效控油，去油垢味,3179.0,11
7425140,懷舊九州鹿兒島黑豬風味拉麵2人份210g,4543268075541,3174.0,46
7064249,凡士林原味瓶裝護唇膏 7g,自然配方,3174.0,46
7097537,Bref 妙力投入式馬桶清潔錠50g*2入,"4種功效 : 自動清潔, 防止水垢, 去除汙垢, 持久芳香",3174.0,46
8088512,彼得兔歐風浴巾-多色任選,正版比得兔授權，標籤上皆附有防偽雷射標籤,3174.0,6
7802615,點胭脂 粉撲海綿專用清潔劑 (添加茶樹精油),• 使用純粹的甜菜鹼與茶樹精油,3168.0,32
7055468,Biore Deep Free毛孔洗面乳120g-2款任選,超淨化毛孔皂基配方,3168.0,32
7094381,曼秀雷敦薄荷修護潤唇膏 3.5g,具滋潤保護雙重功效，含天然羊毛脂可充份滋潤風吹乾裂的雙唇,3168.0,32
7066326,愛康透芯涼感棉護墊20片15.5cm(新舊包裝隨機出貨),輕巧無感淨味舒適,3168.0,32
7126737,Perfect專科超微米淨荳潔顏乳100g,添加水楊酸預防面皰形成，去除老廢角質,3167.0,29
7083925,潘婷3MM乳液護髮精華180ml(新舊包裝隨機出貨),第1分鐘 雙重氨基華 密集滋潤髮根至髮尾,3167.0,13
7298750,一匙靈抗菌EX超濃縮洗衣精1.5kg補充-防螨,超越日曬等級 99.9%除菌力,3162.0,38
8569489,待刪除-愛康抑菌護墊-奧樂雞(20片15.5cm),獨家好芯 抑菌芯片,3162.0,33
7051030,熊寶貝衣物香氛袋3包入,天然煥活因子，中和衣物悶味,3160.0,40
7680972,Rom&nd 浪漫四色眼影盤經典（多款任選）,絕美四格配色，新手必備不出錯！,3160.0,8
8172950,麗仕髮補給修護髮油100ml摩洛哥堅果油,熱修護配方-添加熱修護因子Oleic acid，搭配吹風機熱能，幫助修護成分滲透髮絲!,3160.0,8
7605521,I DEW CARE還我乾淨臉藍莓卸妝膏80g,雪酪狀質地在接觸到臉部的瞬間即化為油狀絲絨質地,3160.0,4
7108649,海倫仙度絲潔淨保濕去屑洗髮乳750ml(新舊包裝隨機出貨),1.去屑:配方給你去屑保護,3157.0,13
7309238,Ariel 4D抗菌洗衣膠囊12顆盒裝-去漬,碳酸発想の極淨,3151.0,29
7072818,麗奇14度牙周對策牙刷-寬版極細毛(顏色隨機出貨),1972年由2位工程師與牙醫共同研發出的世界級專業口腔品牌-麗奇，多年來專心研究牙醫在診療時常見的8種口腔問題，堅持符合現代人需求的創新概念，結合高科技研究技術，有效解決看不見的口腔問題。 *由韓國第一品牌LG集團專業團隊研發，提供完整口腔產品項 *符合現代人需求聰明設計，有效解決牙齦八大問題,3150.0,30
7098786,日本味王暢快人生蜂蜜檸檬5g*30入,青春順暢好氣色,3150.0,7
7094539,帕瑪氏撫紋按摩乳液新配方 250ml,有效提升98%女性肌膚彈性,3150.0,7
8132520,Mdmmd.抑菌衛生棉褲型2片超涼感S-M,四合一芯片（專利涼芯）,3147.0,33
7433067,日本UTENA佑天蘭_瞬效直髮噴霧,4901234305120,3145.0,16
7062029,國際牌1200W負離子吹風機 EH-NE14,超大風量好吹整,3145.0,5
7071647,卡樂比富果樂水果麥片380g,香香脆脆新早餐 簡單方便最適合匆忙的早上!,3144.0,16
7799473,棉花共和國 CR 抗菌女用中腰免洗棉褲3入,"嚴選材質舒適好穿,清爽透氣",3143.0,33
7307345,韓國原辰安瓶面膜10片-藍安瓶保濕,"6種透明質酸---不同分子量組成的6種透明質酸滲透至肌膚不同層面,提供充足的水分,擁有優越的水分持有力,有助於維持肌膚水潤飽滿",3143.0,7
7105404,極夢工房歐風緞檔浴巾-4色任選,100%棉，品質嚴選控管,3143.0,7
8172897,多芬結構修護護髮精華230ml強韌雙精粹,360超導修護科技: 萬億修護成分360度包覆髮絲，依照不同受損程度精準修護，提高髮絲防禦力!,3141.0,9
7473237,Mdmmd私密抑菌淨白露400ml-涼感,"溫和清潔調理私密肌膚,達到滋潤肌膚",3141.0,9
7369541,安多輕旅行  甜心免洗生理褲 4入,"合身版型,符合人體工學",3140.0,32
7258054,白雪姬軟化小肉芽角質粒按摩凝膠20g,"夜間調理肌膚,促使肌膚表面凸起小顆粒柔化",3137.0,7
7420230,韓國條紋純色隱形襪-多色任選,韓國襪子,3135.0,57
7432463,KOSE高絲雪肌粹洗面乳80g,4971710033205,3134.0,16
7394036,美麗日記金縷梅控油花萃面膜7入,花萃與精華液的完美組合,3133.0,17
7088688,花王植萃弱酸洗髮精涼感控油型750ml,無矽靈＆色素、溫和弱酸適合全家人,3129.0,21
7092178,好自在隔菌液體衛生棉7片量多27cm,超強黑洞吸收力 吸收後輕薄依舊,3129.0,21
7411215,凱婷 彩色修容塑顏棒,於臉部輪廓添加陰影,3128.0,8
8051239,Areti3way多功能溫控電棒捲梳_黑,4562373032133,3128.0,2
8102222,絲花無酒精除菌99%濕巾70片,小朋友用也安心,3120.0,48
7542022,靠得住晚安好眠褲L號2片(新舊包裝隨機出貨),360度全環繞包覆,3120.0,40
7373205,威拂乾溼拖超值組,"\"\"\"360度轉軸與螺旋式接縫",3120.0,16
7291966,曼秀雷敦舒緩按摩滾珠50ml-熱力(新舊款隨機出貨),獨特35mm超大滾珠頭設計，搭配按摩能立即產生熱感，促進血液循環，能放鬆舒緩緊繃不適，有效紓壓。溫和配方不含藥，清新草本香味，隨時隨地皆能自在使用，身體重現活力！,3120.0,13
7094385,肌研極潤保濕洗面乳100g,添加高效玻尿酸、HPT玻尿酸，能以強大吸附力緊鎖水分，洗後肌膚不乾澀緊繃，從洗臉開始保濕,3120.0,12
7342529,Tryall濃縮乳清蛋白500g-黑糖,每份濃縮乳清(25公克)中約含36公克BCAAs,3120.0,8
8504046,【廠商直送】Ladoore蕾朵兒 Lily香香的 前扣美背成套內衣,L'adoore  Lily香香的 前扣美背成套內衣,3120.0,4
8024639,【廠商直送】 Ladoore蕾朵兒 濃情紅絲絨 歐式美胸成套內衣,L'adoore 濃情紅絲絨 歐式美胸成套內衣,3120.0,4
7098860,莉婕頂級奶霜泡沫染髮劑-6深濃棕色,搓揉後泡沫綿密度提昇4倍，如乳霜般完美遮白,3110.0,10
8554143,【廠商直送】多立康皇家馬卡鋅60粒X3,台灣製造,3110.0,2
7044529,森田藥粧瞬效安瓶潤導面膜4入-救急,添加3種修護因子,3107.0,13
7895933,ECONECO五款元普醫療用口罩10入,4719882590184,3105.0,45
7094382,曼秀雷敦深層保濕潤唇膏-無香料 4.5g,"添加卓越保濕成分玻尿酸鈉, 鎖緊水分, 改善唇部乾燥問題, 加倍滋潤",3105.0,23
7227928,Panasonic 碳鋅4號電池-16入,台灣銷售冠軍,3105.0,17
7098905,Queen Bee澳大利亞蘆薈植物潤澤皂80g*4,植物萃取精華配方,3094.0,26
7082430,美琪抗菌洗手慕斯500ml,醫師推薦，國小／幼教指定NO.1品牌,3094.0,26
7278948,Za 美白煥顏兩用粉餅(蕊) 9g (多色可選),乾擦美白遮瑕，濕擦服貼透亮,3091.0,11
7575385,Elastine花绽一瞬奢華香水潤髮乳600ml-滋養防斷款,1.花綻一瞬-添加17種胺基酸及秀髮毛鱗修護技術，幫助預防梳理引起之斷髮,3090.0,10
7404062,CR_CITRUSPA柑橘香氛潤膚乳300mL,4936201104642,3090.0,10
8261157,【廠商直送】美德彩色醫用防護口罩50入3盒-脫魯粉,▪️經防潑水處理，阻擋飛沫及顆粒粉,3089.0,7
7594885,Ora2me亮白香氛牙膏130g-多款任選,三重洗淨 全新配方：,3087.0,22
7128851,澡享男性沐浴乳1000ml-雪松白麝香,雪松白麝香：清爽控油配方,3083.0,17
7044334,絲芙蒂乾濕兩用瞬淨卸粧油 230ml,瞬時溶解卸除彩粧，洗後不殘留，不需二次洗臉,3082.0,11
7089486,多芬溫和除菌沐浴乳 1000ml,臨床實證，多芬新登場温和除菌沐浴乳有效除菌99%，溫和潔淨，為不同肌膚帶來純淨保護。​​,3081.0,21
7271834,三多膳食纖維粉末食品350公克/罐,"嚴選歐洲進口,認證的菊苣纖維(KOSHER認證、HALAL認證)",3080.0,11
7055505,Biore含水防曬清透水凝露90ml,滑順易推開的水凝露,3080.0,11
7090953,THERAPIND魔唇潤澤護唇膏,多了薄荷精油的涼潤澤感，讓雙唇清爽水潤,3076.0,26
7556225,【廠商直送】The Ordinary 杏仁酸精華液30ml(公司貨),溫和去角質,3073.0,7
7225345,Mdmmd.抑菌護墊20片涼感15cm,吸水力升級!經SGS認證夜用型50.62倍吸水力,3069.0,31
7069319,康乃馨清涼護墊20片2入加長17cm,1. 清涼感,3069.0,31
7188281,霓淨思玻尿酸保濕原液30ml,"超高濃度雙分子玻尿酸,長時間維持高含水量",3067.0,4
7113417,舒潔旅行包面紙70抽4包(新舊包裝隨機出貨),紙質柔軟，適合柔嫩肌膚,3060.0,36
8051117,Sana豆乳美肌清爽洗面乳150g,4964596701108,3060.0,12
7656166,凱婷 零瑕肌密持粧防曬隔離乳,長時間防止脫粧．泛油光,3060.0,9
7619126,好來全亮白極緻酵素牙膏120g-晨曦雪松,,3059.0,37
7385278,蘇菲超熟睡超薄細緻棉柔14片3入28cm,"\"\"\"日本首創 超大蝴蝶扇尾",3058.0,22
7341067,待刪除-糖鼎桂圓木耳30g*7入,"頂級純正台灣黑糖,搭配天然真材實料",3058.0,22
7063542,思高薏仁玻尿酸化妝水500ml,500ml大容量化妝水,3058.0,22
7098735,優倍多元氣B群軟膠囊120粒,日常補充B群的首選,3056.0,4
7523651,森下仁丹晶球長益菌14入_加強版,4719552020140,3054.0,6
7404033,Bathclin日本名湯精選七湯入浴劑30g_14P,4548514153950,3051.0,9
7329932,上山採藥國寶茶舒緩調理沐浴露600ml,蘊含豐富多酚營養素的國寶茶萃取搭配芍藥及酵母萃取，除了舒緩肌膚之外，洗後還能有潤澤不乾澀緊繃的清新體驗。,3042.0,18
7041921,essence超霧光定妝蜜粉,透明質地適合各種膚色，散粉質地用法更多元,3042.0,18
7122658,素色毛巾(70*33CM)55公克(四入),純棉原紗，維護肌膚健康,3042.0,18
8122456,J lin X AM 澎澎氣墊蜜粉撲乾濕兩用-附收納袋,,3041.0,17
7068847,靠得住產褥墊20片,靠得住產褥墊特別加長 加寬 吸收力更強 經血不外露,3040.0,32
7050161,Dr.FreeVenus-藝群青春保濕玻尿酸面膜6入,含添加玻尿酸，保濕配方組合,3040.0,20
7105460,CIELO宣若EX染髮霜-3RO玫瑰棕,簡單一按，不用攪拌，淡雅香味不刺鼻,3040.0,8
7739667,Avene 雅漾舒敏極潤修護精華乳40ml,滋潤型：快速舒緩敏弱肌，極潤保濕,3039.0,3
8554114,【廠商直送】多立康維生素B群緩釋膜衣錠60粒,完整8種B群 +牛磺酸、鈣,3036.0,4
8142438,【廠商直送】悠活原力 吳淡如代言 綜合維生素B群 緩釋膜衣錠60粒/盒(含高活性TTFD),長效8小時緩慢釋放，補充全天體力,3032.0,4
7089842,Dr. Groot養髮秘帖洗髮精385ml-茉莉香氛,不添加矽靈、Sulfate硫酸鹽界面活性劑的溫和配方,3030.0,5
7061579,SELENA五層可撕型敷面化妝棉80枚入,100%棉，對肌膚溫和，使用後不殘留毛絮,3027.0,31
7425251,加卡比薯條(薄鹽味)盒裝90g,4901330642280,3026.0,34
7083585,蘇菲彈力貼身超薄潔翼12片夜用28cm,超瞬吸小孔表層,3024.0,56
7224617,B.V.D 三角褲100%棉,圓筒式紡織一體成型，肌觸零摩擦,3024.0,16
7588012,Kesho SE護髮染髮霜40g-褪色劑,"褪色均勻 , 再染他色更顯亮呈現",3021.0,19
7394265,TracyDora抗熱護髮菁華露165g-多款任選,避免熱風傷害、護色、保濕修護、捲度維持,3019.0,20
7931063,I'M MEME我愛奶茶裸土腮紅盤,韓國大勢奶茶顏，奶茶裸土色腮紅，氣質溫柔輕鬆駕馭！,3012.0,6
7213507,Ariel超濃縮抗菌洗衣精900g,99.9%抗菌,3007.0,23
7091177,I’M MEME我愛眼妝乖乖打底露,防止暈染轉印,3007.0,12
7105500,最乾淨浴巾-4色任選,材質:100%棉,3003.0,17
7119038,Plantur39植物與咖啡因洗髮露250ml-細軟,強健髮根，不含矽靈,3003.0,7
7432176,Pharmaact無添加沐浴乳補充包450ml,4513574006447,3002.0,38
7298760,蕾妮亞舒膚Free日用超極薄22.5cm20片,"日本花王專利*舒芙蕾浮點柔層,極細軟纖維讓肌膚無摩擦感,極舒柔又低刺激",3002.0,34
7719614,林葉亭 x ARTiS指甲油 (JA系列)-多款任選,軟萌清新感柔淡色系輕鬆駕馭,3000.0,20
7432647,PAIR沛醫亞淨痘調理洗面乳80g,4903301034506,3000.0,12
7750782,【廠商直送】聖保羅Q餅5入*2盒,外皮採法式酥皮做法，奶香味層層堆疊，非常酥香,3000.0,5
7918983,AHC零死角純物理清爽防曬棒14g SPF50+,純物理性防曬成分，高效清爽，配方溫和,3000.0,5
7099525,小兒利撒爾晶明葉黃素咀嚼錠(36粒),每粒添加專利葉黃素FloraGLO™0.5mg，是經常閱讀、打電腦、看電視的全家營養補充品，機能性保健軟糖。,3000.0,5
8133966,【預購】蘭蔻超未來肌因賦活露100ml,9200000000578,2999.0,1
8223917,EVERBAB 艾蓓拉 一飛沖天睫毛夾 / 太陽花睫毛夾,專為亞洲人眼型做設計,2997.0,15
7669543,INNEX植萃賦活控油胜肽養髮精華液45ml,CAPIXYL™專利胜肽，活絡健髮,2997.0,3
8617014,霓淨思玻尿酸浸潤保濕1+1加贈組,7天有感透亮#No.1亮白精華 #改善暗沉,2997.0,3
7537848,KLORANE 蔻蘿蘭涼感淨化乾洗髮噴霧150ml,2分鐘趕走扁塌  沁涼澎鬆,2995.0,5
7049889,霓淨思肌滲透前導菁露120ml,獨家油水相融科技，打造雙相前導系統,2995.0,5
7222373,舒綺美型之刀,除毛同時持續潤澤肌膚,2995.0,5
7054865,貝膚黛瑪舒敏保濕化妝水 250ml,【前導】舒緩水嫩 平衡調理,2995.0,5
7832620,達特世FFP2醫用防護口罩S號20入白,4719881664848,2995.0,5
7054595,日本味王金盞花葉黃素晶亮膠囊30粒/盒,空調3C族的新選擇,2995.0,5
7098792,我的健康日記六效乳酸菌經典原味升級30入(新舊包裝隨機出貨),10倍菌數添加 排便順暢,2995.0,5
7403917,MANUP近江水鏡All_INOne高保濕凝膠120g,4562227459390,2994.0,6
7404322,KINYO 靜音12吋溫濕度計掛鐘,溫濕度計 雙效功能,2994.0,6
7073622,L’EGERE安瓶精華30ml-多款任選,穀胱甘肽+維他命C精華，美白更有感,2994.0,6
7268528,INNEX植萃賦活 去屑止癢洗髮精510ml,六重抗屑舒緩科技，強效去屑＋高效抗屑,2994.0,6
7233180,【E‧Heart】機能型美胸衣(24H吸濕排汗-細肩帶黑),新款三排雙鈎背扣式設計，可依照身型調整鬆緊度，,2994.0,6
7063568,喬梵典雅白麝香96ml-女香,前 味： 茉莉花、依蘭、冬忍花,2994.0,6
7736160,百齡護牙周到護齦漱口水750ml-晶鹽,ASP+有效去除牙周病菌,2993.0,17
7089076,媚點 自轉式眉筆 (橢圓芯),粗細皆能輕鬆描繪免削式眉筆,2992.0,22
7425714,KISSME花漾美姬一刷睫淨睫毛膏卸除液6.6ml,4713268274583,2992.0,11
8028170,德之寶深海魚油80粒,TG型Omega-3脂肪酸，吸收率高,2992.0,5
8536055,蕾妮亞極吸好眠純棉褲型衛生棉2片M-L,360度任性睡超安心,2990.0,46
7049831,統欣生技 活力計畫膠原蛋白20入,嚴選自日本新田大廠魚膠原蛋白(每包含3000毫克),2990.0,10
7290649,海倫仙度絲輕和去屑洗髮露500g-淨感水潤,,2990.0,10
7698008,CINQUAIN思珂 心機絲滑潤唇膏(無花果/莓果粉/玫瑰白),玫瑰潤澤保濕雙唇,2990.0,10
7433309,Neatex超胜肽安瓶精華液30ml,4713227022439,2990.0,10
8248545,【廠商直送】小米有品-拓牛T1S智能垃圾桶-白,一鍵自動打包,2990.0,1
7660963,普惠醫用口罩成人50入黑色,4712123641089,2988.0,12
7812323,NAF星機持久定妝噴霧100ml(隱形防護罩),保濕鎖水定妝: 獨家毛孔隱形粉末吸收表面油脂立即給肌膚隱形防護，底妝更服貼,2988.0,12
7097812,型色家植萃添加染髮補色露200ml-紅紫系,校正髮色 輕鬆上色 持久補色,2988.0,12
7432491,牛乳石鹼無添加滋潤型洗髮精500ml,4901525007245,2988.0,12
7088412,妮維雅粉嫩嫩潤白水凝乳350ml-櫻花,粉嫩透白好氣色,2988.0,12
7063584,No Brand奶油風味曲奇餅400g-多款任選,"濃郁奶油香,伴隨酥脆口感",2988.0,12
8543145,LUCIDO-L摩洛哥護髮精華油60ml抗躁型,日本原裝自然捲專用護髮油,2988.0,12
7041986,KissMe花漾美姬-刷捲翹睫毛底膏,1. 獨特藍色底膏，強化睫毛膏色澤飽和。,2988.0,9
7411426,凱婷 雙重記憶美睫捲翹膏EX,隔絕濕氣和呼出的水氣,2988.0,9
7230829,倍立雅超導保濕精華液 60ml,Hydranov™-比起一般的玻尿酸三倍快速滋潤效果再加上Sodium Carbomer獲取自紅海藻刺激表皮玻尿酸綜合體對整個表皮肌膚的保濕效用,2988.0,6
7053457,待刪除-伊藤園好喝綠茶包2g*20入,日本原裝進口,2987.0,23
7088773,韓國isLeaf咖啡因乾洗髮噴霧150ml-紫愛,控油X蓬鬆X修護X強韌,2985.0,15
7098852,瑪宣妮蜜桃珍珠潤髮乳450ml-絲潤感,讓秀髮呈現滑順不糾結、滋潤亮澤,2985.0,15
7094866,Solone天生好手極細三角眉筆,精細三角眉筆芯描繪更精準。,2985.0,15
8223915,橘朵 JUDYDOLL 潤色絲滑單色腮紅 (多色任選),粉質細膩 、顯色度佳、容易上色,2985.0,15
7837977,英國TFESC植物精油香皂190g-藍風鈴,由純植物油製成，富含乳木果油,2985.0,15
7977925,Solone榛果訂製火苗修飾刷/AC05,,2982.0,14
8219315,妮維雅純萃潤唇膏4.8g-有機大麻籽油,100%天然成分,2980.0,20
7094844,美麗日記沙地蘆薈舒緩面膜8入,軟化老廢角質讓肌膚展現完水嫩肌,2980.0,20
7098821,花王植萃弱酸洗髮精長效潔味型750ml,日本全方位淨護技術: 減少頭皮刺激及髮絲上的皮脂殘留,2980.0,20
7318838,琨蒂絲輕澤之冬天鵝絨全彈性褲襪-膚,輕盈暖護、觸感柔細,2980.0,20
8004241,MKUP 難搞睫毛膏卸除液,商品特色,2980.0,10
7986699,PP波瑟楓妮-二代石墨烯塑崩未來褲-藍,今夏最猛「藏肉神褲」,2980.0,1
7935730,【廠商直送】JWAY無線優雅極輕量吸塵器 JY-SV12,●490公克極輕重量主機 輕巧好操作,2980.0,1
7090182,舒酸定專業抗敏護齦牙膏100g-亮白配方,臨床證實雙效舒緩牙齒敏感幫助改善牙齦健康,2977.0,13
7329931,上山採藥白茶嫩白水嫩沐浴露430ml,白茶與山茶花萃取添加，改善肌膚暗沉問題。溫和細緻泡沫搭配多重保濕因子，洗後柔潤不乾澀。,2977.0,13
7385253,蘇菲超熟睡細緻棉柔衛生棉14片28cm,"\"\"\"日本首創 超大蝴蝶扇尾",2976.0,48
7309435,Tryall高蛋白濃湯35g-火腿玉米,每包含有 20g 蛋白質;4g BCAAs,2975.0,76
7258723,美膚娜娜痘疤淡斑精華液15ml,水楊酸、傳明酸、AA2G,2975.0,7
7064245,凡士林潤膚露120ml-2款任選,24小時保持肌+O20:P21膚潤澤，迅速吸收，清爽不黏膩,2970.0,30
7219572,百濟海苔5g*12入,★少鹽，使用芝麻油脆烤,2970.0,30
8056361,淨新 醫用成人加大款4D魚形立體口罩 平面口罩 MIT台灣製 MD雙鋼印 25入,,2970.0,30
7044645,培恩加強型葉黃素膠囊60粒,*高單位游離型葉黃素30毫克，身體好吸收                                                                         *複合配方，超高CP值                                                                                            *美國進口，品質有保障,2970.0,6
7647329,【廠商直送】AMADANA 雙層隔熱快煮壺HAADSTKE-0204,英國Strix製造自動控溫器,2970.0,3
8121451,Ivenor日安塑崩錠60錠,早晨-阻斷吸收,2970.0,3
7502453,沙宣迷你強風速負離子吹風機-VS359BW,"AC無刷馬達技術, 壽命長3倍",2970.0,3
7108494,日本利尻昆布染髮護色乳200g-咖啡色,日本銷售第一名 回購率超高商品,2970.0,3
7308870,聲寶陶瓷刀頭電動理髮器,50分鐘長效續航,2970.0,3
7092023,mod’s hair負離子溫控吹風機,負離子搭載:在所有模式下均會產生負離子,2970.0,3
8077456,【廠商直送】ROYCE 皇家玫瑰 - 圓形琺瑯鑄鐵鍋3公升(21cm) - 多色任選,狂銷萬組好評回饋,2970.0,3
8209033,【廠商直送】KINYO-滴漏式咖啡機1.25L,耐熱玻璃壺，10-15杯咖啡容量，取水量一目了然。,2970.0,3
7697997,點胭脂 繁花似錦壹壹零 經典刷具組(5支入),• 規格︱球型粉撲刷、打亮修容刷、眼彩刷、眼彩細節刷、暈染遮瑕兩用刷,2970.0,3
8126267,ANUAN-女高領刷毛衣,,2967.0,23
8126209,ANUAN-女圓領刷毛衣,,2967.0,23
7378947,I’M MEME我愛甜潤烤奶腮紅 6g,帶有透明感的發色，完美融合於各色肌膚。,2964.0,12
7273154,康乃馨御守棉細緻柔棉6片涼感40cm*6入,安心御守：獨家御守棉防護瞬吸體，吸收更多，更加乾爽。,2961.0,9
7049876,溫士頓C口含錠500 100錠,溫士頓傳統優質品牌(日本合作研發設計處方)。,2960.0,8
8172514,【廠商直送】Pingo LADY A10晶漾陶瓷直捲兩用電棒,—商品特色,2960.0,2
8077533,【廠商直送】Queen Chef - 韓國礦岩鈦合金鑄造不沾鍋 36CM(炒鍋),歐盟認證、美國FDA無毒檢測,2960.0,2
7105696,超厚底4.5cm輕量防滑彈力拖鞋-7色任選,緩解行走時腳趾帶來的壓力，加厚，舒適減震，給您更優質的穿鞋體驗!戶外、居家皆適合穿著!,2959.0,11
8030619,大王elis純淨裸肌極緞棉20片超薄23cm,日本初！加乳液更纖柔，輕絲級新體感,2955.0,19
7105900,麗仕清爽沐浴乳1L-薰衣馨舞,國際香氛大師精心調配，與香水一樣有前中後味,2955.0,17
8266945,棉花共和國 CR 蕾絲V領女發熱衣,吸濕發熱不黏膩,2952.0,8
8207415,幸福長毛棉浴巾-多色任選,100%精梳棉，極細雙毛圈,2952.0,8
7277383,優妮嬌盟超快適醫用口罩5入-多款任選,挑戰0痛感寬耳帶,2950.0,50
8552192,愛康透芯涼感棉-檸橙派對(多款尺寸任選-加長33cm/護墊15.5cm) - 新舊包裝隨機出貨,獨家好芯涼 涼感芯片,2950.0,30
7258062,Altamoda身體芳香噴霧140ml-多款任選,保持身體芳香,2950.0,10
8164738,艾森絲限定遨遊海洋刷具套組,美人魚艾麗兒看了也生火的貝殼刷具，一套9隻完妝全部都一起給你。旅行整套帶出去就不用擔心少帶了最重要的那隻~,2950.0,5
7064430,曼秀雷敦Acnes抗痘洗面乳 100g,"含Isopropyl Methylphenol能深入毛孔底部抗菌, 有效抗痘",2943.0,29
7660951,普惠醫用口罩成人韓版10入時尚黑,4712123642628,2943.0,27
8094288,【廠商直送】Style格調-2米X型三桿伸縮附輪曬衣架,可完全折合收納 不佔空間,2940.0,3
7778578,PurBlanche光采彈潤美容化妝水120mL,4560221591702,2940.0,3
7795288,m2美度22LAB超能膠原飲8入,由韓國皮膚科學研究院研發，頂級迷你雙胜6000mg膠原蛋白,2940.0,3
7049958,霓淨思AC雙粹賦活潤澤精華30ml,首創AC雙粹精華，三重功效一次到位！,2938.0,4
7061724,毛寶洗衣槽專用去污劑300g*3入,活氧去垢配方：軟化頑垢，分離洗衣槽壁內的生物膜與污垢，達到深層去垢、除菌及除黴效果，並消除異味來源，四重淨化效果一次滿足。,2934.0,26
7432756,紗奈潤澤乳霜100g,4987028113522,2933.0,7
7600225,曼秀雷敦水潤肌超保濕極效水感防曬露 110g,光耐久技術:使用特殊劑型包覆技術，將防曬成分包覆，減少紫外線直接破壞分子結構，增加吸收紫外線的時間，達到持久防曬的效果,2933.0,7
7490491,韓國IM UNNY清透無瑕蜜粉 8g,持久嫩白 霧化毛孔,2930.0,10
7098809,美吾髮快速染#自然黑褐7(補充包) 40+40gm,"食品級植萃成分, 4倍植護科技, 維護頭皮健康",2929.0,21
8544833,【即期品】倫敦芮魅Rimmel 多功能隨身彩妝盤-003 (效期:2023/9/1),一盤概括柔光亮澤、霧感色款,2926.0,14
8179275,潘婷絲質順滑洗髮乳950g,"ProV精華, 全新V醇滲透科技, 10倍滲透髮芯, 強韌髮絲, 48小時修護",2926.0,14
7309438,Tryall高蛋白濃湯35g-海鮮巧達,每包含有 20g 蛋白質;4g BCAAs,2923.0,71
8066019,麗仕柔亮清爽洗髮乳400g-2022版,全新配方 奢寵秀髮 髮絲光澤清爽,2923.0,37
8022050,日本 Mycoal 企鵝手握式暖暖包10入 ST 雞仔牌寒流來襲 低溫必備 效期2024.4/2025.04,,2923.0,37
7042121,MEKO 完眉視角3D旋轉眉筆(多款任選),三角筆頭易上手,2921.0,23
7049884,DR.WU杏仁酸煥膚潔顏慕斯 160ML,超微米泡沫潔淨科技，深層淨化毛孔,2921.0,5
7088360,艾翠斯修護護手霜100ml,質地清爽不黏膩,2919.0,21
7089144,海倫仙度絲止癢呵護去屑洗髮乳750ml(新舊包裝隨機出貨),去屑:配方給你去屑保護,2918.0,12
7611116,妮維雅男士積雪草原力修護機能水150ml,"專櫃級植萃、舒緩穩定:注入專櫃級保養成分積雪草精萃,天然萃取,釋放奇蹟修護力；舒緩肌膚敏感不適、調理乾燥泛紅,溫和穩定膚況",2914.0,6
7051033,白蘭含熊寶貝洗衣精補充1.6kg-自然馨香,含熊寶貝馨香精華系列 大自然馨香,2911.0,27
7478864,INTEGRATE 柔焦輕透美肌BB霜 30g (兩色可選),高遮瑕 高防曬 極輕透 長效持妝8小時,2907.0,9
7108679,潘婷強韌頭髮減少斷裂洗髮乳700ml(新舊包裝轉換中 隨機出貨),"微小綿密泡沫,深入清潔,帶走雜質。",2906.0,14
7055709,Airwaves超涼無糖口香糖超值包62g-薄荷,Airwaves超涼薄荷擁有最受歡迎的超涼衝勁，添加持久新配方及更佳的脆度,2901.0,37
8217184,高露潔全效牙膏150g-專業淨白(新舊包裝隨機出貨),"有效減少牙齒、牙齦、頰面、與舌頭細菌滋生率, 最高可達12小時防菌保護",2900.0,20
7525823,高露潔全效牙膏150g-專業潔淨(新舊包裝隨機出貨),"有效減少牙齒、牙齦、頰面、與舌頭細菌滋生率, 最高可達12小時防菌保護",2900.0,20
7105520,Batiste秀髮乾洗噴劑200ml經典清新(新舊包裝隨機出貨),英國原裝進口，熱銷62多國,2900.0,10
7355387,Relove金盞花溫和私密潔淨凝露120ml,專為敏感肌的妳打造的溫和潔淨凝露，採自南義金盞花粹取，添加LS9322舒敏奇特素獨家專利配方，用心為妳打造全新無涼感配方。,2895.0,5
7490490,韓國IM UNNY纖細捲翹防水睫毛膏,根根分明 無限延伸,2893.0,11
8174095,U虎玉米棒_濃湯風味15入,4713205071862,2891.0,49
7372817,京田製菓角落小夥伴棉花糖100g(包裝隨機出貨),"蓬軟又Ｑ彈軟嫩的特殊口感,帶點香草氣息的棉花糖,一直是少女們及小朋友的最愛,療癒又好吃",2888.0,76
7083607,來復易輕微漏尿用清爽棉墊16片中量型,銀離子消臭高分子，異味掰掰,2883.0,41
7055420,Biore 抗痘保濕洗顏慕絲 160ml(新舊包裝隨機出貨),SPT日本淨膚鎖水技術,2882.0,18
7055427,Biore 水嫩亮澤洗顏慕絲 160ml(新舊包裝隨機出貨),SPT日本淨膚鎖水技術,2882.0,18
8124642,i+三色筆管+3芯-三麗鷗 -多款任選,特選三麗鷗明星偶像系列,2880.0,18
7480166,匠心韓版魚型醫療級口罩20入香檳葡萄,4719872075547,2880.0,12
7436099,匠心醫用級3D兒童S口罩50入粉,4719872072560,2880.0,12
7138812,艾瑪絲草本強健養髮精華液40ml-去涼配方,適用出油頭皮、油性頭皮屑頭皮癢、毛囊引起之不舒服者,2880.0,9
7432224,塔莉雅沙龍級無味型白髮染05自然褐(新),4904651396436,2880.0,9
7250899,D-up.Orishiki薄膜隱形式雙眼皮膠4ml,依照個人需求，塗適量在眼皮上，靜待幾秒後乾燥，,2880.0,6
7440261,DHC維他命E(90日份)-90粒,4511413803189,2880.0,6
7680964,【即期品】日光生活-Mini Pro按摩枕(效期:2025/01/15),可多用途用於全身按摩,2880.0,1
8137428,美琪抗菌沐浴乳補充包600ml杏花蜂蜜,草本茶樹精油自然溫和,2878.0,32
7098854,瑪宣妮莓果珍珠潤髮乳450ml-蓬鬆感,讓秀髮呈現滑順不糾結、滋潤亮澤,2877.0,14
7352805,三多葉黃素游離型PlusHA軟膠囊50粒,"[明亮] 5:1黃金比例 葉黃素20mg+玉米黃素4mg,補充人體無法自行製造的明亮營養素",2876.0,4
8268801,箱購-安石製豆所原味豆漿300ml*24入,台灣契作大豆無添加消泡劑,2876.0,4
7180271,風倍清浴廁抗菌消臭劑6ml(薄荷綠香),45天持續清新: 抗菌+消臭+防臭,2875.0,25
7059984,滋卿愛青春調理洗面乳110g,,2875.0,23
7302925,NAF 36H超防水持久眼線膠筆 (1+1口碑好評限定組),1+1口碑好評升級版,2873.0,17
7063528,思高-金鏤梅毛孔細緻化妝水500ml,500ml大容量化妝水,2873.0,17
7105616,角落小夥伴地墊-3款任選,柔軟觸感. 踩踏舒適，防滑、吸水力強,2873.0,17
7054588,日本味王膠原蜂蜜檸檬C口含片60粒,★解饞同時做保養,2873.0,17
7044956,森之果物嚴選300g-葡萄乾蔓越莓,"日曬21天天然去籽大粒葡萄乾,果肉飽滿",2871.0,29
7404035,CR_CITRUSPA柑橘香氛沐浴乳470mL,4936201104635,2871.0,9
7931759,Sana豆乳美肌清爽化妝水200ml,Sana豆乳美肌清爽化妝水，蘊含豐富豆乳成分，能深層滋潤並提亮肌膚，使肌膚水嫩有光澤。清爽的質地能快速吸收，調理肌膚水油平衡，讓肌膚維持清爽舒適的狀態。經常使用能有效緊緻毛孔，改善肌膚細紋問題，讓您重拾年輕亮麗的肌膚。,2871.0,9
7699607,Abib透明質酸面膜(3片入)-多款任選,面膜紙使用竹纖維製造，阻止營養成分流失，促進吸收,2870.0,14
7275822,上山採藥野薄荷頭皮洗髮露600ml,"添加智利野薄荷、薰衣草萃取,可感受到明顯涼感,活絡滋養頭皮並舒緩一天緊繃,維護頭皮健康",2864.0,16
7114966,VOLA-PH5.5 莫代爾呵護中腰女內褲,PH5.5酸鹼平衡打造健康私密肌,2864.0,16
7600572,舒摩兒浴潔露甜美香氛組237ml+59ml,首發私密益生元 獨家四重平衡 完美專業配方 不增加私密負擔,2863.0,7
8006898,待刪除-LG竹鹽護齦牙膏120g-原生白,專為想集中牙齦護理且希望促進牙齒亮白的消費者設計,2862.0,18
7426646,Create Smart in牙間刷60支,4901387051202,2862.0,18
7044489,西班牙西妍院護膚油400ml-多款任選,堅果油中含豐富維他命E與不飽和脂肪酸,2860.0,13
7432134,肌研極潤保濕洗面乳100g,4719865603542,2860.0,11
7224682,Tal蒂愛麗逆齡葡萄籽護手霜75ml,"關鍵成分葡萄籽富含維生素和礦物質,擁有極佳抗老化與保濕效果",2860.0,11
7812205,Solone訂製舒芙蕾海綿-多款任選,高密度柔軟，細緻表層,2857.0,38
7097481,蘇菲導管式衛生棉條9入量多型,花苞導管型好推不沾手,2856.0,24
7229636,高絲涵萃潤肌精乳液II-滋潤 145ml,添加潤澤美容成分，一抹浸透至角質層深處,2856.0,12
7060371,dejavu放肆驚艷纖長睫毛膏,dejavu「刷出假睫毛」系列纖長型，能塑造出如同假睫毛般完美纖長的睫毛妝感。,2856.0,8
7155161,麒麟午後紅茶500ml*3入-原味紅茶,採用「Micro Brew製法 」，並使用錫蘭紅茶中的女王「汀布拉Dimbula茶葉」。,2850.0,30
7111961,十全醋即飲料140ml*6入-多款任選,黃金比例調配,2850.0,25
7083850,艾瑪絲5α捷利爾頭皮淨化液(2%)80ml,"洗淨頭皮髮絲 ,淨化角質與調理頭皮健康",2850.0,19
8264258,蘭諾LENOR衣物抗菌芳香豆490ml-海洋,72小時長效抗菌,2850.0,10
7140155,呂 滋養韌髮瞬護髮膜200ml-滋潤型,改善頭皮與頭髮的9大煩惱,2849.0,11
7403724,FINE日本青汁100g,4976652006287,2849.0,11
7044940,米大師寶寶棒棒14入-青蘋果、紅蘿蔔,穀物熟化技術，幫助寶寶消化好吸收,2848.0,32
7083605,來復易輕微漏尿用清爽棉墊24片少量型,銀離子消臭高分子，異味掰掰,2847.0,41
7823430,麗仕植萃香氛沐浴露550g-粉梔子花,新鮮馥郁的立體香氣層層縈繞,2847.0,16
7053413,美麗日記黑珍珠煥白面膜8入,亮白保濕精華層層導入,2847.0,13
7055461,Biore 零油感舒柔卸粧水-溫潤保濕型300ml,微胞粒子能深入毛孔，輕鬆卸淨底粧、眼線與唇粧。,2846.0,14
7482672,廣穎 電量顯示輕巧行動電源10000mAh(貓咪.熊)-2款任選,電量顯示,2845.0,5
7298740,AttackZERO超濃縮噴槍洗衣凝露補充360g,"0異味*:日本研發抗菌因子,有效抑制異味菌生成,達到小時室內晾衣防臭效果",2844.0,36
7083937,潘婷Miracles奇蹟柔亮護色洗髮露500ml,"微細滲透因子,修護深層損傷,減少斷髮",2841.0,9
7088685,莉婕頂級奶霜泡沫染髮劑-4A霧感亞麻棕色,極致遮白！泡沫綿著力4倍提昇，包覆滲透髮絲,2841.0,9
7083579,蘇菲彈力貼身超薄潔翼16片量少17.5cm(新舊包裝隨機出貨),細緻棉柔不擴散吸收表層,2838.0,66
7466185,小白兔暖暖包_20hr_10入,4987072081914,2838.0,22
8126307,ANUAN-男高領刷毛衣,,2838.0,22
7138110,GUM牙周護理牙膏140g,幫助去除牙菌斑、降低牙周病發生。,2835.0,15
7094555,優若美痘痘貼混合包24+9入,美國進口醫療級水膠體敷料,2835.0,15
7861541,舒芙蕾-高腰蠶絲塑型內褲,小腹加厚針織，塑型小蠻腰,2835.0,15
8234914,蘇菲彈力貼身超薄潔翼日用14片3入23cm,超瞬吸小孔表層,2832.0,16
7098900,曼秀雷敦男士洗髮精550ml-咖啡因頭皮活力,"雙重髮根活躍因子, 從根源強健毛髮,鞏固健康的髮根",2831.0,19
7144769,Lumina竹纖維低敏菱格紋洗臉巾-60入,【柔軟親膚，吸濕透氣】竹子纖維長而綿密，如絲綢般柔軟耐磨，不刮臉掉絮，具備吸濕力和透氣度。,2831.0,19
7108470,3M雙效美肌刷背巾,潔膚加長設計，讓您的背影一樣動人。,2831.0,19
7108676,潘婷水潤滋養洗髮乳700ml(新舊包裝轉換中 隨機出貨),"微小綿密泡沫,深入清潔,帶走雜質。",2826.0,14
7105805,驅塵氏乾濕拖,乾濕兩用底板，乾+濕=最乾淨！,2826.0,14
7098841,Biore淨嫩沐浴乳補充包700g-抗菌清爽型,[抗菌抗痘]  深入毛孔洗淨細菌髒污，預防痘痘形成，並舒緩痘痘肌不適,2818.0,26
8487863,凱婷 大眼打亮筆 (0.23g),閃耀效果突顯臥蠶、眼幅、雙眼皮,2810.0,10
7042078,Solone大藝術家玩色F01散粉刷,1. 顯色的濃密膠狀質地，「 清晰感眉妝」。,2808.0,9
7114787,BOTANIST植物性沐浴乳490ml-深層保濕(新舊包裝隨機出貨),睡蓮&覆盆莓的香氣，添加「植物護理成分」，深至角質層各處進行保濕護理，帶來更加滋潤的肌膚。,2808.0,8
7307867,美琪抗菌香皂100g3入-茶樹,茶樹清新爽朗,2807.0,35
7386177,撒隆巴斯直貼6片裝-肩頸用,"\"\"\"連續6小時約40度溫熱效果，可以溫暖患部，改善不適感。",2800.0,20
7088695,逸萱秀柔亮零毛燥洗髮乳700ml,毛鱗片屏護科技,2800.0,14
7099573,渡邊維他命C1000(100粒/支),含微量糖份的維他命C,2800.0,14
7301367,婦潔法式柔密除毛貼片組私密區-大包裝,V無添加香精,2800.0,10
7109331,婦潔 私密沐浴露蔓越莓 220ml,"弱酸 pH3.5長效弱酸配方,專為私密細緻肌膚設計的沐浴露",2800.0,7
7231385,SOFINA 漾緁零瑕瓷光恆久粉底液-多款任選,"空氣柔霧感 ,實現持久的勻亮無瑕!",2800.0,7
7098789,Miss Seesaw悠暢有酵益生菌5g-30入,日本專利鋼鐵芽孢乳酸菌,2800.0,4
7706399,【廠商直送】韓國原裝 高鐵男紅蔘黃金飲30入,天蔘 、帝王級養生必備,2798.0,2
7213926,黑人ET3聲波電動牙刷,"33,000次/分 音波震動技術: 磁懸浮機芯設計，音波震動技術溫和潔淨表面，更深入齒縫",2798.0,2
7049806,舒犘兒私密青春露2oz(57g),獨家氫化水合技術長效鎖水保濕滋潤,2796.0,4
8238034,2022日本悠斯晶Yuskin冬季限量組 乳霜2瓶120g加送40g 新品上市 現貨搶購,,2795.0,5
7210250,優倍多高活性維他命E400軟膠囊50粒,"嚴選天然維生素E結構,高活性易吸收",2795.0,5
7095906,上好醫療兒童口罩50入盒裝,店內碼:2100010439420,2793.0,7
8276762,ReEn琍艷韓方護髮染髮霜-栗子棕色,韓國連續7年銷售 NO.1染髮霜*！,2793.0,7
7098728,三多女性B群+鐵鎂糖衣錠60錠,對象族群:女性保健、滋養根本、調節生理機能、營養補給,2793.0,7
7593955,艾詩萊極致舒感潤滑液74ml-舒感溫熱,100%水溶性，親膚易洗。,2793.0,7
8617099,霓淨思高效零觸感鎖水亮白面膜12入組,保濕零乾荒：HA恆定保濕科技MIX，有效增加吸收度29.6% ．獨家零觸感太空棉，極致貼合，完整加壓導入 ．克拉瑪斯湖藍藻+南極冰河醣蛋白，高效保濕水潤不間斷,2793.0,7
7179310,自白肌浸透玻尿酸化粧水250ml-二入組,6效多功獨特玻尿酸保濕科技,2793.0,7
7570831,韓國DERMAL積雪草神經酰胺清爽眼霜40g,添加積雪草和神經酰胺成分的低刺激眼霜,2793.0,7
7030840,Q彈矽膠防滑肥皂架（五個）,,2793.0,7
7135918,型色家植萃護髮染髮霜-666霧感心動紅,免漂髮也能染出霧感髮色,2792.0,8
7135916,型色家植萃護髮染髮霜-743霧感斜陽暖橘,免漂髮也能染出霧感髮色,2792.0,8
8143609,魅尚萱完美護髮精油80ml造型,營養和造型同時！ 完美雙效護理,2792.0,8
7108501,富麗絲泡泡染系列-霧灰紫羅蘭,8種氨基酸滋潤及藍睡蓮萃取成分,2792.0,8
7105322,舒芙蕾 除黴抗菌無痕內褲,天然蠶絲 褲底採100%天然蠶絲 ， 富含18種胺基酸 ， 親近肌膚,2791.0,19
7613096,南僑水晶肥皂200gx3入裝,輕輕抹、泡沫多、去污快、不傷手,2790.0,18
7224884,彈力棉平口褲(2入)(共四色隨機出),流行款式 純棉貼身,2790.0,10
7198983,BIONEO百妮 粉鑽潤色CC霜SPF50****30ml,"質地細柔、透氣,具備保濕柔白防曬效果；特殊礦物微粒粉鑽可均勻覆蓋於肌膚、修飾並調控暗沉膚色,透過自然物理性防曬折射,呈現肌膚光采透亮的無暇美肌",2790.0,10
7666912,【廠商直送】 居家cheaper 單桿移動式伸縮衣架,使用中鋼原料，台灣生產,2790.0,6
8568498,【預購】MOROCCANOIL摩洛哥輕優油100ml,9200000000742,2790.0,3
8248543,【廠商直送】小米有品-拓牛T-AIR-X智能垃圾桶-白,0.3秒感應自動開蓋,2790.0,1
8248587,【廠商直送】Kamera-七段溫控瞬熱飲水機-米白色,三秒瞬熱，即熱即飲，擺脫保溫杯，只喝新鮮水！,2790.0,1
7261068,LUCIDO倫士度男性全方位保養乳液100ml,"隨著年齡增長而在意的七大肌膚問題,一瓶就搞定",2789.0,11
7576921,Solone專屬訂製指甲油(沙漠系列)-多款任選,採用義大利大廠原料，顏色飽和，料體速乾。,2788.0,30
7993491,凱蒂娃娃不掉色水感唇釉,唇色持久，含濃縮維生素C、維生素B5滋潤雙唇，帶來自然健康的氣色。,2788.0,12
7268553,KAFEN卡氛亞希朵酸性蛋白豐盈護色洗髮精500ml,亞希朵滋養配方中的滋養因子為每絲秀髮補充水分及營養，即使再嚴重受損經過幾次修復也能再次燙染。,2786.0,14
7838008,英國TFESC植物精油香皂190g-玫瑰,由純植物油製成，富含乳木果油,2786.0,14
7138186,Ora2極緻璀璨亮白護理牙膏17g,抑制齒漬形成，維持牙齒原來的潔白。搭配16種的天然香草成分，散發出上質的清爽極品薄荷香。,2786.0,14
7114960,VOLA-PH5.5 無痕呵護中腰女內褲,PH5.5酸鹼平衡打造健康私密肌,2786.0,14
7089823,ON THE BODY香水沐浴乳900ml-快樂微風,前味 : 哈密瓜、柑橘,2786.0,14
7053356,我的心機 茶樹清新去角質疑膠120ml,彈潤的水感凝膠質地，輕輕畫圓搓一搓，油光消失！,2786.0,14
7055470,Biore奇蹟卸粧慕絲210ml,卸粧沐浴一氣呵成 簡化兩階段步驟!,2781.0,9
7108551,嬌生嬰兒柔亮洗髮露500ml,我們了解成長中的髮質需要特別的呵護。,2780.0,20
7098400,曼寧玫瑰蜜桃果茶2g*15入,橙紅色茶湯散發玫瑰馨香與蜜桃嬌甜，融合洛神葵獨特微酸，呈現多層次細緻清爽口感,2779.0,33
7169981,FaceQueen蜂蜜牛奶滋潤護足膜18g,"只要20分鐘,乳木果油高度潤澤精華快速滲入,3大修護成分-堅果油(Macadamia Oil)、角鯊烷(Squalane)、神經醯胺(Ceramide 3),有效修護乾裂及強效保濕足部肌膚",2773.0,47
8083392,日光生活-粉色排水口濾網200入,防止排水孔堵塞，芳便更壞，保持衛生,2772.0,36
7159701,BVD條紋毛巾底女踝襪2雙入-多款任選,"採用精梳棉,透氣、舒適腳底氣墊緩震設計、讓走路更舒適",2772.0,30
7128858,澡享沐浴乳補充包650g-牡丹小蒼蘭,牡丹小蒼蘭：潤澤配方,2772.0,28
7044947,森之果物嚴選300g-特大葡萄乾,"日曬21天天然去籽大粒葡萄乾,果肉飽滿",2772.0,28
7057381,Catch you刷具/假睫毛清潔液80ml,台灣製造 ，無刺激、無著色，安心用,2769.0,71
7059825,蕾妮亞極吸好眠晚安褲褲型衛生棉2片 S-M(新舊包裝隨機出貨),極薄0.25cm速吸層 翻睡超安心,2769.0,39
7108525,富麗絲漂髮系列-亮麗金,網路評價最高的DIY漂劑，連沙龍造型師都推薦。,2768.0,12
7108617,角落小夥伴親子浴巾(款式隨機出貨),100%棉,2766.0,14
8529363,經典保暖止滑男毛襪-多款任選,台灣製造，厚實、禦寒 、止滑，冬天保暖專用,2765.0,35
7230340,高絲神隱毛孔柔焦凍15g,柔焦毛孔及凹凸不平處，幫助底粧更服貼,2761.0,11
7370315,可瑞絲蜂膠活力光澤洗髮精1000ml-綠蜂膠,巴西綠蜂膠，含有多種礦物質，保護頭皮,2761.0,9
8215274,靠得住暖心香氛11片2入梔子花日23cm(新舊包裝隨機出貨),梔子花香氛,2760.0,20
7170771,阿葵亞淨水賦活洗髮精600ml-保濕型,潔淨力升級！頭皮爽快、髮絲輕盈柔順！,2760.0,12
7914529,【廠商直送】【pure.tiful純淨妍】HA水感玻尿酸原液30ml x1瓶,高純度玻尿酸、低分子滲透,2760.0,6
7160011,freeplus溫和淨潤洗顏泡沫200ml,採用親膚胺基酸系洗淨成分,2760.0,4
8142448,【廠商直送】悠活原力 MSC海洋管理委員會認證 100%純淨南極磷蝦油軟膠囊(含蝦紅素) -60粒/盒,100%純淨南極磷蝦油,2760.0,2
8589996,Dr.HUANG穀胱甘肽美妍膠囊60粒,原料取自圓酵母穀胱甘肽，嚴選『神經醯胺』、『含維他命Ｃ之卡姆果』，美妍透亮、促進代謝、幫助睡眠！每日吃，輕鬆吃出高顏質！,2760.0,2
8542872,盒玩公仔-卡娜赫拉的小動物-P助與粉紅兔兔的夢幻家具-6入,,2760.0,2
8549127,爾木萄AMORTALS 100分粉撲 (L號),比它牌粉撲更加柔軟,2758.0,13
8187236,澳佳寶陽光維生素D3-90顆,促進鈣吸收，幫助骨骼與牙齒生長發育,2755.0,5
7307709,挺立鈣迷你錠 70錠,鈣含量300mg,2754.0,6
7959230,沙威隆抗菌保濕沐浴乳850g-茶樹,安心抗菌  歐盟認可ICP專業抗菌成分,2752.0,18
7108601,PLUS滾輪修正內帶(10入)-2款任選,採用One-Touch步驟換帶設計，更換替帶更為簡單便利。,2750.0,11
7055443,MEN’S Biore排汗爽身淨味劑-清新柑橘滾珠 55ml,日本突破性新技術「汗瞬乾粉體」，讓汗水蒸發速乾，不易阻塞毛孔，肌膚呼吸般透氣、維持潔淨乾爽舒適，自信一整天,2750.0,11
7555229,艾瑪花園菊苣益菌去屑止癢洗髮500ml,菊苣益生菌可深層調理頭皮，減緩因頭皮乾燥引起的泛紅，植物型琥珀酸調節皮脂分泌，減少因頭皮乾燥引起的搔癢感，有助於洗去頭髮上堆積的鈣質，柔軟頭髮恢復頭髮光澤。專為頭皮養護添加植物植醇成分，結合迷迭香、紫草、薑根等多重草本植物調配而成，蘊含植物精萃精油能直達頭皮，維持頭皮健康環境，OPT調理頭皮屑，蘆薈保濕調理髮質，回復彈力，維他命B5能改善質地強韌髮絲避免斷裂，可天天使用，天天有感，洗後頭皮清爽，使用一次便能感受到頭皮舒暢輕鬆，告別頭皮悶悶不樂感，呈現頭皮健康輕盈水潤的秀髮,2750.0,11
7108437,艾瑪絲紅玫瑰重建髮質修護素400ml-經典調香(新舊包裝隨機出貨),洗髮後使用，立即沖洗、立即有感！,2750.0,5
7105939,超值洗衣袋五入組,緊密包邊縫線,2746.0,14
7041977,KissMe花漾美姬一筆耀眼極細眼線膠筆,1. 1.5mm 超極細膠質筆芯，即使精細線條也能輕鬆描繪。,2745.0,9
7694786,棉花共和國 CR 超涼快乾四角褲,瞬間涼感，穿著舒爽不黏膩,2743.0,17
7055421,Biore抗痘控油洗顏慕絲160ml,SPT日本淨膚鎖水技術,2743.0,17
7053453,待刪除-Max Tea 美詩泡泡奶茶30入,人氣熱銷團購飲品!!,2739.0,11
7564335,星之冠頭皮氣墊按摩梳-多款任選,"\"\"\"天然竹打磨成圓潤齒梳",2739.0,11
7426487,李施德霖_櫻花蜜桃漱口水_無酒精500ml,4710032705120,2739.0,11
7094906,ST雞仔牌家庭用除濕劑12入(抽屜衣物櫃用),日本熱銷 NO.1,2739.0,11
7064284,Simple清妍深層毛孔淨化去角質凝露 150ml,無添加水楊酸及酒精，溫和不含皂配方，肌膚不乾燥,2739.0,11
7278415,多芬一分鐘護髮精華180ml-防斷修護,只要1分鐘,2737.0,23
7782799,刷樂科研白牙膏120g-極緻亮白,P.e.a.r.l 微米級煥白珍珠粉添加,2737.0,23
7044876,Deary乳油木極潤身體乳500ml,嚴選西非迦納天然乳油木果,2737.0,23
7723190,森田藥粧金盞花潔淨洗顏乳120g,收毛孔  淨角質,2736.0,32
7105473,男士美源簡單一按染髮霜-6深棕色(40g+40g),簡單一按，不用攪拌，淡雅香味不刺鼻,2736.0,9
7069323,康乃馨清涼衛生棉8片夜用33cm,1.清涼感,2732.0,46
7337053,輕旅行純棉孕產婦專用免洗褲(3入),"合身高腰版型,符合人體工學",2730.0,26
7342528,Tryall濃縮乳清蛋白500g-泰式奶茶,每份濃縮乳清(25公克)中約含36公克BCAAs,2730.0,7
7342530,Tryall濃縮乳清蛋白500g-鐵觀音,每份濃縮乳清(25公克)中約含36公克BCAAs,2730.0,7
7433368,Altamoda身體芳香噴霧_月光之盼140ml,6295124026324,2730.0,7
7433371,Altamoda身體芳香噴霧_玫果之迷140ml,6295124026300,2730.0,7
8021534,KISSME花漾美姬瞬翹自然捲纖長防水睫毛膏52裸粉棕,★抗水、抗皮脂、防摩擦、不暈染,2730.0,7
7342527,Tryall濃縮乳清蛋白500g-芋頭牛奶,每份濃縮乳清(25公克)中約含36公克BCAAs,2730.0,7
7312685,Pentel飛龍 標準型橡皮擦(買大送小促銷包),Pentel招商商品，經典橡皮擦,2728.0,88
7098906,Queen Bee草本沁香植妍皂-緊緻亮白100g*3入,植物性皂基,2725.0,25
7362579,Farcent香水奇蹟洗髮露600ml-絲絨玫瑰與烏木,前、中、後調層次香水香氛,2723.0,7
7261496,萊雅活力緊緻抗皺緊實潔面乳 100ml,有效對抗歲月痕跡要從清潔做起,2720.0,17
8169218,Lovita愛維他維生素K2+D3素食膠囊30顆,維生素K2+D3協同補鈣、強化固本,2720.0,4
7882463,凱婷 自我主義粹選眼影組 (兩款任選),EX-1:打造具進攻欲望的精緻粧容，釋放活力欲望的彩粧盤,2720.0,4
7646980,【廠商直送】OMIX Y5重低音復古無線藍牙喇叭-白/藍色,輕巧機身 收納便利,2718.0,2
7440306,俏正美BB Plus糖衣錠180錠,4987028612360,2718.0,2
7426805,GUM牙周護理潔齒液(500ml),4901616009707,2717.0,13
7105916,威拂超值組-濕拖巾3包+除塵紙1包,雙集塵網:富含水份的雙集塵網，好推小小力，輕鬆抓取灰塵毛髮與餅乾屑，食漬也簡單清除。,2717.0,13
8169250,Lovita愛維他女性緩釋美妍活力B群30顆,10種B群完整組合,2716.0,7
7815014,Mdmmd.霧面啞光控油氣墊粉底(2色),◆高質感絲襪氣墊 X 超親膚慕斯感粉體,2716.0,4
8526650,【廠商直送】日式一門一櫃-多款任選,台灣製,2716.0,4
8029712,專科 水潤保濕化妝水200mL-滋潤型,保濕澎彈肌膚​,2714.0,8
7048686,SEXYLOOK酵素按摩洗面乳120g,添加鎖水磁石成分加強肌膚保濕度，冬季使用也不緊繃,2709.0,21
7055730,碧歐斯BIO金萃喚膚潔面霜100g,洗顏同時保養，24K金箔添加，超細緻黃金泡沫徹底清潔，並進一步撫平肌膚表層細紋，潔顏閃亮一整天! 添加黃金成分洗面乳,2709.0,21
7063452,KINYO 霧色矽膠充電傳輸線iOS-1.2M -3色任選,"10,000次插拔測試，品質保證",2709.0,21
7309241,Ariel 4D抗菌洗衣膠囊12顆盒裝-抗蟎,碳酸発想の極淨,2704.0,16
7334652,逗財貓運動型胸衣,,2704.0,16
8088277,彼得兔星空紗布毛巾-多色任選,正版比得兔授權，標籤上皆附有防偽雷射標籤,2704.0,16
7818516,護得住輕巧吸水褲9片L-XL,內褲般貼身舒適 不易看出痕跡,2704.0,16
7105327,舒芙蕾 愛妹妹無縫蠶絲內褲,科技創新 莫代爾+裸氨32針織，彈力親膚，輕薄透氣,2703.0,17
7105899,麗仕深層淨化精油香氛沐浴露550g-小蒼蘭,麗仕第一支! 美出新高度的植萃透明沐浴露! 清新植萃香氛 洗出純粹美肌,2703.0,17
7789259,Avene 雅漾舒敏洗卸潔顏凝露200ml,不添加香料，溫和洗臉、卸妝臉及眼部彩妝、不潔物，適用一般性或高敏弱肌膚使用。,2700.0,3
7973800,喜療疤痕護理矽凝膠10g,減少增生,2700.0,2
7098779,AHC黃金逆時煥顏精萃60ml,黃金成分與金色膠囊完美調和，賦予肌膚光澤，維持肌膚光滑水潤,2700.0,2
7083921,VS沙宣強力定型慕絲150ml,"強力固定,整日持久維持造型效果",2697.0,23
7160013,freeplus沁潤保濕水感霜50g,「無重力」般的舒適輕盈觸感,2697.0,3
7440274,小兒利撒爾綜合乳鐵藻精配方,4716511026007,2697.0,3
7846847,亞樂深型收納盒紫色-多種尺寸任選,霧面磨砂質感，適用於文具、飾品等各式小物之收納，可搭配抽屜使用，亦可堆疊收納，節省空間，多種尺寸輕鬆搭配,2695.0,77
8508995,台歐 x 三麗鷗成人醫療口罩10入-夢幻雙星 Kikilala 雙子星,,2695.0,55
7172570,膳魔師不銹鋼雪平鍋18cm,雙鳥嘴傾倒口，左右手操作都方便。,2695.0,5
7094564,露得清水活保濕無香特潤凝霜50g,創新的Moisture Sensor Conplex科技,2694.0,6
7619065,波浪彈力足壓舒適拖鞋-2款任選,彈壓舒適,2691.0,9
7109332,婦潔私密柔淨慕絲150ml-滋潤嫩白,"親膚 細緻小分子泡沫深入潔淨肌膚,輕鬆帶走髒污,卻不帶走滋潤",2691.0,9
8020184,菱格紋室內拖鞋-多色任選,耐磨耐穿Q軟舒適腳感,2691.0,9
8569052,SEXYLOOK海藻天絲膜4入-超透潤,海藻天絲膜，「千絲多孔透氣」設計佈滿精華。高強度注水力，比起一般的布膜，柔薄、服貼、飽水、透光。,2691.0,9
7097224,施巴5.5痘淨系列面皰凝膠10ml,PCMX配方，舒緩痘痘泛紅,2691.0,9
7105422,黛絲恩 完美修補極潤修護洗髮精450ml,深層滋潤直達髮芯，修護毛躁分叉髮絲,2691.0,9
7559960,麗仕冰河水淨化胺基酸洗髮精450g,"添加羅莎峰冰河水與法國火山泥萃取,以綿密的泡泡溫柔潔淨髮絲、頭皮的髒污及多餘油脂,配合神經醯胺,為頭皮及秀髮保濕,做到油水平衡,帶給你洗後清爽潔淨的感受。",2691.0,9
8172854,多芬結構修護C50強韌洗髮露380ml,明星髮結構修護科技，可做到從根本強健髪芯結構，打好健康髮質基底，徹底從根源解決受損問題，恢復秀髮強韌健康。1次使用即有感提升100%強韌柔順,2691.0,9
7064243,凡士林瞬效透亮修護潤膚露 350ML,維他命B3，幫助肌膚晶瑩透亮，散發健康光澤,2691.0,9
8212088,依洛嘉ELG蜜誘護唇膏-草本,依洛嘉ELG蜜誘草本護唇膏,2691.0,9
7978336,Solone榛果訂製細節線條刷/AC14,,2688.0,21
7125497,美吾髮卡樂芙染髮霜-銀河灰棕 50gm(新舊包裝隨機出貨),顯色度+58%有感超顯色,2688.0,12
7488914,韓國IM UNNY萌眼雙效臥蠶筆 0.5g+0.2g,持久防暈 立體深邃,2688.0,8
7099580,珂潤Curel潤浸美白深層保濕乳霜40g,專為乾燥敏感型肌膚設計,2688.0,3
7307947,施華蔻金緻潤澤護髮精油75ml,八種植物精油添加,2687.0,13
7265358,日本獅王細潔漱口水450ml-EX浸透護齦,・三重功效，口腔問題一次全面預防。,2685.0,15
7105553,瑪榭 奈米銅抗菌無痕三角褲,奈米銅離子抗菌纖維，抗菌無死角,2685.0,15
7254565,可伶可俐魔力吸油紙分享包60片*3,三重魔力,2685.0,15
7088405,妮維雅止汗爽身乳液-珍珠煥采系列50ml,長效止汗乾爽效果,2682.0,18
7262429,瑪榭四面全彈觸控手套(女)-多款任選,精緻縫線耐穿持久,2682.0,18
7230432,高絲植淬白潤肌精UV美肌亮白隔離乳,速效保養，美容液x UV防曬x隔離乳3效合1,2682.0,9
7048698,SEXYLOOK泥洗面乳150g-多款任選,洗面乳也有CP你敢信！,2682.0,9
7229910,高絲潤肌精激防水UV隔離防曬乳45ml,SPF50+/PA++++超防水,2682.0,9
7372548,巴黎萊雅 輕霧柔紗空氣吻唇露(多款任選),巴黎萊雅全新初吻小鋼筆，*6倍天鵝絨柔霧質地，如雲霧般更輕盈、零存在感、滑順無痕!,2681.0,7
7982674,【廠商直送】美國Sundown日落恩賜 50倍濃縮蔓越莓軟糖(75粒x4瓶)組,全球頂尖PACran專利品牌原料,2681.0,1
8209021,【廠商直送】KINYO-真無線空氣清淨機,800萬高濃度負離子，主動擊落粉塵，可更有效率潔淨空氣。,2680.0,1
7293722,超彈力玫瑰奶茶3D美妝蛋(TLHF007),3D立體型 彈力極佳 不易吃粉底 無怪味 上妝效果佳,2673.0,27
7128855,澡享沐浴乳補充包650g-玫瑰風信子,玫瑰風信子：柔嫩配方,2673.0,27
7091864,UCC三合一咖啡18g*12入-原味拿鐵,無添加香料，馥郁香濃的咖啡。搭配醇厚奶香， 滑順不甜膩，享受全新口感及迷人香氣帶來的雙倍滿足。,2673.0,27
8176512,Mdmmd.後宮草本舒緩暖宮貼2入,2分鐘急速發熱長效維持約45度,2670.0,30
8504445,【廠商直送】E-books 專業級無線鍵鼠組-2.4G-Z11,智慧省電模式，閒置時自動休眠,2670.0,3
7252792,風倍清織物除菌消臭噴霧370ml-多款任選,真正除臭非掩蓋．獨家專利科技,2668.0,12
7672771,護妍天使益菌生保濕彈潤輕乳霜50ml,三重神經醯胺,2668.0,5
8168220,ARRIBA足部穴道按摩室內拖-多色任選,足部穴道按摩室內拖,2665.0,13
7415630,棉花共和國 雙磨毛輕量升溫女圓領保暖衣,表裡布雙層短絨,2665.0,9
7087895,KAFEN還原酸系列鎖色洗髮精(紅)250ml,適合漂染燙後及受損的髮質,2660.0,28
7276343,日本NONIO終結口氣牙膏130g-多款任選,來自日本獅王口臭科學研究所，幫助淨化口臭專業牙膏。四重功效，向口臭say NO!,2660.0,19
7593971,米森麥片300g-水蜜桃草莓,無加糖水蜜桃脆片｜冷凍乾燥技術,2660.0,14
7393888,MARO男士起立 3D豐盈洗髮精460ml,,2660.0,7
7401367,媚比琳 終極摩天濃防水睫毛膏,媚比琳開架睫毛膏推薦！終極摩天濃防水睫毛膏擁有360度摩天輪超延展刷頭，超高CP值的升級版，讓你一刷即刻擁有驚人的濃密捲翹效果。防水睫毛膏完整包覆每根睫毛的膏體，就連細短下垂的睫毛也妥協向上，徹底擺脫唯有層層疊刷才能創造濃密翹睫的夢靨，眨眼瞬間便擄獲眾人視線！,2656.0,8
7165775,KISSME自然柔和三色眉彩餅,◆特殊暈染格，改變原生眉色，利用暈染格打造自然柔和眉！,2656.0,8
8504374,1028好髮無傷橄欖果護髮精油60ml,專為乾燥、高度受損髮設計，滋養瞬效吸收。 ,2656.0,8
7355303,加倍潔碗盤液體小蘇打補充800g-去異味,"\"\"\"IFRA把關-食品級好安心",2655.0,45
7044761,潔霜S浴廁清潔劑650g,"適用於馬桶,浴缸,磁磚等",2654.0,66
7064467,曼秀雷敦水潤肌超保濕水感防曬露 110g(新舊包裝隨機出貨),光耐久技術 ，使用特殊劑型包覆技術，將防曬成分包覆，達到持久防曬的效果,2653.0,7
8122129,Crest 鑽感鎖白牙膏-清新亮白107g,鎖白科技，提升自信白皙笑容,2646.0,14
8201003,高露潔Gentle牙齦護理牙刷3入,羽毛般輕柔，有效幫助減少牙齦壓力*,2646.0,14
7302957,NAF 0.1 極細豔黑防水眼線液筆(第三代全新,極細0.1的完美筆尖 ─ 畫內眼線也很適合，只要順著眼型輕輕滑動筆尖，就能輕鬆創造完美深邃的大眼，特製的纖細筆尖能在睫毛間穿梭，隨心所欲的勾勒出狂野放電或自然甜美的眼神，即使是新手，也能畫出更細於0.1的線條喔！,2646.0,14
7063515,思高-玻尿酸保濕化妝水500ml,500ml大容量化妝水,2641.0,19
7944175,美吾髮陽光甜橘香水洗髮露700ml,0矽靈 無人工色素,2641.0,19
7739009,SPORT衛生套12入-3in1型,超薄體驗,2640.0,11
7211595,(箱購)驅塵氏抗菌濕拖巾1箱12入-茶樹,"高品質水針不織布,均勻釋放水分,使用更持久",2640.0,5
7427183,京美_X能量極塑護腰,4710578591003,2640.0,3
7053490,AHC 40%複合琥珀酸毛孔緊緻精華20ml,幫助緊緻肌膚，重煥透亮平滑美肌,2640.0,3
7114741,飯店厚磅加大浴巾SA112K (80*148cm)- 4色任選(條),16/1精選棉紗，五星級飯店專用品質保證,2636.0,4
7128859,澡享沐浴乳補充包650g-白茶,白茶：潔淨配方,2634.0,26
7372820,待刪除-京田製菓角落小夥伴牛奶餅造型桶禮盒(兩款包裝隨機出貨),,2634.0,6
7404055,一光馬油美膚油33ml(液狀),4930598151562,2632.0,14
8275763,【廠商直送】日本John’s Blend 車用香氛擴香罐85g-多款任選,香氣可持續4~5週,2632.0,8
7083847,BIOLISS植旅乳木果油洗髮精480ml-輕柔,國民老婆 新垣結衣 仙氣代言,2632.0,8
7593957,艾詩萊親密關係潤滑液74ml-持久經典,"\"\"\" 100%水溶性，親膚易洗。",2632.0,8
7645856,優生75%酒精濕巾10抽3入x3組-加厚型,精選食品級酒精成分，可輔助於餐具、安撫奶嘴、玩具以及居家用品類等表面清潔。,2629.0,11
7105858,多芬胺基酸深層修護洗髮乳700g(新舊包裝隨機出貨),強韌髮絲: 配方添加小分子胜肽修護因子，修護受損易斷髮,2628.0,12
8168275,樂品韓版KF94四層成人口罩9入-霧藍灰3色,●獨立呼吸空間,2627.0,33
7108672,潘婷絲質順滑洗髮乳700ml(新舊包裝轉換中 隨機出貨),"微小綿密泡沫,深入清潔,帶走雜質。",2627.0,13
7083618,來復易吸水淨爽護墊16片中量型,確實吸收水分、異味,2626.0,44
7731128,FILA 男全毛巾保暖3/4襪-多色任選,耐用耐洗,2625.0,25
7799560,舒芙蕾-鋅離子極細莫代爾褲,超細32針莫代爾 Micro Modal,2625.0,15
8243753,日本Seiwa食器清潔海綿菜瓜布5入color,雙面皆可使用，輕鬆清洗,2622.0,38
7227885,超輕量 厚底舒足家居拖鞋-多色任選,EVA材質防水易清洗,2621.0,19
7990354,1028 ARTISAN 小臉修容刷 F13,斜角刷形貼合臉型，鬆軟好暈不扎，刷出自然陰影、深邃輪廓。,2618.0,11
7656168,媚點 光感輕透粉底液 (多色任選),"質感輕盈水潤,不厚重、易延展服貼",2618.0,11
7977575,Solone榛果訂製貓舌底妝刷/AC02,,2618.0,11
7227940,國際鹼性4號8+2(紅袋),日本銷售第一,2613.0,15
7099576,珂潤Curel潤浸保濕沐浴乳-420ml,溫和洗淨配方，不會對角質層保濕機能造成負擔。,2610.0,6
7140161,呂 山茶花瞬效修護潤髮乳400ml,加強效的頭皮髮根髮絲5重營養修護效果,2601.0,9
7432484,牛乳石鹼植物性無添加沐浴乳550ml,4901525929707,2601.0,9
7480160,日方面達母軟膏75g,4979949001606,2600.0,13
7823752,逸萱秀保濕極水潤洗髮精700ml,【0矽靈添加】：抵抗髮根泛油問題，清爽不扁塌、好沖不易糾結,2600.0,13
7064453,肌研極潤健康深層清潔調理洗面乳100g,添加甘草酸二鉀、薏仁、魚腥草、母菊花、迷迭香等和漢植物萃取，溫和調理修護肌膚,2600.0,10
7936863,【廠商直送】Hangten 彈力平口褲6入組,柔滑舒適觸感,2600.0,4
7974784,DR.WU玻尿酸保濕精華乳120ml-學院限定,輕潤澤保濕乳液，可強力鎖水保濕，維持肌膚長效滋潤。運用智慧型肌因活水科技完美結合大、小分子玻尿酸、玻尿酸肌活因子及玻尿酸啟動因子，深入肌底全面啟動鎖水、補水、保水、活水，使保濕作用更長效深層，肌膚加倍水嫩彈力。高濃度植萃角鯊烷協同甜杏仁及高山黃岑萃取，可強化肌膚屏障，同時改善乾燥粗糙表皮，使肌膚柔嫩有彈性。,2598.0,2
7258053,溫和漢護眼大夫艾草蒸浴淨白凝膠眼膜 20g,拒當顯老女人! 只要敷著睡覺!一下子就能成為明亮的「亮眼美人」,2597.0,7
7159412,獅王細潔音波震動牙刷小巧頭(兩色隨機出貨),外圈超極細毛深入清潔牙齦溝，中央植入高密細毛有效去除牙齒表面污垢。,2595.0,5
7066336,Mdmmd.抑菌衛生棉7片超涼感28cm,吸水力升級！經SGS認證夜用型50.62倍吸水力,2593.0,27
7108689,潘婷乳液修護深層滋潤髮膜270ml,特添加2倍+髮芯保護精華,2590.0,10
7063517,思高-玻尿酸保濕乳液200ml,採用德國進口玻尿酸防止肌膚粗糙乾燥,2587.0,13
8196469,可瑞絲胺基酸去屑洗髮精600ml舒敏止癢,17種胺基酸 從髮根處補充蛋白質，強健頭皮與髮根,2587.0,13
7089824,ON THE BODY香水沐浴乳900ml-甜蜜愛戀,前味 : 柳橙、茉莉花茶、茉莉花,2587.0,13
7138716,藍盾騎士 莫代爾U型立體平口褲,XL–5X腰臀加大穿著體感更舒適,2587.0,13
7838000,英國TFESC植物精油香皂190g-鈴蘭,由純植物油製成，富含乳木果油,2587.0,13
7427368,Lenor蘭諾衣物柔軟芳香豆_薰衣草補充330ml,4987176069979,2587.0,13
8237834,哈馬達可可風味威化餅40枚,,2587.0,13
7114785,BOTANIST植物性潤髮乳460g受損護理型(新舊包裝隨機出貨),清新優雅的芍藥&莓果香氣,2585.0,5
7042109,MEKO 絕色媚眼防水眼線液筆(共3色),防水不易暈染,2584.0,17
7094476,碧歐斯BIO水感舒緩卸妝凝露200ml,彩妝髒污導出，舒緩精華導入,2583.0,7
7083943,潘婷淨化極潤蓬鬆洗髮露500ml,"水潤修護 維他命原B5,使髮絲變得水潤",2583.0,7
7083965,Farcent香水胺基酸沐浴露780g日光茉莉,前、中、後調層次香水香氛,2583.0,7
7978466,優妮嬌盟超快適醫用成人口罩30片,日本專利技術 完美貼合,2583.0,7
7044857,MEDIHEAL高效導入面膜升級版8入-熊大保濕,LINE FRIEND熊大聯名款,2582.0,8
7101325,【即期品】龜田婆婆米果20入(效期:2024/06/20),使用日本國產米製作,2581.0,29
7098740,賽吉兒菁萃潔浴凝露200ml-涼感型,Dcard網友大推 涼感型私密沐浴露,2580.0,6
7268764,Avene 雅漾醒膚能量眼霜15ml,"莓果能量精萃將能量注入肌膚,幫助恢復活力",2580.0,3
8188715,Unlabel LAB超快毛孔清零維他命VC-50ml,"日本最新專利超高壓技術,讓成份成為微米分子,200%高滲透至角質層,有效成分快速吸收,快速美白緊緻毛孔",2580.0,2
7050126,俏正美BB Pure B+C糖衣錠80錠,活性型維生素B2，幫助維持皮膚健康,2578.0,3
8543969,FLORTTE 花洛莉亞 可愛頌三色遮瑕膏 3.9g,美妝YOUTUBER大推款,2576.0,9
7513172,蘇菲天然原生棉超薄護墊40片14cm,6大無添加 親膚少刺激,2574.0,33
7467364,Perfect 洗顏專科超微米保水潔顏凝露 100g,富含美容液精華成分,2574.0,26
7931612,日藥本舖x達特世醫用口罩成人30入焦糖拿鐵,,2574.0,26
7523710,格安德兒童平面醫用口罩50入綠,4713072040275,2574.0,26
7263910,萊雅專業男仕火山泥抗痘洗面乳 100ml,火山紅泥深度清潔肌膚,2574.0,26
7134463,樂品觸控式LED燈鏡,16顆隱藏式LED柔光,2574.0,6
8237457,ITO抽取式洗臉巾60入,,2568.0,12
7094505,白雪姬 睡美人夜間嫩白美手滋養霜30g,深入浸透並包覆手部肌膚,2568.0,6
7091917,麒麟午後紅茶1500ml-奶茶,使用具有豐厚而圓潤口感特徵的坎迪茶葉,2565.0,27
7453312,Karadium 超玩美方形眉筆 (多款任選),超玩美方形眉筆,2565.0,9
7227932,Panasonic 鈦元素鹼性4號電池-8+2-藍卡,Panasonic最高等級電池,2561.0,13
7104990,KINYO 陶瓷負離子吹風機 粉 KH-9201PI,1200W高功率1.16m3/分大風量,2560.0,2
8168607,【廠商直送】Pingo Royal K9外噴式負離子直髮梳-兩色任選,—規格說明,2560.0,2
7089082,媚點 持久液體眼線筆,簡單描繪纖細的眼線,2556.0,12
7576844,綠貝純淬316不鏽鋼陶瓷保溫瓶-550ML,內膽陶瓷易潔層，可裝各式飲品無金屬味,2556.0,4
8536096,可瑞絲蜂膠光澤活力護髮素1000ml,,2554.0,8
7309014,良澔大溪名產豆丁純素220g-原味,辦公室OL嘴饞小點心,2552.0,28
7668891,Persil寶瀅3合1洗衣膠囊補充33入,百萬去污因子,2552.0,8
8251076,好自在熊抱超柔安睡褲2片-Free size(新舊包裝隨機出貨),0,2550.0,25
8490733,媚點 雪紡親膚粉餅 (9g),採用獨特光感遮瑕薄膜科技，輕盈遮飾，打造透亮美肌,2550.0,10
7231396,SOFINA iP沁潤美容防護霜 30g,"於日間保養後使用,最高等級的SPF50 PA++++紫外線隔離效果獨特保濕配方>",2550.0,3
7427603,帕瑪氏2W瞬效淡斑霜75g-晚霜,"睡個真正的美容覺,迎接充滿青春的早晨吧!含天然皮膚亮白劑維他命C,日本松茸精華",2550.0,3
7473591,待刪除-Tryall分離豌豆蛋白1kg,每份蛋白質含量高達28g,2550.0,3
8120702,LINE校友隊成人平面醫療口罩5入-熊大款 兔兔款 莎莉款,,2548.0,52
7083813,ES甜蜜愛戀奢華香水洗髮精600ml,,2548.0,12
7350309,待刪除-高絲涵萃潤肌精有酵美肌保養組,有酵美肌保養組內容物:,2548.0,7
7278925,高露潔加倍潔淨牙刷4入,"柔軟潔舌軟膠,幫助去除引起口腔異味的細菌",2547.0,45
7083140,施巴抗乾敏滋潤浴露1000ml,乾/敏/癢 三肌唯一指定沐浴露 ，熱銷NO.1,2547.0,3
7996051,ROSE IS A ROSE-磁吸前扣套組,,2547.0,3
7146170,京田製菓巧虎寶寶米餅45g-多款任選,100%無添加防腐劑、香料、色素、砂糖、油、鹽,2546.0,19
7325899,VOLA 防風手套-素面黑 M/女款,外層防潑防風面料,2544.0,16
7403931,ONPO新華蜜碳酸溫浴入浴錠12錠,4901080577511,2544.0,16
7588007,Kesho SE護髮染髮霜40g-霧感爵品紫灰PG1,不添加 PPD 彩染系列,2544.0,16
7088637,MEN’S Biore 抗屑勁爽洗髮精750g,添加抗菌去屑因子OPX，洗淨同時抗菌去屑，洗完隔天毛孔依然清爽潔淨！,2544.0,16
7298759,蕾妮亞淨妍護墊40片2入透氣海藍無香,"0°透氣系統,每一吋都透氣呵護,彷彿是乾爽的第二層肌膚,感覺不到存在。",2538.0,27
7426812,獅王牙周抗敏牙刷1入,4903301434382,2537.0,43
7230859,凡士林經典高純修護凝膠368g-嬰兒,兒科推薦,2537.0,11
7050140,Curel潤浸保濕密集修護唇膜4.2g,4倍保濕力鎖水膜 密集修護乾敏唇 解決唇部肌膚反覆乾裂脫皮的困擾,2536.0,6
7089896,歐洲Barwa奢華SPA黑蘭花香氛皂190g,來自歐洲波蘭在地生產,2535.0,25
7088667,逸萱秀5效煥髮菁華乳-100ml,5 in 1 一瓶實現美麗秀髮！,2535.0,15
7646656,森田藥粧玻尿酸保濕水潤洗顏乳120g,輕鬆打造水嫩好肌楚,2533.0,17
7054148,歐樂B牙線50M2入-薄荷微蠟,全球牙醫第一推薦牙刷品牌,2533.0,17
7665269,艾諾琪-大師系列-基礎眼妝5件組,除了基礎的打底上色、漸層眼妝、眼影暈染到細節勾勒，再加上臉部細節修容，讓整體五官更立體！,2529.0,3
7059817,一匙靈抗菌EX超濃縮洗衣精1.5kg補充包,洗15分鐘超越日曬兩小時，除菌防霉,2528.0,32
7096105,花仙子克潮靈吊掛式除濕袋200g2入-晨露,店內碼:2100008097984,2528.0,32
7800912,點胭脂台灣山櫻大福型斜切美妝蛋 1入 (新舊包裝混出),• 點胭脂透過原生系列，讓您看見台灣的特有原生花卉,2528.0,16
8612196,【福利品】全日營養有勁馬卡黑蒜膠囊30粒,4960867007443,2520.0,14
8237703,Areti輕巧柔順按摩梳,,2520.0,10
7739027,SPORT衛生套12入-0.03mm型,超薄體驗,2520.0,7
7440264,DHC薏仁精華(30日份)30粒,4511413608944,2520.0,7
7099581,珂潤Curel 逆齡彈潤水凝霜40g,專為乾燥敏感型肌膚設計,2520.0,3
7565413,【廠商直送】sNug給足呵護-時尚除臭船襪 5雙組(多尺寸任選),健康無毒,2520.0,2
7693004,瑪榭抗菌透氣中腰生理褲,褲底隔水層加工，防止經血外漏,2519.0,11
7108663,沙宣深層滋潤潤髮乳500ml,"源于沙龍靈感,有效修護預防損傷",2519.0,11
8173979,【廠商直送】AAA-輕型四層波浪架-白色-90x45x180cm,每層平均載重約50KG,2518.0,2
8004470,Persil寶瀅強效淨垢洗衣凝露2.5L,纖維抗菌99% 含百萬去污分子,2514.0,6
8156235,【廠商直送】美德食用級酒精抗菌濕巾20抽*10入,▪️抗菌 99.9%,2513.0,8
7222358,舒芙仕女除毛刀片(敏感肌用)-天然蘆薈,獨特潤膚皂,2513.0,7
7099622,培恩活力維生素D3 800IU軟膠囊120粒/瓶,含高單位維他命D 800IU,2512.0,8
7619205,高露潔抗敏專家牙膏75ml-修護預防,高露潔®抗敏專家牙膏，獨家專有的Pro-ArginTM配方，能填補外露、通往神經的微細管道開口，阻隔敏感刺激，立即舒緩敏感牙齒酸痛。,2511.0,9
8052936,阿葵亞瞬效水光髮膜230g-NEW,新添加#專櫃醫美級保養成分「角鯊烷+植物固醇｣,2511.0,9
7724903,台塑髮根強化洗髮精三代580g-潤澤感,添加獨特複方PCCD髮根活化因子搭配健髮成分（PROCAPIL）及赤藻糖醇、複合胺基酸能溫和舒緩乾性頭皮不適，並賦予頭皮適度滋養，促進健康頭皮環境，強健髮根、提升髮絲韌性，減緩毛髮脆弱易斷及老化等問題。,2511.0,9
7162108,李施德霖櫻花蜜桃漱口水500ml,配合正確刷牙習慣，能幫助去除牙菌斑，預防牙齦問題。,2511.0,9
7091170,I’M MEME我愛春茶莓果腮紅盤,極細粉質服貼肌底,2510.0,5
7629121,蘇菲清新涼感超薄護墊32片清涼薄荷14cm,長時間舒緩悶熱 Ag+ 抑菌 抑味,2508.0,36
7279641,蕾妮亞輕潔抑菌薄型衛生棉16片2入22cm,輕薄瞬吸99%抑菌  瞬效淨味抑菌二合一,2507.0,23
7253831,妮維雅 男士止汗爽身乳液 極限動力50ml,通過肌膚相容性測試,2507.0,23
7069363,靠得住指入式衛生棉條16入量多加強型,歐洲進口,2507.0,23
8262296,MOOMIN成人平面口罩10入-兩款任選,柔軟不織布材質,2506.0,14
7405637,好立善兒童綜合維他命發泡錠20錠-草莓,全台市占率第一，CP值最高的綜合型發泡錠，最完整的24種營養素，並添加葉黃素，照顧你一日全部所需,2506.0,14
7087764,好立善鐵+C+B發泡錠20錠,維持女性每次月事後補養，維生素C促進鐵的吸收及膠原蛋白形成，鐵質構成血紅素與肌紅素重要成分，有助氧氣輸送利用，增進神經系統健康，調節生理機能、維持活力好氣色。,2506.0,14
7376917,百洛專業護膚油25ml(新舊包裝隨機出貨),"將百洛護膚油以輕柔按摩的方式塗抹在容易產生細紋的皮膚上,用指尖順著圓圈按摩直到完全吸收",2506.0,14
7098734,優倍多女性綜合維他命軟膠囊魚油配方60,強化女性所需23種營養素,2504.0,6
7064443,曼秀雷敦Acnes藥用抗痘卸妝洗面乳-100g,"含Isopropyl Methylphenol能深入毛孔底部抗菌, 有效抗痘",2502.0,18
7970732,【廠商直送】(箱購) RICO baby 金盞花濕紙巾Premium70抽*12入/箱,金盞花精油舒緩寶寶皮膚,2500.0,2
7053489,AHC黃金逆時超導胜肽緊緻全臉眼霜40ml,頂級黃金奢華眼霜　7天全面撫平7大細紋,2500.0,2
7572175,【福利品】双養代謝薑黃精華膠囊90粒,4571255235289,2500.0,1
7305977,木質莊園沐浴露1000ml-小蒼蘭,迷人香氣淨爽留香，亮肌嫩膚,2499.0,21
7567853,INTEGRATE 光透素裸顏美肌乳限定組(贈提袋),如同開啟濾鏡般瞬間修正膚色，實現透明感素顏美肌！,2499.0,7
8029710,專科 水潤保濕化妝水200mL-清爽型,一滴一滴的深入肌膚​,2498.0,7
8046501,Solone輕柔潔淨洗顏卸妝巾,,2496.0,39
7470959,小兒利撒爾晶明葉黃素咀嚼錠36粒,4716511024157,2495.0,5
8049018,双養升級瑪卡活力膠囊30粒,4571255235326,2495.0,5
7098724,三多素食金盞花葉黃素植物性膠囊50粒/盒,對象族群：學童、青少年、成人、銀髮族、3C電腦手機族、上班族、考生、素食者,2495.0,5
7160010,freeplus溫和淨潤卸粧霜125g,"觸感柔滑,維持肌膚滋潤的同時,吸附並清除彩粧髒汙。",2495.0,5
8131324,呂 山茶花修護洗護髮禮盒組,5階段受損髮專業護理,2495.0,5
7436812,利捷維有酵維生素B群_鐵錠60錠,完整8種維生素B群 維生素D調整體質,2495.0,5
7505244,【E‧Heart】秘密S輕塑褲,小甜甜親身體驗!,2495.0,5
7297932,超質感旅行6件組-3色任選,分類收納/旅遊/出差,2495.0,5
8227806,肽研生醫RDx元氣錠30日份,B群＋甘胺酸亞鐵,2495.0,5
7268532,INNEX植萃賦活 修護髮膜180g,C100+強韌修護專利科技，深入修護斷裂分岔，秀髮重現健康強韌,2495.0,5
7069928,待刪除-元本山6束海苔4.6g*5包,元本山味付海苔，嚴選高級海苔，鮮綠脆嫩，每一片都香脆可口,2492.0,28
7432478,WINS新泡沫洗手慕斯家庭號補充包600ml,4904112828902,2492.0,28
7072850,獅王奈米樂超濃縮洗衣精補充900g,日本獅王專利MEE配方，分解髒污至奈米等級，徹底洗淨纖維內深層髒汙。,2492.0,8
7088758,莉婕頂級奶霜泡沫染髮劑-2NA自然亞麻灰棕色,極致遮白！泡沫綿著力4倍提昇，包覆滲透髮絲,2492.0,8
7307711,善存維他命C甜嚼錠60錠,"免配水,直接吃 酸酸甜甜好滋味",2490.0,10
7109098,黑師傅捲心酥400g-多款任選,台灣團購人氣商品,2490.0,10
8248584,【廠商直送】Kamera-無線手持電動拖把-極簡白,只須清洗拖布、乾淨無殘留味道,2490.0,1
7751353,【廠商直送】大家源4L氣炸鍋TCY-723501,拆解鈕保護蓋，附提把的炸籃與炸鍋，可分離好提取,2490.0,1
7105690,川崎健康居家拖鞋- 5色任選,鞋面獨特按摩顆粒，穿上拖鞋邊走邊按摩釋壓！親膚細緻材質，乾爽不黏腳！足弓曲弧面設計，貼合腳底，舒適自在！,2489.0,11
7309239,Ariel 4D抗菌洗衣膠囊12顆盒裝-室內晾衣,碳酸発想の極淨,2487.0,23
7091897,UCC職人冰咖啡910ml-多款任選,100%研磨咖啡使用，以滴濾式萃取法，完美體現研磨咖啡本身風味,2484.0,36
7987788,妮維雅絲滑柔嫩修護護手霜75ml,蓮花精萃，有效淨化角質，使肌膚柔嫩,2480.0,20
7096160,曼秀雷敦軟膏35g,以薄荷及樟腦配製而成，具清新薄荷香氣,2480.0,16
7090180,牙周適牙齦護理牙膏80g-深層潔淨,給刷牙發現流血的你或家人使用,2477.0,13
7433084,Relove_私密肌R深層傳明酸淨白潔淨精華凝露,4712933175538,2476.0,4
7083766,歐洲Barwa奢華SPA白麝香香氛皂190g,來自歐洲波蘭在地生產,2475.0,25
7044960,森之果物嚴選200g-芭樂乾,"泰國上選新鮮芭樂, 低溫緩慢乾燥, 保留芭樂香氣",2475.0,25
7410358,ettusais 艾杜紗 高機能毛孔淨透凝膠EX 165g,濃密泡泡，清潔深層毛孔髒污,2465.0,5
7255016,好奇清爽親膚濕巾加厚型70抽-迪士尼限定版,迪士尼授權限定版包裝,2464.0,56
7042080,Solone大藝術家玩色F05火苗打亮刷,1. 1.5mm 超極細膠質筆芯，即使精細線條也能輕鬆描繪。,2464.0,11
7094888,舒酸定專業修復抗敏牙膏100g-多款任選,給想修復牙齒敏感部位的你或家人,2457.0,13
7041932,essence摩登9色眼影盤10g,超實用、好上手9色眼影,2457.0,13
7272047,不鏽鋼真空保溫壺1200ML-多色任選,廣口設計，清洗方便,2457.0,3
7094837,美麗日記保濕能亮雙激粹EX+黑珍珠面膜6入,首創黃金比例保濕,2454.0,16
7281686,呂 滋養韌髮人蔘染髮劑-4.0深棕色,染髮不只同時保護秀髮與頭皮，還可滋養秀髮,2454.0,6
7064652,萊雅8效勁能保濕潔面乳 150ml-2022版,8重功效,2451.0,19
7114949,吸濕排汗格子褲,1.Delight吸汗速乾的新機能吸濕排汗涼感平口褲,2451.0,19
7861709,素面低腰生理褲,防臭。抗菌。舒適。低腰竹炭生理褲,2451.0,19
7253618,妮維雅潔顏泥100ml-兩款任選,奶霜般的泥狀質地，深入毛孔，淨化肌膚、並吸收多餘油脂，改善毛孔粗大，使肌膚潔淨又細緻柔嫩,2450.0,30
7260884,曼秀雷敦Jelle Soft恬漾潤唇凍膏8g-維他命,四重維他命成分添加 保濕、預防、滋潤、修護一抹完成,2450.0,19
8504601,中衛醫療兒童口罩30片-冀望雪花,不同樣貌型態雪花圖樣設計,2450.0,7
8522509,碧歐斯BIO全效賦活滋養活膚水100ml,0,2450.0,5
8161094,【廠商直送】瑟路菲韓方香氛護髮油100ml溫甜莓果香,頂級香水調製，發香度佳,2450.0,5
7815320,BB 2%玻尿酸+1%小分子玻尿酸精華30ml,【持久保濕/潤澤肌底/補水鎖水/滲透吸收/細膩滑嫩】,2450.0,5
8237108,媚力惑色_暖手寶1入,4711467269072,2450.0,5
7426428,立得清75%酒精擦單片_30入,4710347096685,2449.0,31
7182263,潘婷3MM多效護髮精華70ml,第1分鐘 雙重氨基華 密集滋潤髮根至髮尾,2448.0,26
7044737,媚點 雙用眉筆,柔軟筆芯x自然眉粉,2448.0,9
7090947,INTEGRATE 勻透亮顏CC霜 20g,自然修飾您的肌膚問題,2448.0,9
7403723,山本漢方大麥若葉粉末(3g×22包),4979654024006,2445.0,5
7060001,施巴5.5嬰兒舒敏乳液200ml,pH5.5維持嬰幼兒肌膚健康、舒緩敏感，形成保護膜,2445.0,5
7397760,CATKIN卡婷松間渡9色眼影盤,秋冬爆火的紅棕色盤，搭配金屬質地和琉璃金，深邃眼眸透出一抹明媚暖調。,2444.0,6
7764102,舒芙蕾-鋅離子冰爽檸檬無縫褲,輕透冰爽布料 ， 輕薄柔軟 ， 舒適一整天,2443.0,13
7751108,富麗絲泡泡染系列105ml-極光藍,1. 8種氨基酸滋潤及藍睡蓮萃取成分,2443.0,7
8593958,Moonlight植物活性洗髮精400ml清新控油,多重活性精萃，針對頭皮髮絲問題加強保養,2440.0,8
7646141,舒適水次元5刀頭8入裝(新舊包裝隨機出貨),日本包裝全新上市， 外盒使用100% 再生紙,2437.0,3
7044882,小甘菊手足龜裂修護霜20ml,"絲絨般溫和的觸感,解決手足、關節處粗糙的問題,吸收快速親膚性佳,深入龜裂處每個角落",2432.0,32
7994429,UNO新淨洗顏130g,添加淨油碳粉的超濃密泡沫！,2432.0,19
7440255,DHC綜合礦物質(30日份)90粒,4511413609934,2430.0,9
7373104,驅塵氏強韌食物耐熱袋300入-中20x25cm,"\"\"\"100%PE純新料：符合中華民國食品器具容器包裝衛生標準，耐熱至110℃，可分裝熟食",2429.0,41
7108677,潘婷強韌頭髮減少斷裂潤髮精華素700ml(新舊包裝轉換中 隨機出貨),"微小綿密泡沫,深入清潔,帶走雜質。",2428.0,12
7979639,OMORY無痕壁貼可愛蘿蔔面紙盒-粉橘,承重力強不易掉落,2425.0,15
7098894,莉婕泡沫染髮劑108ml-栗子棕色(新舊包裝隨機出貨),1. 配方新升級，深色髮也能輕鬆上色，打造出沙龍級柔和透亮髮色。,2421.0,9
7055742,碧歐斯三效水養清透保濕乳100ml,輕盈質地，給肌膚溫柔清爽呵護分子細小，快速滲透至肌膚底層讓肌膚保持水嫩、光滑與柔軟,2420.0,11
7169979,FaceQueen蜂蜜牛奶滋潤護手膜16g,"只要20分鐘,乳木果油高度潤澤精華快速滲入,3大修護成分-堅果油(Macadamia Oil)、角鯊烷(Squalane)、神經醯胺(Ceramide 3),有效修護乾裂及強效保濕雙手肌膚",2419.0,41
7098325,隨緣熱浪島泰式酸辣湯麵(袋),全台票選人氣蔬食餐廳,2418.0,26
8555699,安多-純萃中腰免洗褲4入,"重磅純棉,E.Beam 滅菌科技",2418.0,22
8182736,neuve 惹我眉筆3入 特惠組(兩色可選),輕巧的鉛筆式眉筆，筆芯柔軟好上色，共有咖啡色與深灰色2款自然色彩，可依據髮色或妝感隨心所欲挑選使用。,2418.0,13
7095880,3M透明繃20片,獨特透明材質,2415.0,35
7540315,SANA豆乳美肌緊緻潤澤洗面乳150g,"透過濃密細緻的泡沫,達到潤澤肌膚、洗淨毛孔的抗老保養!",2415.0,7
7111848,美吾髮植優護髮染髮霜40+40ml-亮栗棕5,"花植菁萃溫和配方,減少頭髮傷害",2414.0,6
7105874,多芬胺基酸輕潤保濕洗髮乳700g(新舊包裝隨機出貨),強韌髮絲: 配方添加小分子胜肽修護因子，修護細軟扁塌髮,2409.0,11
7105854,多芬胺基酸直順亮澤洗髮乳700g(新舊包裝隨機出貨),強韌髮絲:配方添加小分子胜肽修護因子，針對乾性無光澤髮質修護,2409.0,11
7307282,阿葵亞瞬效修護亮澤髮油70ml-一般受損髮適用,一滴的奇蹟，深層修護髮絲,2409.0,11
7122316,Lucido-L捲度復活髮粧水250ml,1.大量保水因子，密集修護秀髮,2405.0,13
7319212,YABY兩穿止滑保暖襪-黑,加絨加厚持續保暖,2401.0,49
7057668,16 BRAND 元氣少女雲霧腮紅(多款任選),集結所有暢銷色系的腮紅，粉質細膩、持色力佳、cp值高，是許多人的愛用品,2400.0,12
7436169,CSD中衛醫療口罩50入深丹寧,4711908806309,2400.0,8
7328974,VISEE瑩透勻潤飾底乳,明感X保濕護膚，實現兼具保濕及透明感滿溢的柔嫩清爽肌膚的飾底乳。,2400.0,8
8029713,專科 水潤保濕水凝露50g,秒吸收 清爽保濕一整天​,2400.0,6
7321861,Pentel飛龍 柔繪筆12色-基本色,Pentel專利柔繪筆，柔韌筆頭,2400.0,5
7113680,Unlabel植物高保濕清爽卸妝凝露500ml,水洗式 簡易快速 清爽卸妝,2400.0,5
8585947,待刪除-【廠商直送】TIGI提碁 (新)寶貝蛋 240ml,修護、打底、造型三效合一,2400.0,4
7053491,AHC能量親膚面膜25ml (5入) -多款任選,肌膚的補給營養品，為肌膚挹注滿滿能量精華,2400.0,4
7786553,【廠商直送】KS-蠶絲花漾蕾絲專利調整型內衣,專利蠶絲親膚舒適,2400.0,3
7786549,【廠商直送】KS-蠶絲專利碎花蕾絲調整型內衣,專利蠶絲親膚舒適,2400.0,3
7308132,一家人益生菌髮根生命液120ml,OPT防護因子則能有效防護肌膚環境,2400.0,2
8383238,【廠商直送】 RICO baby濕巾護膚禮盒組,通過Ellead肌膚無刺激認證,2400.0,2
7097264,MEN’S Biore十倍炭洗面乳100g-多款任選,源自天然竹炭吸油成分，吸附髒污、深層洗淨毛孔的皮脂污垢，長時間控油，有效改善出油肌!,2398.0,22
7257763,玫瑰薰衣草彈性褲襪3雙入-多色任選,"高密度邊襪身細緻緊實穿著時不易滑落,耐穿又服貼漸進式彈力設計,適合上班族穿著.",2398.0,22
7160017,freeplus保濕修護乳液清爽型100ml,"保濕鎖水膜保持角質層的潤澤柔滑,調理並維持細緻肌理",2397.0,3
7576980,316橫鋼大容量保溫杯800ml-酒紅色,SGS檢驗合格，不會釋出鉛砷鎘,2397.0,3
7403715,全日營養 乳酸菌果凍條10gx28包,4582316410392,2397.0,3
7094477,碧歐斯BIO全效賦活亮膚精萃油40ml,一滴亮膚美顏  高效抗老化,2397.0,3
7505245,【E‧Heart】機能外出型塑身褲,針對女人最在意的纖腰、平腹；,2397.0,3
7250194,樂扣樂扣-木纖維抗菌止滑砧板 中,耐高溫176℃，洗碗機可用,2397.0,3
7245423,碧歐斯BIO膠原燕窩滋養CC霜40ml,卓越遮瑕力，有效修飾毛孔、細紋和泛紅的痘痘,2397.0,3
7324067,全日營養 膠原蛋白果凍條10gx28包,4582316410415,2397.0,3
7254311,膳魔師不銹鋼真空保溫杯490ML-多款任選,"\"\"\"不銹鋼材質，無塗層，乾淨衛生耐刷洗。",2397.0,3
7098403,曼寧深培黑豆茶15入,無農藥栽種獨特的黑豆香氣釋放,2396.0,16
7212456,DR.WU玻尿酸保濕卸妝凝露200ml,DLS低敏高保濕溫和配方，不含皂鹼、不刺激，有效溫和洗淨肌膚多餘皮脂及汙垢。,2396.0,4
8549138,日系多功能托特包 多款任選,簡約、輕量，布面防波水處裡。,2396.0,4
7140156,呂 滋養韌髮頭皮深層淨化液150ml,不僅是緩解落髮，還能將毛孔深層去角質,2396.0,4
7537853,KLORANE 蔻蘿蘭控油乾洗髮噴霧150ml,2分鐘趕走扁塌  控油澎鬆,2396.0,4
7186873,樂扣樂扣矽膠提帶水壺580ml,瓶身為Tritan(改質PCT)材質，材質輕巧安全，不含塑化劑及雙酚A。,2395.0,5
7049816,TS6護一生果萃沐浴晶露250g,●每日清潔呵護，打造私密完美舒適圈。,2394.0,6
7446426,韓國isLeaf女性私密防護慕絲-清新草本250ml,韓國原裝進口,2394.0,6
7055741,碧歐斯BIO蝸牛原液修護乳100ml,滋潤肌膚 嫩滑彈潤輕盈修護 輕鬆鎖水,2394.0,6
7237410,依洛嘉蘆薈全效修護膠原眼膜60片,添加蘆薈、玻尿酸、積雪草萃取、石榴果萃取物、酵母萃取,2394.0,6
7818729,HELLO CREAM染髮霜-7CA 薄荷灰棕,1. 新! 僅集全部優點開發的緊緻光滑啫喱質地!  提升便利性的同時改善護理的質地!   極強塗抹性，易於塗抹，不滑落，緊密貼合於髮絲！,2394.0,6
7355326,我的心機雙效智能微導音波洗臉機-粉紫,0.7mm細柔抗菌毛刷，親膚柔軟更細膩,2394.0,6
7944090,【廠商直送】無縫縫合消臭男條紋1/2襪6雙入26-29 多色任選,義大利Lonati 腳趾自動縫合機台，自動對目無縫縫合， 選用優質消臭紗，經TTRI檢測，具消臭率100％功效， 精梳棉材質，細緻度佳，觸感柔順,2394.0,6
7111999,雅絨超柔大浴巾-3色任選,"超柔親膚觸感,適舒,吸水",2394.0,6
7055740,碧歐斯BIO蝸牛原液修護水100ml,調理肌底 由內而外無瑕95% 蝸牛原液頂級修護,2394.0,6
7432577,未來美8分鐘PLUS升級面膜潤白4入,4710155272165,2394.0,6
7271831,三多印加果油軟膠囊80粒,"印加果(印加花生)--又稱星星果,來自秘魯雨林高地的植物種子,含有豐富營養物質及人體無法自行合成的必須脂肪酸",2394.0,6
8552427,LINEFRIENDS晚安系列公仔盲盒,商品為盲盒隨機1款出貨，恕無法挑選款式,2394.0,6
7703194,艾肯米萃益菌保濕晶透水100ml,益膚成分:益菌生+米粹發酵水,2394.0,6
7330283,雷達佳兒護液體電蚊香補45ml*2入-無味,無香精、無染料、無刺鼻,2392.0,8
7054590,日本味王女用維生素B群加強錠60粒入/盒,8種維生素B群一次到位，適量補充不浪費,2392.0,8
7099517,我的心機晶球安瓶PRO面膜3入-淡斑美白,獨特微囊晶球超導包覆技術，每一滴精萃都封存在2mm微囊。,2392.0,8
7433218,日本MELLSAVON沐浴露_閃耀香柚460ml,4560249795397,2392.0,8
7109329,婦潔私密柔淨慕絲150ml-加強乳酸,"親膚細緻小分子泡沫深入潔淨肌膚,輕鬆帶走髒污,卻不帶走滋潤",2392.0,8
7570828,韓國DERMAL積雪草神經酰胺化妝水200ml,添加積雪草和神經酰胺成分的低刺激化妝水,2392.0,8
7064472,肌研極水薏仁維他命C化粧水400ml,添加小分子保濕精華，能有效改善乾燥粗糙,2392.0,8
7053381,我的心機超能安瓶酷涼保濕面膜4入-雪藻,清凉緊緻縮毛孔，凝凍爆水瞬保濕,2392.0,8
7083820,Phyto Derma朵蔓頭皮淨化噴霧80ml,添加植物萃取:魚腥草、迷迭香、蘿勒及洋甘菊,2392.0,8
8116381,femfresh私密潔膚露250ml-純淨植萃,適合易敏感肌膚(植萃舒緩配方),2392.0,8
7105420,黛絲恩 完美淨化極潤修護洗髮精450ml,添加天然植物精華，為頭皮帶來清爽舒緩感受,2392.0,8
7432703,SHILLS很耐曬超清爽美白出水防曬凝乳40ml,4713696629016,2392.0,8
7431319,我的心機健髮豐盈頭皮調理精華65ml,法國專利活性成份，拯救脆弱髮、強化現有髮絲,2392.0,8
7709687,森田藥粧青春肌活煥采面膜3入,緊緻撫紋，逆齡肌活,2390.0,10
7097787,古寶無患子九蒸九曝髮翳淨髮精華露550g,源自大自然的無患子成分，守護髮絲健康,2388.0,12
7441522,瑪榭磨毛男V領保暖衣,特殊雙面短絨毛層，觸感更加柔順,2388.0,12
7523279,葛妮絲甘菊清柔護手霜50ml_敏感肌清爽有香,4003086260005,2388.0,12
7138212,Ora2me淨白清新漱口水460ml-白茶花香,乾淨洗去引起齒垢＆口臭的原因菌，並讓它不容易附著，維持牙齒和口氣清潔。,2388.0,12
7098851,瑪宣妮蜜桃珍珠洗髮精450ml (絲潤感),讓秀髮呈現滑順不糾結、滋潤亮澤,2388.0,12
7088689,莉婕3D立體蓬捲慕絲150ml,3D立體蓬捲慕絲變直的捲髮也能恢復彈力！3D立體捲翹配方,2388.0,12
7832963,LENOR蘭諾衣物芳香豆_甜花石榴香455ml補充,4987176116079,2388.0,12
7108511,富麗絲染髮系列-蜂蜜金,8種氨基酸滋潤及藍睡蓮萃取成分,2388.0,12
7114777,Biore高彈潤沐浴慕絲540ml-清新皂香(新舊包裝隨機出貨),520萬顆細緻微米泡泡 減少肌膚摩擦 洗後保濕不緊繃,2388.0,12
8237941,日東皇家奶茶10入,,2388.0,12
8589492,【廠商直送】挺立舒成人醫療口罩30片*2盒-彩耳雪松/彩耳焦糖,‧交談無阻礙–足夠的嘴部活動空間，讓交談變得輕鬆,2388.0,6
7088394,妮維雅深層卸妝水200ml-淨白透亮,玻尿酸深度補水，賦活肌底、水潤柔嫩。,2385.0,15
7433268,洗顏專科超微米明亮莓果潔顏乳100g,4909978702854,2385.0,15
7044526,森田藥粧極淨保濕卸妝棉48片,舒緩肌膚,2384.0,16
7091200,I’M MEME我愛水凝好氣色妝前防護乳,多重提亮精萃含有爐甘石粉末、維他命B12、維他命B3衍生物菸鹼醯胺等成分,2384.0,8
7088678,莉婕頂級一按即梳染髮霜-2古銅棕色,輕鬆完美遮蓋可見白髮免煩惱日本全新開發一按即掩輕鬆染,2384.0,8
7088687,莉婕頂級一按即梳染髮霜-4A霧感亞麻棕色,輕鬆完美遮蓋可見白髮免煩惱日本全新開發一按即掩輕鬆染,2384.0,8
7105505,最乾淨竹炭毛巾(3入)-款式隨機,材質:9%聚酯纖維(竹炭紗)、91%棉,2382.0,18
8025852,樂品兩用萌鵝加厚雙層吸水巾,加厚雙層超細纖維布,2380.0,20
7310335,刷樂備長炭牙刷3入,清除口腔異味 保持清新好口氣,2380.0,20
7350861,Za 潮色特調眼影 多色可選 (限量),高顯色、好延展,2380.0,14
7229589,高絲涵萃潤肌精乳液I-清爽 145ml,添加潤澤美容成分，一抹浸透至角質層深處,2380.0,10
7436821,天天兒童立體醫療口罩50入娃娃款,4719872070429,2380.0,7
7403825,Cocoegg卵殼膜保濕洗顏霜200g,4573206425695,2380.0,7
7087897,KAFEN卡氛極致旅行組(洗/沐/護各60ml),極致系列能滋潤乾燥的髮質使恢復髮質健康,2376.0,24
8129777,澳寶高能深透修護髮膜100ml,獨特液晶結構，營養1抹吸附，直達髮芯損傷處。,2376.0,24
7105585,花香5原效洗髮乳1100g-鈴蘭花香(新舊包裝隨機出貨),添加Quinoa藜麥蛋白-富含17 種氨基酸，減緩秀髮老化,2376.0,24
8237071,格安德成人平面醫用口罩50入白_耳帶亮藍,,2376.0,24
8237161,格安德成人平面醫用口罩50入白_耳帶深橘,,2376.0,24
7937677,艾森絲萬用水滴化妝海綿,超柔軟超細纖維海綿，鈍三角形的造型完美貼合面部輪廓。,2376.0,24
8051829,日藥本舖醫用平面口罩25入青燕灰,4713072041258,2376.0,24
7145729,百利 細緻餐具/茶杯專用海綿菜瓜布6片裝,輕鬆去垢不刮傷,2375.0,19
8515745,美舒律蒸氣眼罩5片-清甜蘋果野莓香限定,彈性耳掛設計，舒適貼合,2373.0,12
7575383,Elastine夢幻花語奢華香水潤髮乳600ml-亮澤護色款,1.夢幻花語-添加植物油精粹成分，有效減緩染後退色,2373.0,7
7575384,Elastine花绽一瞬奢華香水洗髮精600ml-滋養防斷款,1.花綻一瞬-添加17種胺基酸及秀髮毛鱗修護技術，幫助預防梳理引起之斷髮,2373.0,7
7432803,曼秀雷敦AD高效抗乾草本修復乳液200g,4987241165025,2373.0,7
7823816,莉婕頂級奶霜泡沫染髮劑-紐約清晨米灰棕,含有蜂王漿菁華(保濕成分)、水解絲菁華(毛髮保護成分),2373.0,7
7108441,依必朗抗菌洗手露300ml,特別添加維他命E配方，保護滋養您手部肌膚,2370.0,30
7265750,匠心醫療口罩幼幼3D彈力50入盒裝(粉XS)(新舊包裝隨機出貨),高透氣,2370.0,9
8179139,潘婷PRO-V水潤洗髮露530ml強韌防斷,3重護膚保濕黃金成分,2370.0,6
7054879,貝膚黛瑪平衡毛孔細緻凝乳 30ml,【控油】獨家皮脂液化專利 調控油脂分泌,2370.0,3
8051226,JohnsBlend無矽靈香氛洗髮精_麝香茉莉460ml,4535304298977,2370.0,3
7105485,美源花果香快速染髮霜-4亮棕色,採用Crystal Cream技術染髮過程清新不刺鼻,2366.0,14
7090123,DARLIE好來超氟牙膏250g*2-強化琺瑯質,透過再礦化即時修護牙齒琺瑯質,2365.0,11
8534561,好麗友預感香烤洋芋片非油炸-洋蔥,韓國原裝進口,2363.0,17
7470855,天明金門一條根西瓜爽10g,4715404060531,2363.0,17
7307743,小善存+鈣60錠,專為4-16歲兒童設計,2360.0,4
7054867,貝膚黛瑪平衡控油潔膚凝露 200ml,【清潔】溫和深層清潔 清爽舒適,2360.0,4
7602038,聲寶負離子陶瓷離子夾,4段溫控,2360.0,2
7203843,法國AGiM-手持折疊掛燙機-白色,摺疊小巧 俐落時尚,2360.0,2
7092026,Mod’s Hair 25mm完美雙效智能直髮夾,齒梳設計，浮動面板設計，減少頭髮拉扯,2360.0,2
7615013,貓-CIAO啾嚕肉泥14g*4入-多款任選,日本原裝進口,2356.0,31
8243423,綠貝量杯儲存罐1100ml,斜口式設計，輕鬆倒出零失誤,2356.0,14
7109328,婦潔私密守護補充組-滋潤嫩白,"弱酸 pH3.5長效弱酸配方,專為陰部細緻肌膚設計的沐浴露",2356.0,4
8505012,【廠商直送】LAMINA涼感支撐坐墊-45*45cm-多款任選,記憶棉能有效支撐，加上涼感舒適表布讓皮膚不會悶熱不舒服,2352.0,6
7064437,曼秀雷敦Acnes抗痘控油保濕乳液80g,"含IPMP, 能深入毛孔底部抗菌, 預防青春痘產生",2350.0,13
7227931,Panasonic 鈦元素鹼性3號電池-8+2-藍卡,Panasonic最高等級電池,2349.0,12
7128848,澡享沐浴乳1000ml-白茶,白茶：潔淨配方,2347.0,13
7513151,蘇菲清新涼感護墊22片微涼小黃瓜17.5cm,長時間舒緩悶熱  抑味,2346.0,34
7668918,Bref妙力投入式馬桶清潔錠50g*2-海洋,有效持續潔淨 不傷水箱材質,2346.0,34
8582107,EDGEU凝膠美甲貼素色款-214 LEATHER SET UP,以低調   柔和的紅棕色做組合,2346.0,6
7108444,3M無痕大型掛鉤2入裝,使用3M獨家專利無痕膠條，黏貼時粘著穩固，去除時不傷粘著表面，不留殘膠。,2342.0,18
7427344,獅子化學泡泡潔廁劑120g,4900480226401,2340.0,18
7088486,台灣一番草莓乾 135g,無添加人工色素.防腐劑.糖精,2340.0,13
7432409,肌研極潤健康深層清潔調理洗面乳100g,4719865610786,2340.0,9
7915362,我的心機2%冰河醣蛋白晶透水潤精華30ml,Hydra PRO  史上最強保濕,2340.0,6
7094557,牛乳石鹼無添加卸妝乳150ml,好沖洗不殘留，輕鬆卸除臉上殘妝，保留肌膚滋潤感，手濕濕的也可以使用。,2340.0,6
7342526,Tryall濃縮乳清蛋白500g-蜂蜜牛奶,每份濃縮乳清(25公克)中約含36公克BCAAs,2340.0,6
7091018,水之印高機能緊緻抗老乳霜50g,讓肌膚迅速回復彈力、緊實，蛻變為充滿光采亮澤的年輕肌膚。,2340.0,5
7099577,珂潤Curel潤浸保濕身體乳液220ml,蘊含「潤浸保濕Ceramide成分」及桉葉精華。,2340.0,5
7440263,DHC蔓越莓精華(30日份)150粒,4511413622148,2340.0,3
8504051,【廠商直送】Ladoore蕾朵兒 心情手札 性感美胸PUSH UP成套內衣,L'adoore 心情手札 性感美胸PUSH UP成套內衣,2340.0,3
7153602,輕活家居拖鞋-北歐舒絨-4色任選,天鵝絨鞋面+中底-柔軟、舒適,2336.0,14
8237366,妮維雅男士積雪草B5原力修護精華乳50g,,2334.0,6
7069320,康乃馨清涼衛生棉14片一般21.5cm,1.清涼感,2331.0,39
7188532,VIGILL婦潔 私密衣物手洗噴霧,植物性溫和洗潔，卸妝級手洗噴霧!,2331.0,12
7466175,KOSE高絲雪肌粹洗面乳120g_限定版,4971710471878,2331.0,9
7049813,TS6 護一生 粉嫩淡色凝膠 30g,添加玻尿酸成分，能長效保濕，使肌膚平滑細緻。,2330.0,5
8603070,【即期品】Karadium炫彩珠寶盒眼影 (月光石)(效期:2023/10/28),炫彩珠寶盒眼影 Bling Fit Bijou Box Shadow,2328.0,6
7470867,Chandelle白髮遮瑕粉餅_深棕色,4906781426717,2328.0,4
7278424,麗仕細緻嫩白香氛沐浴露550g-櫻花,"清甜櫻花香氛, 如微醺戀愛感",2327.0,14
8119090,1028 ARTISAN 眼窩鋪色刷 E16,大型豐厚圓弧眼影刷，柔和釋粉力，適用於眼皮打底上色或大面積暈染出自然眼妝。,2327.0,13
7404060,Lishan櫻花馬油潤膚霜200g,4582425684936,2327.0,13
7990350,1028 ARTISAN 暈染鼻影刷 E11,圓弧錐形柔鬆刷頭，可柔和暈染眼影鼻影無色塊，呈現超自然眼鼻妝容。,2327.0,13
7135412,麗仕清爽沐浴乳1L-青檸橙花,國際香氛大師精心調配，與香水一樣有前中後味,2327.0,13
7090946,INTEGRATE 三度漸層光綻眼影盒 3.3g,3色漸層眼影搭配2色不同質地打亮的5色色盤組合，一盒即可實現日常上班或約會聚會的不同眼神印象，混搭多變粧容。,2324.0,7
7098902,曼秀雷敦男士草本制菌沐浴乳650ml,"含IPMP能深入毛孔底部抗菌, 有效抗痘",2322.0,18
7104956,NATIO柔膚水250ml-洋甘菊玫瑰,富含檸檬酸可以溫和代謝堆積皮脂，玫瑰與洋甘菊作為鎮靜補水的主要成分，在毛孔暢通後順利進入被肌膚所吸收，形成健康水膜,2322.0,6
7325793,日本mezaik petit強力定型防水雙眼皮,舒芙雷鬆餅甜美香味,2320.0,16
8124649,i+五色筆管+5芯-三麗鷗 -多款任選,特選三麗鷗明星偶像系列,2320.0,10
7432133,肌研卵肌去角質洗面乳130ml,4719865603634,2320.0,8
7523755,易利氣1300磁力貼24粒,4902522668545,2320.0,8
7064425,肌研卵肌溫和去角質洗面乳130g,AHA + BHA添加-溫和洗淨老舊角質及毛孔髒污,2320.0,8
7523440,薇佳微晶3D全能洗顏霜100g,4713968881623,2320.0,4
7181558,箱購-JECY JUCY石榴汁80ml*30入,原汁100%,2320.0,2
7752367,白蘭含熊寶貝洗衣精補充1.6kg-花漾清新,白蘭含熊寶貝馨香精華洗衣精，天然精油、馨香持久,2317.0,21
8544960,#1028 兩心香悅空間香氛噴霧,Mystery 29(萊姆茉莉) 前調：萊姆/中調：茉莉、榛果 /後調：橡木、麝香 ,2317.0,7
7083143,施巴嬰兒舒敏浴露400ml,專為敏弱膚質設計，小兒科醫生指定使用！,2315.0,5
8137453,美琪抗菌沐浴乳補充包600ml小葉薔薇,薔薇與清新柑橘綣成一絲優雅香調,2314.0,26
7369713,安多輕旅行 條紋免洗短襪 4入,"獨家版型, 符合人體工學",2310.0,22
7069937,聯華元氣堅果飲(芝麻)280g,精選黑芝麻輔以核桃複方調配，充氮保鮮保留完整堅果營養，富含鈣質及維生素E，是維持健康的最佳養身食補,2310.0,21
7094573,小甘菊經典修護唇膏4.8g,含德國洋甘菊與多種有效護膚植物萃取精華，舒緩、柔潤唇部，以天然的成分，保養、修護唇部肌膚，保持唇部肌膚潤澤。,2310.0,21
8100077,美舒律蒸氣溫熱足貼6片-純淨無香,舒緩久坐疲勞雙腿，隨時創造自我專屬休息時間!,2310.0,11
8546259,鱷魚-石墨烯三角褲3入,抗菌防臭,2303.0,7
7401358,黛絲恩完美奇蹟雙護護髮素450ml,針對染後受損髮開發，獨特雙護配方,2303.0,7
7561277,褲底咖啡紗蕾絲中腰女內褲6件組-顏色隨機出貨,褲底咖啡紗，透氣舒適，冰涼手感，異味控制,2303.0,7
8119319,DR.WU維他命B保濕舒緩膠囊面膜4片,運用維他命B3及B5有效提升肌,2303.0,7
7090178,保麗淨假牙黏著劑70g-無味,幫助穩固密合提高舒適性,2303.0,7
7579566,BB 4%旱地鼠尾草保濕精華水100ml,由旱地鼠尾草萃取而成，可有效提高肌膚保水度，讓肌膚水潤有彈性。,2303.0,5
7091013,水之印高機能晶透美白化妝水200ml,雙重賦予肌膚柔嫩水亮 美白好命水,2300.0,6
7253753,(箱購)極淨適抗菌酒精擦濕巾100抽*24包,"\"\"\"適用範圍─用餐前後、物品玩具、居家用品、廚房傢俱、生活環境。",2299.0,1
7098718,赫本染髮劑5.7巧克力棕色 (170ml/盒),健康染髮,2298.0,6
7341928,THE FACE SHOP肌本博士積雪草全能霜50ml,添加多重強化配方如積雪草、維他命原B5與神經醯胺,2296.0,2
7094383,曼秀雷敦深層保濕潤唇膏-薄荷 4.5g,"添加卓越保濕成分玻尿酸鈉, 鎖緊水分, 改善唇部乾燥問題, 加倍滋潤",2295.0,17
7064476,曼秀雷敦Magic Color變色潤唇膏2g-蜜桃粉,塗上雙唇後，會隨著個人嘴唇濕度的不同而變換深淺不同的粉紅色,2295.0,17
7370519,美源花果香快速染髮霜-4D亮栗棕色,採用Crystal Cream技術，染髮過程清新不刺鼻,2295.0,13
8024010,TS6護一生私密防護噴霧40g,如廁後或生理期間隨時使用，可維持私密肌膚健康。,2295.0,9
7097739,媚比琳FITME怦然心動腮紅,韓妞最愛開架腮紅 超FIT 與雙頰肌膚完美貼合 高顯色一抹紅潤,2295.0,9
7291337,ettusais 艾杜紗 魔束捲翹睫毛膏 6g (薰衣草黑),自然有神放大雙眼。超細刷頭適合上下睫毛使用，細節處也不放過。,2295.0,5
7064439,肌研極潤完美高保濕多效凝露100g,添加2倍吸附型玻尿酸，與肌膚緊密結合，強化肌膚表層保濕力,2295.0,5
8583159,EDGEU凝膠美甲貼素色款-123 SWEET ROSE,乾燥的玫瑰花瓣在金色的天空飄揚,2295.0,5
7064445,肌研極潤完美多效美白凝露100g,添加傳明酸，不僅能淡化斑點，更能深入滲透肌底，抑制麥拉寧色素增生沉澱。,2295.0,5
8584800,EDGEU凝膠美甲貼設計款-225 CAMEL ENSEMBLE,同色系的完美配色，棕色系列的法式藝術，強調柔和、沉穩氣氛,2295.0,5
7063556,艾惟諾高效舒緩燕麥保濕乳71ml,,2294.0,21
7254072,妮維雅男士深極炭控油保濕精華凝露50ml,深層清潔：獨特極致炭配方，深層清潔並緊緻毛孔。,2292.0,8
7310326,刷樂兒童含氟牙膏90g-青蘋果,雙防蛀PLUS+配方-活性氟+木糖醇,2291.0,29
7056043,金門高粱厚Q干180G-沙茶口味,1.高粱香氣豆干,2291.0,29
7108664,沙宣清盈柔順洗髮乳500ml,"源於沙龍靈感,有效修護為造型打底",2290.0,10
7652394,凡士林精華凝乳330ml-肌亮水潤(兩款包裝隨機出貨),我們相信恆久透亮美肌始於深層修護肌膚，於是推出肌亮水潤精華凝乳，注入比維他命C成分更有效的獨家煥亮科技+，協同肌膚生成穀胱甘肽，並搭配清爽不黏膩的質地，讓肌膚散發透亮光澤,2290.0,10
7714673,卡樂芙優質染髮霜-乾燥玫瑰(新舊包裝隨機出貨),顯色度+58%有感超顯色,2290.0,10
7088404,妮維雅全方位潤膚霜-敏感肌適用200ml,獨特滋養柔嫩配方，長時間潤澤呵護肌膚,2289.0,11
7252224,Lenor衣物柔軟芳香豆補充330ml-兩款任選,日本銷量No.1衣物芳香品牌,2289.0,11
7072820,LG喜馬拉雅粉鹽胖瓶牙膏285g-冰澈薄荷,韓國原裝進口特殊劑型按壓式牙膏，時尚包裝讓人隨時守護完美形象，可單手方便操作，每次按壓是一次用量，節省牙膏浪費。 選用最自然的喜馬拉雅山粉晶鹽為主要成份，經過研究證實有效保持口腔健康，降低牙周病發生率、蛀牙、口臭；綿密奶油劑型能快速溶解吸收幫助強健牙齒及牙齦，唇齒間留下茉莉清香與舒爽薄荷香氣，讓你一整天清新怡人好口氣。,2286.0,9
7550817,LG喜馬拉雅粉鹽胖瓶牙膏285g-BIOME雙效,12小時長效抑制口臭,2285.0,8
7668831,BB 5%黃金薑黃呵護精華30ml,高濃度薑黃酮素深入細緻肌底，精準賦活肌底老化。,2280.0,6
7109326,婦潔私密沐浴露日常制菌 220ml,"弱酸 pH3.5長效弱酸配方,專為陰部細緻肌膚設計的沐浴露",2280.0,6
7933627,【廠商直送】JWAY 砧板刀具自動烘乾消毒機 JY-NF01,●殺菌/烘乾/分類/收納四合一設計,2280.0,1
7442208,(箱購)獅王奈米樂超濃縮抗菌洗衣精(補)900g*12入,"洗淨後長效抗菌,同時讓洗衣槽抗菌防霉。",2279.0,1
8121565,魔術靈廚房清潔劑噴槍瓶500ml-多用途,不須用水2次擦拭,2277.0,33
7931782,牛乳石鹼Milky牛乳精華沐浴乳補充皂香400ml,百年來堅持溫和品質的牛乳石鹼所推出的「香皂配方沐浴乳」，,2277.0,33
8187734,海昌粉紅玻尿酸保養液120ml(新舊包裝隨機出貨),海昌全新革命保養液 粉紅玻尿酸保養液 操作看得見 使用更方便,2277.0,23
7089895,歐洲Barwa奢華SPA綠橄欖香氛皂190g,來自歐洲波蘭在地生產,2277.0,23
7404008,MIYOSHI新無添加泡沫洗手乳250ml,4537130100677,2277.0,23
7523391,Balea海藻強化保濕精華素膠囊7入_藍,4010355585516,2277.0,23
8545777,INNEX植萃賦活頭皮強健淨化體驗組,以歐美日專利CAPIXYL™.健髮胜肽，高效滲透科技於頭皮迅速吸收，有效使髮根強健、秀髮豐盈,2277.0,23
7094552,優若美痘痘貼薄透型-薄透型42入,美國進口醫療級水膠體敷料,2277.0,11
8506925,洗劑革命除菌石鹼500ML,有效吸附並除去馬桶壁上的頑強污垢、尿漬，不傷瓷器表面，恢復亮白潔淨！,2276.0,44
7231688,廣穎 電量顯示輕巧行動電源10000mAh-(黃.彩)-2色任選,電量顯示,2276.0,4
7108243,樂品細網洗衣袋2入-M,通過美國及歐盟測試標準，防護升級,2275.0,35
7258314,樂品KF94非醫用4層口罩10入(成人時尚白),獨立呼吸空間,2272.0,28
7805724,好自在熊抱安睡棉-量多夜用(4片42.5cm),超吸透氣，升級防漏超安睡,2270.0,53
7265355,日本獅王細潔漱口水450ml-適齦佳,降低牙周病發生率,2268.0,12
7213504,好自在純肌絲薄衛生棉12片2入夜用32cm,3D立體芯比普通棉層更能迅速吸收經血及異味！,2268.0,12
7105945,聲寶電動去硬皮美足機,USB充電,2264.0,3
7083623,蘇菲指入式棉條20支量多型,8道瞬吸線，瞬吸不外漏,2261.0,19
7918667,KOSE神隱毛孔柔焦凍-超控油,,2259.0,9
7207708,蘇菲清新涼感衛生棉11片微涼小黃瓜25cm,對肌膚溫和 少刺激,2258.0,32
7626485,水舞醫療成人平面口罩10入-想吃Meow,MIT，雙鋼印,2256.0,12
7482230,卡哇伊暖手抱枕-多款任選,,2256.0,8
7150037,ARTiS di Voce彩色指甲油 15mL (20~23任選),百搭的Artis裸色系指甲油,2250.0,15
8023557,淨新 醫用兒童立體口罩(寬耳帶) 50入 MIT鋼印 1-3歲/4-7歲,,2250.0,15
8209963,ARTiS di Voce 彩色指甲油 (24-33),讓人帶著一股寧靜的溫暖柔和感！想傳達出令人舒心的自然氛圍，仿佛漫步在溫柔的沙丘之中,2250.0,15
7440206,金壕營養多補力錠50粒,4903361681221,2250.0,9
7440127,全方位維他命PLUS 血紅素鐵錠 (女性專用)30粒,4966486600836,2250.0,5
7421459,猫狗-Amo Petric青柿環境噴霧350ml-消毒除臭,符合寵物肌膚PH質,2250.0,5
7362577,美琪抗菌洗手乳-玫瑰果萃 3785ml,醫師推薦，實驗證明溫和有效抗菌,2250.0,5
8237030,日本味王暢快人生蜂蜜檸檬精華版30入,,2250.0,5
8236993,日本味王金盞花葉黃素酯膠囊30粒,,2250.0,5
8200011,LuLuLun季節限定面膜7入-楓葉,市面少有的<極厚3層面膜布>,2249.0,13
7966630,3CE腮紅,MOOD RECIPE FACE BLUSH,2247.0,3
7565473,電動抽氣筒,居家收納、旅遊真空收納工具,2247.0,3
7105481,美源花果香快速染髮霜-3D自然淺棕色,採用Crystal Cream技術染髮過程清新不刺鼻,2246.0,13
7105688,超萌卡通吸水地墊-6款任選,超萌可愛卡通造型設計.多款圖案.超細纖維面料.吸水加工防滑設計!,2246.0,7
7286114,威猛先生深層淨力潔廁凝膠750ml-海洋,在家用清潔領域，威猛先生擁有30年的豐富經驗。,2245.0,45
7262023,OMORY 304漸層不鏽鋼保溫保冷瓶750ML,珠光漸層瓶身設計,2244.0,6
7097234,妮維雅男士水活保濕精華凝露150ml,添加高涵水玻尿酸,2241.0,9
7375251,Batiste乾洗髮200ml豐盈蓬鬆(新舊包裝隨機出貨),添加膠原蛋白 髮根蓬鬆有彈性,2241.0,9
7390496,樂品晶鑽美妝防塵收納盒(雙層2抽屜),超質感透明收納，收納物一目了然,2240.0,10
8209209,ARTiS di Voce 隨身瓶指緣油-白麝香,最適比例甜杏仁油、葵花籽油、夏威夷堅果油、角鯊烷;油質輕柔無黏膩，快速滋養乾燥指緣。,2240.0,8
7433020,悠斯晶A乳霜120g,4987353190311,2240.0,7
7105928,台灣製-細緻輕柔沐浴球,SGS檢測，無塑化劑,2236.0,44
7122656,甜心公主吸水浴巾-4色任選,速乾、7倍驚人吸水力,2235.0,15
7097231,妮維雅 止汗爽身噴霧 無印乾爽150ml,不含酒精成分，無添加色素,2235.0,15
7076997,曼寧玫瑰紅棗茶15入,選用苗栗公館鄉種植的紅棗,2235.0,15
7169971,美麗日記納豆極潤保濕面膜8入,高效飽水、極緻保濕,2235.0,15
7169969,美麗日記皇室珍珠晶亮面膜8入,浸潤細緻粗糙暗沉膚感,2235.0,15
7125487,美吾髮快速護髮染髮霜-7號自然黑褐,"食品級植萃成分, 4倍植護科技, 維護頭皮健康",2233.0,11
8566473,五彩雪花拼拼樂,本產品共有600片雪花積木，利用拼接、組合以及空間立體感的呈現， 讓孩子從中體現六大教育功能：1.建立點、線、面的概念。2.學習組裝拼接技巧。3.增進專注力及耐心。4.啟發圖形想像力。5.訓練手眼協調能力。6.享受自我操作樂趣。,2233.0,7
7425662,VERY_NICE提亮遮瑕蜜粉10g,4589674963164,2233.0,7
8151947,李施德霖漱口水500ml-哈密瓜果茶,哈密瓜果茶  蹦出新滋味  給你香甜迷人好口氣,2232.0,8
7432480,牛乳石鹼無添加泡沫洗顏200ml,4901525001946,2232.0,8
7303190,NAF-facemeto寸草不生潔淨霜(easy cut),特乳酸質地，溫和不刺激,2232.0,8
7323664,韓國ShowerMate微風如沐沐浴乳1200g-棉花籽,天然成分產生的綿密泡沫，放心洗淨。,2232.0,8
7230827,倍立雅3X保濕原液30ml,比起一般的玻尿酸三倍快速吸收水分效率,2232.0,4
7275811,古寶無患子沁涼馬鞭草薄荷SPA洗髮精華露450g,"洗感酷涼,清涼暢快",2226.0,14
8116927,SEXYLOOK酵素卸妝凝露120g,溫和卸除妝容，可天天使用,2226.0,14
7931793,ZettocPureXClean抗菌滋潤護手霜50g_無香,,2226.0,14
7387502,頂級手工拼接情侶拖鞋-兩款任選,秋冬保暖/居家穿著/可當情侶拖,2225.0,25
8137412,美琪抗菌沐浴乳補充包600ml茶樹,草本茶樹精油自然溫和,2225.0,25
8030886,MakeCover3秒隱形薄膜保濕定妝噴霧65g,噴在妝容上3秒即可防止彩妝崩壞，口罩不沾黏！,2225.0,5
7835409,美吾髮琥珀檀香雪松精油洗髮露700ml,PH5.5平衡頭皮酸鹼值,2224.0,16
7097229,艾翠斯潤手護指霜100ml,極潤滋養修護配方，含專業醫美級Panthenol(維他命原B5)成份,2224.0,16
7098828,Biore高彈潤沐浴慕絲補充瓶450ml-清新皂,520萬顆細緻微米泡泡 減少肌膚摩擦 洗後保濕不緊繃,2224.0,16
7827353,【廠商直送】Ronever 療癒拍拍燈-多款任選(大眼兔、企鵝、人氣貓、小萌貓、俏眉豬、萌水滴),內建充電1200mAh鋰電池,2224.0,6
7759445,I’M MEME我愛持久染眉雨衣,持久、快乾、不掉色！,2223.0,9
7472321,(已結束合作)Rimmel 緋聞女王絕不失手極細眼線筆,一刷立即畫出精確的線條,2223.0,9
7482151,媚比琳 宛若真眉柔霧塑型眉膠筆補充超值組,1筆打造自然蓬鬆眉!替換蕊芯超簡單!,2220.0,6
7308009,SIMPLY超有酵益生菌DX耐酸膠囊30粒,幫助維持消化機能,2220.0,3
7060000,施巴5.5抗乾敏保濕乳液200ml,乾敏癢肌救星!深度滋潤，舒緩癢感,2217.0,3
7258061,Purevivi皇后卸妝水500ml,"只要輕輕擦拭,就能將彩妝卸除乾淨",2214.0,6
7063527,艾惟諾天然薰衣草香氛舒緩保濕乳液354ml,"滋潤成分含天然活萃燕麥萃取,揉和薰衣草、洋甘菊及伊蘭香氣 幫助舒緩肌膚,給予肌膚長效深層保濕,維持柔軟與光滑,質地快速吸收不黏膩",2213.0,7
7159712,16 BRAND擊退脫妝保濕控油定妝噴霧120ml,細緻的噴霧上臉相當舒適，且兼具保濕和控油的功能，讓底妝更服貼，不再沾染口罩,2212.0,4
7385156,石墨烯短襪-多色任選,遠紅外功能,2210.0,34
7088645,花王洗髮精750ml-溫和柔潤型,甜美淡雅，愉悅舒暢的玫瑰香,2210.0,17
7812048,Curel潤浸保濕隔離防曬乳30ml-臉部用,純物理性防曬,2210.0,4
8599493,Mr黑酢力kurozu纖維蒟蒻果凍梅子口味8入,4710784968088,2208.0,32
7519334,米大師小星泡芙4連包*4入-綜合,"穀物熟化技術,幫助寶寶消化好吸收",2208.0,8
8564616,海昌粉紅玻尿酸保養液60ml,維他命B12配方x大、小分子玻尿酸保濕因子,2205.0,55
7426725,獅王超淨白牙刷-軟毛1入,4903301151784,2205.0,45
8014722,超薄涼爽雙色無縫褲-F,,2204.0,16
7652118,CIELO宣若EX染髮霜-3MA薄荷灰棕,簡單一按，不用攪拌，淡雅香味不刺鼻特殊防氧化設計,2204.0,6
8186547,善存兒童立體醫用口罩10入-兩色任選,百分百台灣原料,2200.0,22
7932356,樂品深層潔淨卸妝棉(含蓋)120枚x2包,快速卸除彩妝，深層溫和淨卸,2200.0,20
7816892,匠心醫用級成人平面口罩50入莓果派對,4719872075585,2200.0,10
8237421,BOTANIST植物性夏季洗髮精_白茶柑橘480ml,,2200.0,5
7114786,BOTANIST植物性潤髮乳490g彈潤蓬鬆,西洋梨&洋甘菊的香氣，帶來強韌有彈性的柔順秀髮,2200.0,4
7105813,驅塵氏 超黏拖16cm(60張),新科技黏紙，16cm超寬紙面，強力黏起髒污顆粒,2198.0,22
8030628,大王elis純淨裸肌極緞棉17片超薄27cm(蜷川實花限定包裝隨機出貨),日本初！加乳液更纖柔，輕絲級新體感,2198.0,14
7064570,曼秀雷敦頂級濃潤柔霜潤唇膏3.3g-清甜,水凝潤澤技術：革命性技術使唇膏能不斷吸收空氣中水分，持續替唇肌補水,2197.0,13
7117675,碧菲絲特清爽碳酸泡洗顏180g,3秒立見的濃密碳酸泡沫,2197.0,13
7157782,NAILTONE維生素營養基底油12ml,幫助修護與保護指甲，抵禦外部損害,2197.0,13
7680994,MEKO顏值覺醒腮紅餅,全新升級款,2197.0,13
7098848,卡樂芙鎖色修護護髮精華70ml-潤澤款,添加保養級黃金玻尿酸與蠶絲蛋白成分,2197.0,13
7322351,Pentel飛龍 鉛筆芯0.5(C205) -多款任選,Pentel鉛筆芯、內含微量油脂,2196.0,61
7403836,MANUP近江水鏡高保潤美容液30mL,4562227459673,2196.0,4
7404267,KINYO 聲控夜光12吋木紋掛鐘,聲控感應 拍手即亮,2196.0,4
7608247,SOMEBYMI茶樹三酸30天奇蹟精華50ml,高濃度三酸配方,2195.0,5
8237549,雪印高鈣低脂奶粉700g,,2195.0,5
7355389,Relove舒潤私密鎮定舒緩凝露40ml,現代女性在形象上下功夫不遺餘力，但魔鬼藏在細節裡！忽略肌膚保濕會將苦心經營的美麗功虧一簣！,2195.0,5
7723177,森田藥粧酵素控油洗顏乳120g,淨油光  暢毛孔,2193.0,27
7608245,SOMEBYMI安瓶面膜3入-紅鑽石光澤保濕,石榴萃取活力肌膚、珍珠亮白、玫瑰果精油潤澤,2193.0,17
7064651,萊雅專業男仕勁炭控油潔面乳 150ml-2022版,炭吸力升級！成分升級！,2193.0,17
7507224,KA’FEN 凱樂沙龍專業洗髮精2000ml 玫瑰保濕,帶走頭皮殘留髒汙與多餘油脂,2193.0,7
7258339,李施德霖牙齦護理漱口水750ml,保護牙齦健康,2190.0,10
7838585,英國TFESC植物精油香皂190g-冬日花,由純植物油製成，富含乳木果油,2189.0,11
7266546,西班牙西妍院保濕身體乳500ml-浪漫玫瑰,啟動肌膚鎖水自然力,2189.0,11
7105846,多芬日本植萃沐浴乳500g-白茉莉絲柔細緻,日本製造,2189.0,11
7442017,康乃馨兒童醫療口罩耳帶50片盒裝(粉黃),符合國家標準CNS14774 及CNS14775，BFE細菌過濾效率達99%,2189.0,11
8024218,水舞成人醫療平面口罩10入-初戀之舞,1.符合台灣CNS14774口罩品質規範,2189.0,11
7567489,瑪榭抗菌貼身平口褲,奈米銅離子抗菌纖維，抗菌無死角,2189.0,11
7436755,ELEBLO靜電手環_黑L,乾冷季節容易產生靜電，在觸摸東西有時會感覺稍微被電到，,2189.0,11
7643053,Celepiderme 提拉緊緻面膜-多款任選,嚴選天然海藻纖維面膜紙，含海帶、石花菜、鹿尾菜等天然萃取物，遇水產生自然黏性，緊密服貼於肌膚，零異物感,2187.0,9
7098416,待刪除-UCC 隨身包咖啡20g-多款任選,,2185.0,23
7087893,KAFEN還原酸系列保濕洗髮精(藍)250ml,讓毛燥髮質補充水分 使髮絲柔順動人,2185.0,23
7357819,Sinbi植萃亮白漱口水500ml-菸茶垢去除,"\"\"\"咖啡、茶、菸與酒精喜愛者救星！",2185.0,5
7362291,獅王兒童牙膏45g-草莓,"\"活性氟化物＋木糖醇 \"\"\"\"，雙重成分加乘功效，幫助強健牙齒與預防蛀牙，幫助強化口腔健康。",2184.0,78
7098436,PALDO八道香辣芝麻濃湯拉麵115g*4入,PALDO強調這產品才是真正,2184.0,14
7427419,P&G_Bold新3衣物柔軟3D洗衣膠球清新17P本,4902430166058,2180.0,20
7279642,蕾妮亞輕潔抑菌薄型衛生棉14片2入25cm,輕薄瞬吸99%抑菌  瞬效淨味抑菌二合一,2180.0,20
8248580,【廠商直送】Kamera-智能製冷加熱恆溫杯-復古綠,一鍵切換，快速降溫，低至9℃，高至45℃保溫。,2180.0,2
7833006,Modamoda黑色洗髮精300ml,8809831080005,2180.0,2
7523392,Balea維他命C淨白保濕精華素膠囊7入_橘,4058172329647,2178.0,22
7061728,毛寶除霉防蹣PM2.5洗衣精2.2KG,V型潔淨因子：V型奈米洗淨技術，不同於一般洗衣精的平面角度清潔，可360度零死角深入纖維，連PM2.5微米髒污都可深層洗淨。,2178.0,22
7331717,呂 滋養韌髮洗髮精_油性頭皮適用 100ml,呂 滋養韌髮有效強化髮密度9Ex,2178.0,22
8237005,日藥本舖元普4D醫療口罩10入白U虎,,2178.0,22
7134977,Udilife優選 衣物洗護袋實用派組2入,細網目：水對流性小、與衣物摩擦力較小,2178.0,22
7069318,康乃馨清涼護墊24片2入一般15cm,1. 清涼感,2178.0,22
7179309,自白肌玻尿酸涼感防曬乳液SPF50+ PA+++,獨特CPAQUAR成份添加,2178.0,22
7427446,風倍清織物除菌消臭噴霧_綠茶清香370ml,4902430363938,2178.0,22
7105583,花香5原效洗髮乳1100g-櫻花香(新舊包裝隨機出貨),複方植萃控油因子 – 可調理油脂分泌、去除多餘油脂，潔淨毛孔髒汙，使頭皮呈現健康的清爽感,2178.0,22
7978262,Solone榛果訂製火苗暈染刷/AC08,,2176.0,17
7904009,(已結束合作)莎莉韓森 超玩色快乾指甲油 (多款任選),色彩繽紛活潑,2176.0,17
8175578,【廠商直送】AAA 拱型伸縮四層鐵板吊衣架,嚴選100%台灣製造，品質保證,2176.0,2
7528420,*招福平安送禮好提袋【加購品】,,2175.0,87
7390497,樂品晶鑽保養品收納防塵箱(雙開式),超質感透明收納，收納物一目了然,2174.0,11
7256258,J-Lin UP20%增長自然隱形160枚,向那些容易漏餡的雙眼皮貼說bye，換上J lin雙眼皮貼開啟你的桃花眼,2172.0,18
7656902,Biore魔法泡泡卸粧慕絲210ml,360萬顆微米泡泡自發性卸粧技術,2163.0,7
7064422,曼秀雷敦Magic Color粉漾變色潤唇膏2g-玫瑰,塗上雙唇後，會隨著個人嘴唇濕度的不同而變換深淺不同的粉紅色,2160.0,16
8083108,Relove私密弱酸清潔濕巾組-微涼玫瑰,專利紅柿萃取瓦解私密異味,2160.0,15
7436060,匠心醫用級3D兒童S口罩50入藍,4719872072270,2160.0,9
7403818,BFREE角鯊烷敏弱性肌膚卸妝凝露100g,4549339123852,2160.0,6
7403870,BFREE角鯊烷敏弱性肌膚VC精華液10mL,4549339123890,2160.0,6
7376918,百洛專業護膚油60ml(新舊包裝隨機出貨),"將百洛護膚油以輕柔按摩的方式塗抹在容易產生細紋的皮膚上,用指尖順著圓圈按摩直到完全吸收",2160.0,6
8616305,EDGEU凝膠美甲貼-設計款714 BOTANIC GALLERY,閃亮的法式金線條,2160.0,4
8615861,EDGEU凝膠美甲貼-設計款314 COTTAGECORE,含羞盛開的花卉藝術,2160.0,4
7734357,【廠商直送】月亮褲-Hello Kitty日用中腰-海洋藍,*量少可直接取代衛生棉，量多可搭配其他生理用品使用,2160.0,2
7734356,【廠商直送】月亮褲-Hello Kitty日用中腰-緞帶粉,*量少可直接取代衛生棉，量多可搭配其他生理用品使用,2160.0,2
7054601,Avene 雅漾全效極護輕透防曬液SPF50+50ml,質地輕透速乾，不黏膩,2160.0,2
7433092,Relove_淨柔白桃_私密美白賦活晶球凝露,4712933171882,2160.0,2
8209039,【廠商直送】KINYO-多功能變速調理棒四件組,一機多用，附多種配件，輕鬆一按快速更換，用途更多元。,2160.0,2
7224767,薇佳小紅急救修復精華液15ml,"植萃舒緩配方,強力修護肌膚",2160.0,2
8185689,三多鋅美妍Plus粉末食品7.5g*28包,膠原蛋白與賽洛美 會隨時間流逝而需加強補充，二者同時補充可養顏美容、青春美麗。,2157.0,3
7098441,御膳炸醬麵200g*4入,經典特調炸醬風味,2156.0,11
7234826,OXO-POP長方按壓保鮮盒-1.6L,專利設計單手按壓即可打開及關閉，適用收納咖啡豆、餅乾、蔾麥等乾貨收納。組件皆可拆卸清洗，可堆疊方便收納。,2156.0,4
7376684,Relove私密衣物手洗精220ml-光韻,"天然植萃配方,低敏不傷手及私密衣物,輕鬆洗淨無負擔",2154.0,6
7624821,舒適 舒芙仕女除毛刀片3入裝-清爽檸檬,,2154.0,6
8237105,雪印DHA魚油膠囊90粒,,2154.0,3
7105866,多芬植萃櫻花柔順保濕護髮乳470ml,秀髮散發夢幻櫻花香調,2152.0,8
7948217,寶可夢進化伊布娃娃-20CM-多款任選,表布-100%聚酯纖維,2152.0,8
7053342,自白肌美白熊果素激光精華乳200ml,段式美白科技 X 精準打擊黑色素,2152.0,8
7098879,莉婕泡沫染髮劑108ml-薄荷亞麻灰色(新舊包裝隨機出貨),1. 配方新升級，深色髮也能輕鬆上色，打造出沙龍級柔和透亮髮色。,2152.0,8
7098884,莉婕泡沫染髮劑108ml-冰沙亞麻灰色(新舊包裝隨機出貨),1. 配方新升級，深色髮也能輕鬆上色，打造出沙龍級柔和透亮髮色。,2152.0,8
7559963,淨 日本專業養護洗髮露350g-強韌健髮,毛髪科学と皮膚科学の融合,2152.0,8
7523179,P&G_Ariel微香潔淨4D洗衣膠球31P補,4987176062345,2151.0,9
7122292,GATSBY無敵顯色極限白金漂色劑,1.GATSBY系列產品中脫色效果NO.1,2151.0,9
7329927,上山採藥魚池紅玉修護洗髮露600ml,給頭髮溫柔呵護回復水潤柔滑，紅茶萃取全方位修護，令秀髮閃耀健康亮澤。,2148.0,12
7329929,上山採藥文山包種控油洗髮露600ml,富含文山包種茶萃取與咖啡因，補充髮根所需營養並深層洗淨吸附多餘油脂。植萃蓬鬆因子讓洗後秀髮維持蓬鬆乾爽。,2148.0,12
7088433,妮維雅純萃爽身露50ml-2款任選,瑞士有機認證綠茶，實驗證實有效去除異味,2148.0,12
7108315,不鏽鋼衣架42CM10入,不銹鋼材質堅固耐用不易變形,2148.0,12
7404269,歐邁福法式麵包餅乾300g-香蒜奶油,經典法式長棍麵包切片兩次烘烤,2148.0,12
7573749,瑪榭機能足弓五趾襪-多色任選,腳底止滑加工，減少滑動、增加抓地力,2148.0,12
7105575,艾瑪花園摩洛哥堅果新生修護潤髮膜500ml,柔潤染髮後乾枯粗硬髮絲、強健髮根,2148.0,9
7114781,BOTANIST植物性洗髮精460ml滋潤型(新舊包裝隨機出貨),清新優雅的杏子&茉莉花,2145.0,4
7427195,京美_長效支撐X型舒緩護膝,4710578592543,2144.0,1
7325817,勁威衛生套24入-三合一型,衛署醫器輸字第012919號,2142.0,18
7091040,INTEGRATE 星綻光空氣飾底乳薰衣草紫30g-SPF25,宛如素顏般的輕盈感受，空氣感美肌。,2142.0,9
7230563,高絲植淬白潤肌精玻尿酸超淨白化粧水I-清爽,藉由傳明酸、虎耳草淬取液的淨白功效,2142.0,7
7432202,Pharmaact無添加洗髮精600ml,4513574007277,2140.0,18
7091920,米大師小星泡芙4連包-草莓、蘋果,穀物熟化技術，幫助寶寶消化好吸收,2139.0,31
8597651,Mr黑酢力kurozu乳酸菌蒟蒻果凍蘋果口味8入,4710784968071,2139.0,31
7227925,國際1號碳鋅電池2入,台灣銷售冠軍,2136.0,24
7059822,蕾妮亞吸水淨味墊32片防輕漏20cc,NEW!吸收力1.5倍再進化*，帶來極淨乾爽感 (*跟自社商品比較),2136.0,24
7055414,Biore 女性專用妙鼻貼10入(黑),吸附力UP!深入毛孔配方，含親膚性面膜劑，能更深入毛孔內部，深層清除黑頭粉刺。,2131.0,25
7818902,阿葵亞瞬耀護色洗髮精(控油)-600ML,髮色更長持,2130.0,10
7280914,韓國isLeaf香氛順盈護髮油-蘋檸也配100ml,改善各種秀髮受損困擾,2130.0,10
7482669,韓國IM UNNY睫毛滋養精華液4.5g,植物萃取 溫和不刺激,2129.0,6
7111983,Udilife毛絨絨吸水止滑地40*60cm-3色任選,絨毛觸感細密柔軟質地舒適,2128.0,12
7105474,男士美源簡單一按染髮霜-7自然黑(40g+40g),簡單一按，不用攪拌，淡雅香味不刺鼻,2128.0,7
7145682,百利 爐具/鍋具專用海綿菜瓜布6片裝,除垢力強，起泡力佳,2125.0,17
7913928,MKUP左旋C美白淨化去角質慕斯,【左旋C美白淨化去角質慕斯】,2120.0,5
7044851,BCL Saborino晚安面膜-28枚入藍色洋甘菊款,化妝水+乳液+精華+乳霜+面膜，5效合1。,2120.0,4
8245878,【廠商直送】露奇亞玫瑰萃取膠原蛋白粉30入2罐,亮妍配方讓妳素顏自然美,2120.0,1
7489188,韓國IM UNNY羽柔定焦粉餅 13g,輕盈霧感 亮顏服貼,2112.0,5
7084196,頂豐TOPPIK增髮纖維12g黑色,增髮纖維幫你增髮 更增自信,2109.0,3
7423088,川口製果-和歌山蜜柑飴100g,4901380173048,2107.0,43
7076973,珍珍魷魚絲80g,選用深海新鮮魷魚,2106.0,18
7125502,美吾髮植優護髮染髮霜40+40ml-紫羅蘭棕5,"花植菁萃溫和配方,減少頭髮傷害",2105.0,5
7512695,美吾髮卡樂芙泡沫染髮劑50g+50g-藍莓氣泡,染髮、護髮、玩髮一次完成,2102.0,9
7117351,待刪除-泰國MAMA杯麵 60g-酸辣蝦味,酸辣蝦味杯麵-酸中帶辣配上清甜蝦味湯頭並有熱情南洋特有辛香料,2100.0,60
7140120,HELLO BUBBLE泡沫染髮劑-6A煙灰,韓國流行時尚大勢髮色,2100.0,10
7931473,天天成人平面醫療口罩50入白,,2100.0,7
7768839,DAISY DOLL3 合 1 立體眉彩筆 (多款任選),筆芯觸感柔軟，一支在手輕鬆畫出專業級眉毛，眉筆×眉粉×眉刷三合一,2100.0,6
7393870,MARO男士清新 風行控油洗髮精480ml,,2100.0,6
8586083,待刪除-【廠商直送】Tangle Teezer王妃梳 利物浦攜帶梳-鏡面藍,英國專利護髮梳，熱銷全球,2100.0,4
7436655,萬特力護具高透氣型膝部L,4987067478200,2100.0,4
7211561,寵愛之名亮白淨化光之鑰乳液50ml,添加光之鑰淨白程式 Lumiskin協同肌因煥白因子Wonderlight，抑制暗沉，肌膚再現晶亮光采！,2100.0,2
8236990,CITIZEN星辰手臂式血壓計CZ-CHU501,,2100.0,1
8568536,【預購】Diptyque香氛蠟燭190g_薰衣草,9200000000711,2100.0,1
7111231,美吾髮卡樂芙染髮霜-奶茶甜棕 50gm(新舊包裝隨機出貨),顯色度+58%有感超顯色,2099.0,11
7210255,優倍多蔓越莓益生菌2g-30入,效期內保證菌數35億,2097.0,3
7049875,澳佳寶-無腥味濃縮魚油迷你膠囊60顆,"全系列無腥味配方,採用rGT脂肪型態高濃度好吸收",2097.0,3
7160015,freeplus保濕修護化粧水清爽型130ml,"充沛滋潤深入角質層,調理並維持細緻肌理",2097.0,3
7160016,freeplus保濕修護化粧水滋潤型130ml,"充沛滋潤深入角質層,調理並維持細緻肌理",2097.0,3
8175923,【廠商直送】AAA-6分波浪四層架-鉻色-60x30x120cm,每層平均載重約50KG,2097.0,3
7842516,藍牙健康管理體重計DS-6592,智慧藍牙App連結，量身打造健康管理小幫手,2097.0,3
7308322,普麗斯3D牙托式牙齒美白組5-7天專業藍鑽,適用於一般黃牙、淺色牙垢,2097.0,3
8302529,【廠商直送】WONDER旺德-陶瓷電暖器-粉,"PTC發熱體, 安全不耗氧",2097.0,3
7225344,Mdmmd.抑菌衛生棉7片涼感28cm,吸水力升級!經SGS認證夜用型50.62倍吸水力,2096.0,24
7105504,最乾淨毛巾(3入)-款式隨機,材質:100%棉,2095.0,15
7048653,立朵舒私密潔浴露全日清爽250ml,24小時淨味清爽,2095.0,5
7108553,艾惟諾天然燕麥高效舒緩沐浴露354ml,獨特配方富含3重益菌生(益生元)燕麥，能夠溫和清潔同時深層保濕，舒緩乾燥引起的肌膚痕癢，集溫和清潔、鎖水保濕、舒緩肌膚三大好處。沐浴後肌膚全天水潤彈亮。,2094.0,6
7234519,舒芙蕾 蜂巢透氣呼吸內衣,無鋼圈輕盈舒適零壓迫,2094.0,6
8223472,GENKI BEAR夏韻Tritan水壺1000ml-兩色任選,"Tritan材質 美國FDA食品級認證,使用安心",2094.0,6
8172927,多芬結構修護護髮精華230ml青春雙精粹,360超導修護科技: 萬億修護成分360度包覆髮絲，依照不同受損程度精準修護，提高髮絲防禦力!,2094.0,6
7108504,富麗絲泡泡染系列-糖果灰色,8種氨基酸滋潤及藍睡蓮萃取成分,2094.0,6
7818673,舒妃型色家 植萃添加護髮染髮霜-5/7琥珀棕,完美染護‧出色持久‧不乾澀,2094.0,6
7818612,舒妃型色家 植萃添加護髮染髮霜-5/2夜空紫,完美染護‧出色持久‧不乾澀,2094.0,6
7108651,沙宣Lock N Load強力定型噴霧-300ml,易於維持造型一整天,2094.0,6
7818668,舒妃型色家 植萃添加護髮染髮霜-3/0鉑金黑,完美染護‧出色持久‧不乾澀,2094.0,6
7818674,舒妃型色家 植萃添加護髮染髮霜-5/4自然栗,完美染護‧出色持久‧不乾澀,2094.0,6
7665301,韓國IM UNNY臥蠶陰影雙眼皮延長筆 0.6g,0.01mm的柔軟超細纖維筆精細描繪,2093.0,7
7088430,妮維雅純萃卸妝水400ml-天然有機蘆薈,純粹保養 - 卸妝水,2093.0,7
7386113,A.P雨傘-V領雙面磨毛保暖衣,雙面磨毛，柔軟細緻,2093.0,7
7623507,I'M MEME我愛澄露潤唇膜,嫩唇必備！美唇的急救面膜～,2093.0,7
7446421,韓國esfolio海洋精華PH5.5 卸妝水600ml,不需一滴水，輕鬆卸除肌膚髒汙,2093.0,7
7298940,糖鼎經典禮盒360g-桂圓紅棗,頂級純正台灣黑糖，搭配天然真材實料， 定期310項SGS檢驗合格，不含農藥、糖精、微生菌等化學成分，採密封夾鏈外包裝，每顆茶磚均獨立包裝，衛生乾淨，方便隨身攜帶。,2093.0,7
7396881,COLORKEY小金筷立體持久防水眉筆,0.5mm筆芯:纖細如素描線條，眉毛根根分明,2093.0,7
7143566,Plantur21營養與咖啡因頭皮精華露125ml,第一瓶專為年輕長髮女孩設計的頭皮精華露,2093.0,7
7432702,SHILLS很耐曬超清爽美白超能長效防曬凝乳40ml,4713696628835,2093.0,7
8237392,天又二色綜合豆果子14袋裝341.6g,,2093.0,7
7467397,日本BEAUTY FOOT煥膚足膜25ml*2枚入,日本 Beauty Foot 去角質足膜,2093.0,7
7064271,凡士林水感透亮修護潤膚露350ml,含10倍維他命B3，可提高肌膚兩倍兩白,2093.0,7
7261478,Nature Tree抗皺活膚精華液250ml,"平滑柔亮,更顯光澤",2093.0,7
7134316,日本MELLSAVON沐浴露460ml-舒緩花香,夏威夷~悠揚柔和的舒緩花香,2093.0,7
7264202,鄂圖曼Cosmolive香氛噴霧250ml-微風,歐洲優質製造,2093.0,7
7559961,麗仕冰河水輕潤胺基酸護髮乳450g,"添加羅莎峰冰河水與法國火山泥萃取,以綿密的泡泡溫柔潔淨髮絲、頭皮的髒污及多餘油脂,配合神經醯胺,為頭皮及秀髮保濕,做到油水平衡,帶給你洗後清爽潔淨的感受。",2093.0,7
7044649,培恩鈣+鎂鋅銅錳錠150錠,含鎂、鋅、銅、錳，鎖住鈣質不流失,2093.0,7
7064279,旁氏深層淨顏卸妝油175g-N,殘妝剋星，徹底溶解彩妝,2093.0,7
7048732,高絲曬可皙高效防曬隔離凝露100g,充滿潤澤的水狀質地能滋潤肌膚，不黏膩‧不泛白，零負擔的保養肌膚    溫和使用感。,2088.0,6
7082431,美琪樂皂6入,衛部粧製字第 0073778 號,2086.0,14
8248754,溫太醫一條根貼布6入-薑黃,"採用草本植物配方,不易過敏,低不良反應。",2086.0,14
7063591,西雅圖即品約克夏奶茶25g*12入,★頂級茶品完美呈現給您,2086.0,14
7963796,戀愛魔鏡 水感透顏粉底精華 SPF50 (25g),潤澤凝膠質地一抹開，瞬間化為化粧水精華！快速貼合肌膚，遮瑕修飾肌膚煩惱，但粧感卻像素顏般自然。,2086.0,7
8243149,【廠商直送】Hirone-水蒸式蒸煮燒烤盤(含蓋+隔熱夾),以蒸烤方式讓食物360度全面受熱，輕鬆料理出內嫩外脆的最佳口感。,2086.0,1
7337057,輕旅行- 甜心純棉低腰免洗褲,"合身低腰版型,符合人體工學",2085.0,23
7088419,妮維雅男士深極炭抗痘控油潔面泥150g,使用七天後，痘痘明顯減少並淡化痘痘色素,2085.0,15
7088640,Biore淨嫩沐浴乳1000g-抗菌溫和型,[抗菌淨味]含綠茶、茶樹、尤加利菁華及抗菌成分的弱酸性配方，溫和抗菌，私密處也可安心清潔，並洗淨身體惱人異味,2085.0,15
7736395,安多-純萃低腰免洗褲5入,"合身版型,符合人體工學",2085.0,15
7105396,天然無染毛巾(3入)/包,MIT台灣良品  100%自然原棉毛巾，無染無漂，,2085.0,15
8136078,美舒律蒸氣口罩3片裝-純淨無香/蜂蜜檸檬香/薰衣草薄荷香,,2085.0,15
7098839,Biore高彈潤沐浴慕絲補充瓶450ml-優雅,520萬顆細緻微米泡泡 減少肌膚摩擦 洗後保濕不緊繃,2085.0,15
7549742,獅王NONIO終結口氣漱口水600ml-薄荷,來自口臭科學研究所  幫助淨化口氣專業品牌。,2085.0,15
7302815,堤娜蜜 蕾絲無痕褲,氧化鋅褲底抑菌效果達99.9%，彈力無痕褲,2085.0,15
8565233,【廠商直送】巧奇霧灰兒童口罩30入3盒-多色擇一,符合國家醫療器材品質管理系統準則，認證字號QMS5159 號 符合國家檢驗標準CNS 14774.14775,2085.0,5
7684914,I’M MEME 我愛奶霜唇頰水彩迷你組,限定迷你組一組三色一次蒐集：熱賣色004小豆粉、005小豆棕 ＆ 限定色「小豆酒」，一條搞定唇彩X頰彩,2085.0,5
7790168,I’M MEME我愛甜點彩妝小方盒 04小花盒,I'MMEME X 韓國超人氣文創品牌Malling Booth，最萌的bebe熊跟hato兔，打造聯名甜點系列，讓生活增添可愛的色彩！,2085.0,5
7243755,EMO竹炭除濕桶600ml*2入-重覆型,本除濕桶可換劑換桶經濟又環保採進口吸水粒防霉除濕效果佳適用衣櫥置物櫃鞋櫃床頭櫃等多濕氣場所,2079.0,21
8051831,日藥本舖醫用平面口罩25入水漾藍,4713072041234,2079.0,21
8237003,日藥本舖元普4D醫療口罩10入奶茶U虎,,2079.0,21
8509505,舒潔食安級耐用廚紙108張6入-隨意撕 (新舊包裝隨機出貨),魔法速吸洞，快速吸油吸水,2079.0,21
7307405,薇佳極潤1號護脣膏15ml,倍速豐潤、保濕、滋潤唇部,2079.0,21
7427445,風倍清織物除菌消臭噴霧_無香型370ml,4902430520294,2079.0,21
7064650,萊雅8效勁能深層洗面乳 100ml,瓜拿納+維他命C* 深入毛孔清潔,2079.0,21
7117680,碧菲絲特濃妝即淨卸妝棉40張,添加美容精油(角鯊烯)迅速溶解防水型眼妝,2079.0,11
7799654,舒芙蕾-鋅離子V型蕾絲褲,超細32針莫代爾 Micro Modal,2079.0,11
8573224,高露潔Comfort Fit牙刷3入,150+%纖細軟毛*棉花般極柔觸感 : 加量纖柔刷毛完整包覆牙齒，幫助減輕牙齦在刷牙時的壓力。,2079.0,11
7404119,CR馬油秀髮修護霜270g,4936201100828,2079.0,11
7432393,白元HERS舒緩精油保濕入浴錠(16P),4901559225769,2079.0,11
7213503,好自在純肌貼身衛生棉10片2入夜用36cm,3D立體芯比普通棉層更能迅速吸收經血及異味！,2079.0,11
7979905,OMORY日式原木蓋透黑面紙盒,上蓋日系加厚原木,2079.0,11
8243803,SKB 莫蘭迪色鋼珠筆7入-G1203,"流線造型,按鍵型原子筆",2077.0,31
7362271,獅王兒童牙膏45g-葡萄,"\"活性氟化物＋木糖醇 \"\"\"\"，雙重成分加乘功效，幫助強健牙齒與預防蛀牙，幫助強化口腔健康。",2072.0,74
7098830,美吾髮卡樂芙泡沫染髮劑50g+50g-巧克力棕,染髮、護髮、玩髮一次完成,2072.0,8
7611115,妮維雅男士積雪草原力修護潔面乳150ml,"毛孔調理、徹底清潔:胺基酸溫和淨透科技,深入毛孔清潔、徹底洗淨多餘油脂髒污,預防毛孔髒污堆積造成的毛孔粗大等問題；洗後不緊繃、舒服不乾澀",2072.0,8
7076967,小老闆超大海苔超值包54g-多款任選,超級爽脆脆片系列全新登場,2071.0,19
7432141,絲花化妝棉80Px2,4903111256914,2070.0,30
7122293,Lucido-L乾洗髮控油噴霧70g,"1.含粉末配方,快速去油恢復清爽",2070.0,9
7268549,KAFEN還原酸系列保濕洗髮精760ml,增加頭髮柔軟度，又兼具鎖水修護的功能，讓頭髮髮絲柔順、滋潤動人,2070.0,3
8560678,【廠商直送】巧奇莫蘭迪成人口罩10入10包組,夾鏈袋設計!每袋10入同色系~外出攜帶好方便👍,2070.0,3
7278432,麗仕精油香氛沐浴乳補充包650ml-媚惑幽香,凝萃恒香™ 精油,2067.0,23
7060757,威猛先生地板清潔劑2000ml-舒活海洋,清潔芳香、全新升級!,2067.0,13
7111987,雅絨/柔舒護髮浴帽-4色任選,"超柔親膚觸感,舒適,吸水",2067.0,13
7098417,待刪除-UCC即溶咖啡90g-多款任選,,2067.0,13
7105319,舒芙蕾 愛妹妹無縫抗菌碘紗內褲,科技創新 莫代爾+裸氨32針織，彈力親膚，輕薄透氣,2066.0,14
7557560,超萌俏皮動物室內布拖鞋-Q柴/熊貓,萌趣俏皮風格 可愛動物造型,2064.0,16
7349932,旅行內衣收納袋-多色任選,高質感面料,2064.0,16
8156894,雪蕾兒-牛奶冰絲無痕褲-加大,,2064.0,16
7576871,綠貝Tritan極速運動水壺500ml-多色任選,Tritan材質無雙酚A塑化劑,2061.0,9
7105741,樂扣樂扣優質水壺700ML/附掛帶-藍色,瓶身為食品級TRITAN(共聚酯)，不含塑化劑和雙酚A。,2061.0,9
7579716,舒適水次元5天然刮鬍刀-1刀架2刀頭,輕鬆沖洗式構造，直接沖洗，輕鬆帶走刀頭殘留的鬍渣與刮鬍露,2061.0,9
7919594,POYA有機摘星星米餅7g-原味,全素、無麩質、無添加,2058.0,42
7042094,(已結束合作)倫敦芮魅Rimmel 迷霧妝媛控油蜜粉餅,暢銷款礦物霧感控油粉餅,2057.0,11
7242910,LOT100QQ糖200g-綜合水果,馬來西亞銷售第一名的QQ糖,2055.0,25
7062378,彩虹雨點草本沁涼衛生棉6片日用24.5cm,"\"使用的是\"\"專利\"\"食品級鋁箔夾鏈包裝，",2054.0,26
8004436,Persil寶瀅抑菌防螨洗衣凝露2.2L,有效對抗冠狀病毒,2054.0,5
7357699,R.O.C.S.天然精油牙膏60ml-菸茶垢去除,"\"\"\"含高濃度BROMELAIN酵素",2052.0,6
7049828,珂潤Curel潤浸美白保濕乳液110ml,含源頭阻黑Chamomile ET美白成分可抑制黑色素形成防止黑斑、雀斑產生。,2052.0,3
7055354,樂品口袋式化妝棉補充包88枚 (包裝隨機出貨),創新口袋式好拿手設計，保養更順手,2050.0,58
7522448,Solone多用途雙頭彩妝刷,細節處理多用途刷，扁平端可局部加強遮瑕或勾勒唇型；圓頭端可暈染眼妝與小範圍打亮，提升整體妝感細緻度。,2047.0,23
8037585,樂品極淨水維他命濾心頭,樂品極淨水負離子蓮蓬頭＆樂品極淨水維他命蓮蓬頭，頭部專用濾心,2047.0,23
7981494,科技防水透氣保潔墊-平單式雙人,防水、透氣、防髒汙,2045.0,5
7393845,沙威隆經典抗菌皂100g x3入,,2040.0,20
7978341,Solone榛果訂製刀鋒勾勒刷/AC15,,2040.0,15
7088368,妮維雅 止汗爽身乳膏40ml-美白系列,長效止汗、持久乾爽效果,2040.0,12
8487871,凱婷 透亮打光霜 (19g),亮澤感之外賦予通透無瑕透明感，釋放小臉印象,2040.0,6
7709613,AHC複合琥珀酸毛孔緊緻平衡水100ml,[高濃度PHA雙重果酸，溫和代謝老廢角質，疏通毛孔油脂],2040.0,3
7419752,【廠商直送】蕾朵兒Ladoore 慢舞晨曦 蕾絲美背無鋼圈內著(黑),一件內著可單穿也可當內搭背心,2040.0,3
7104149,Unlabel植物高保濕All In One水凝露500ml,植物精華的導入成分快速滲透吸收清爽而高保濕高保水力讓肌膚彈力亮澤,2040.0,3
8192716,【廠商直送】JMO護髮洗髮精236ml-鼠尾草2合1,修護頭皮專用,2040.0,2
7298778,蕾妮亞零觸感特薄衛生棉18片*2入22.5cm,0.1cm超激薄x超能吸,2039.0,11
7403867,BFREE角鯊烷敏弱性肌膚全效水凝霜100g,4549339123869,2038.0,6
7377745,包塑系-陽光加大衣架43cm10入-多色任選,加大衣架不易變形,2037.0,23
7183545,蘇菲極淨肌天然草本抑菌潔翼15片2入29cm,含兒茶素精華 抑菌日台雙認證日本專利!表層持續乾爽潔淨,2037.0,13
8532064,MEXX晨曦冥想女性淡香水40ml,晨曦冥想淡香水系列含有90%以上天然成份且不含動物原料是一款純素香水。,2037.0,3
7049808,舒摩兒私密純白晶凝露104ml,一推爆水瞬間吸收獨特晶凝劑型，清爽卻滋潤水嫩完美肌，保養好輕鬆,2037.0,3
7042136,MEKO 光圈柔焦保養蜜粉,保濕細緻綿密粉體 添加珍珠粉收斂毛孔同時保護肌膚,2034.0,6
7250738,德國DM洗衣槽清潔錠60入,歐洲原裝進口,2034.0,6
7135944,莉婕頂級奶霜泡沫染髮劑-倫敦朝霧亞麻,專為少量白髮設計，時尚髮色也能均勻遮白,2034.0,6
8543130,日本巡禮溫泉粉30g*18包-溫泉鄉,日本知名溫泉泡湯體驗,2034.0,6
7598744,韓國立體毛茸茸圓點中筒襪-多色任選,可愛必備,2033.0,31
7790504,艾絲特乾髮帽-多色任選20x21cm,多款細纖維洗浴用品,2033.0,17
7882469,MEKO城市街角眼影盤 (多款任選),4格萬用色適合在城市中打拼的小資族,2032.0,8
8508116,【廠商直送】永恆系列 100%天絲 杏仁黃 鋪棉兩用被套-雙人,60支高級天絲，絲滑柔順,2031.0,1
8527169,【廠商直送】Ladoore蕾朵兒 赤裸迷情 方鑽蕾絲性感吊襪帶-多色多尺寸任選,L'adoore 赤裸迷情 方鑽蕾絲性感吊襪帶,2030.0,7
7861543,舒芙蕾-大U字美背無縫內衣,．舒適無痕：無鋼圈輕盈舒適零壓迫,2030.0,7
8209698,曼秀雷敦頂級濃潤柔霜潤唇膏-黑糖奶茶,1. 水凝潤澤技術,2028.0,12
8119811,我的心機身體去角質400g-白茶雪松亮白,特調白茶雪松香氛，散發魅力木質香氣,2028.0,12
7063524,思高-玫瑰玻尿酸淨白保濕水500ml,500ml大容量化妝水,2028.0,12
7661037,洗顏專科超微米卸妝蜜n150g,4901872471683,2028.0,12
7423852,舒芙蕾 台灣製恆溫發熱衣,蓄熱保暖 輕盈舒適 輕量柔軟 舒服觸感,2026.0,14
7105006,滿足感原味蘇打餅225g,蘇打餅乾特有的酥脆口感,2025.0,27
7055510,日清綜合水果穀物脆500g-宇治抹茶,嚴選多種穀物，經高溫烘焙製成香脆可口脆片,2025.0,9
7091022,專科完美防曬水凝膠升級版80ml,清爽水感凝膠質地 帶給肌膚嫩絲感觸提供日常所需基礎防曬及肌膚保養,2023.0,7
7790161,Mdmmd.柔霧煙管雙頭持色唇膏(4色),◆霧面啞光煙管唇膏 X 保濕Q彈護唇膏,2023.0,7
7164247,氧顏森活法國玫瑰嫩白面膜3入,有機認證玫瑰萃取：來自法國南部Cévennes高山玫瑰，含有豐富維他命、胺基酸、礦物質及微量元素，調理肌膚紋路，能使肌膚保濕，賦予肌膚活力。,2023.0,7
7260883,曼秀雷敦Jelle Soft恬漾潤唇凍膏8g-Q10,頂級呵護精華成分添加，打造豐盈美唇， Q10+Ceramide賽洛美+Maxi-Lip三胜肽,2016.0,15
7042081,Solone大藝術家玩色F06鼻影暈染刷,1. 1.5mm 超極細膠質筆芯，即使精細線條也能輕鬆描繪。,2016.0,12
7961414,【廠商直送-平行輸入】契爾氏Kiehls金盞花植物精華化妝水組,內容物:,2012.0,1
8181996,【廠商直送】美德醫用口罩HEPA機能運動型40入-攀岩灰,3層結構防護，高濾效果,2009.0,7
7434370,BB 100%角鯊潤澤修復精華 15ml,"100%純植角鯊烷,適合台灣氣候的輕盈油保養,肌膚彈潤透亮!",2009.0,5
7122602,風格皮拖-渲色-5款任選,純色渲染皮質紋路-簡單百搭，風格獨特,2008.0,12
7327021,舒潔淨99抗菌濕巾32抽-兒童,兒童低敏配方,2007.0,23
7522451,Solone專屬訂製睫毛梳,最適亞洲人眼型弧度，間距細密齒刷設計輕鬆梳理睫毛、糾結睫毛膏體，展現根根分明明亮雙眸。,2006.0,17
7077246,富田日式無籽梅肉80g,日式工序製造無籽梅肉,2002.0,18
7060291,3M護牙牙間刷L型3+1入,特殊防靜電處理，避免牙齦痠痛,2001.0,29
7088702,逸萱秀速乾空氣感潤髮乳700ml,毛鱗片屏護科技,2000.0,10
7440210,金壕營養多補護明錠50粒,4903361681245,2000.0,8
7064438,曼秀雷敦Acnes抗痘UV潤色隔離乳SPF50,"含Isopropyl Methylphenol能深入毛孔底部抗菌, 有效抗痘",2000.0,8
7341937,CNP蜂膠能量彈潤噴霧100ml,添加珍貴蜂膠萃取,2000.0,6
7109354,婦潔私密沐浴露生理舒淨 220ml,"弱酸 pH3.5長效弱酸配方,專為陰部細緻肌膚設計的沐浴露",2000.0,5
7523252,熹樂艾髮淨藥用洗髮液,4712244920452,2000.0,5
8236997,諾得頂級紅麴膠囊30粒,,2000.0,4
7098697,霓淨思玻尿酸保濕面膜4入,獨家40ml高濃度保濕精華， 瞬效達成滿水位,2000.0,4
7440214,野口研究DHA魚油膠囊60粒,4903361680743,2000.0,2
7480186,野口研究勇固力軟骨精華錠135粒,4903361680729,2000.0,2
7440146,全日營養優和DHA魚油軟膠囊,4960867006743,2000.0,1
7970712,【廠商直送】【箱購】RICO baby抗菌濕紙巾20抽*30入/箱,通過5種殺菌能力測試,1999.0,1
7056039,正福堂香港桃酥325g,經典傳統美食餅乾,1998.0,22
7990075,艾諾琪 六合太平化妝刷13件套組,雪狐色仿生漸層刷毛，細緻柔軟超親膚，輕鬆取粉、暈染效果極佳，簡單擁有無暇美妝！,1998.0,2
8504078,樂扣樂扣玫瑰金不沾炒鍋28CM,瑞士ILAG三層強化不沾塗層，不沾效果有目共睹,1998.0,2
8087338,膳魔師不鏽鋼真空食物罐470ml-灰色,廣口設計的食物燜燒罐，與不銹鋼保溫杯瓶擁有同樣的高保溫及高保冷效力,1998.0,2
7404152,ECONECO 繪子貓夢幻馬戲團馬克杯(薄荷綠),4573220000069,1996.0,4
7233306,【E‧Heart】.防駝美背美胸衣(心機黑),24小時美胸美背不間斷!,1996.0,4
8497032,KAMOSU溫泉豆乳去角質凝膠200g,4976551015359,1996.0,4
7563864,韓國IM UNNY情緒眼影盤 5.5g,絕美配色 立體出彩,1996.0,4
7233181,【E‧Heart】機能型美胸衣(24H吸濕排汗-細肩帶白),新款三排雙鈎背扣式設計，可依照身型調整鬆緊度，,1996.0,4
7436811,利捷維有酵維生素B群_鋅錠60錠,完整8種維生素B群 維生素D調整體質,1996.0,4
7311928,百洛身體乳液175ml,「Bio-Oil®百洛®身體乳液」是日常肌膚保濕最理想的選擇。 Bio-Oil®獨創,1996.0,4
8168615,【廠商直送】Pingo Qmini口袋黃金梳-多色任選,—商品特色,1996.0,4
8608326,【廠商直送】KINYO智慧感應垃圾桶12L,25cm寬口徑，垃圾輕鬆入桶不易落地,1996.0,4
8272699,【廠商直送】UDR專利SOD蔓越莓益生菌EX30入,高活性蔓越莓SOD-Like28萬添加,1996.0,4
8051158,Quality1st敏感修護面膜32枚盒裝,4560401461221,1996.0,4
8069899,舒特膚溫和潔膚乳250ml,乾擦、濕洗、卸淡妝,1996.0,4
7807633,KLORANE 蔻蘿蘭養髮強韌護髮素200ml,頭皮與髮絲兩用，與養髮洗髮精搭配使用可加強養髪效果。,1996.0,4
8508406,舊的待刪除品【廠商直送】Ladoore蕾朵兒 台灣製 三秒發熱 高領速暖衣,L'adoore 獨家 台灣製 三秒發熱高領速暖衣,1996.0,4
8134822,SK-II青春露30ml,,1996.0,4
8565214,CR高綿密特捻紗毛巾-多色任選,觸感柔軟，不易掉毛屑,1995.0,15
7063469,OLAY長效保濕凝露50g,"聚水因子, 能助肌膚補水及鎖水",1995.0,5
7363996,Cocoegg卵殼膜保濕化妝水500ml,4573206417218,1995.0,5
7307864,ONE控油蓬鬆洗髮精480ml,ONE尋訪世界各地原萃，以美麗的秀髮來自健康的頭皮為概念，萃取自然控油因子，長效控油，使髮絲輕盈蓬鬆，洗後不乾澀，搭配涼感舒緩因子，使頭皮清爽無負擔。,1995.0,5
7048680,SEXYLOOK速效草莓粉刺淨空組,溫熱開啟 軟化鬆動,1995.0,5
7432562,三和通商 和柑頭皮養護噴霧120ml,4543268064439,1995.0,5
7827355,【廠商直送】Ronever 矽膠拍拍燈-多款任選(三角龍、小萌犬、小兔子、小鹿),記憶軟Q矽膠 觸感柔軟舒適,1995.0,5
7492326,德之寶金盞花萃取物(含葉黃素)複方軟膠囊30粒,德之寶金盞花萃取物(含葉黃素)複方軟膠囊，將主原料15毫克葉黃素加1000微克玉米黃質再搭配山桑子(歐洲藍莓)提取物，並添加維生素A、C、E、B6、B12、葉酸、銅、鋅多種有效成分，同時提供全方位營養補給，多元複方設計的優勢，成為你護明好幫手！,1995.0,5
7698003,CINQUAIN思珂 魔幻光透BB隔離防曬SPF30★★,懶人必備-1鍵完「遮」,1995.0,5
7059993,施巴5.5潤膚乳液200ml,24HR水潤保濕，pH5.5修護敏弱肌,1995.0,5
7054586,Avene 雅漾活泉水50ml 二入特惠組,有效舒緩肌膚敏弱不適,1995.0,5
7128536,我的心機NEO蘆薈黑頭粉刺拔膜三步驟,選用蘆薈精粹、IPMP抗菌成分，斷開粉刺、黑頭紛擾，完美演繹無瑕裸光肌。,1995.0,5
7951936,【廠商直送】448針立體加大透膚褲襪6雙入M-XXL 2色任選,448針一體成型，腰圍、臀圍、腿圍，3點同步立體放大。,1995.0,5
8608322,【廠商直送】KINYO迷你無線電擊捕蚊燈-兩色任選,360度大範圍電擊網，無死角捕殺蚊蟲不漏抓。,1995.0,5
7432837,SOWASOWA純淨香氛護髮素500ml,4589409130076,1995.0,5
8223241,CINQUAIN思珂 全能極淨玫瑰潔顏乳-粉刺吸塵器,洗完白三階！,1995.0,5
7308321,普麗斯潔白牙貼7天-草本深層,獨特水凝膠專利,1995.0,5
7623945,舒適 舒綺極Salon+仕女除毛刀 敏感肌用,,1995.0,5
7703159,艾肯米萃益菌嫩白洗面乳120g,低敏配方:以胺基酸介面活性劑基底，不含皂鹼，洗後不緊繃乾澀,1992.0,8
7108521,Gliss頭皮平衡修洗髮乳250ml,"德國研發x專業修護, 革新微生態科技",1992.0,8
7088662,莉婕頂級涵養髮膜染髮霜-6深棕色,遮白x輕齡 非白時尚 輕齡有感,1992.0,8
7097810,型色家植萃添加染髮補色露200ml-灰色系,校正髮色 輕鬆上色 持久補色,1992.0,8
8118658,L'EGERE 97洋甘菊舒緩修復精華露500ml,敏感肌、乾燥肌必備,1992.0,8
7137582,INTEGRATE 三度漸層眼影 X Hello Kitty 聯名限定組,超可愛的Hello Kitty限量版,1992.0,6
7041983,KissMe花漾美姬新翹力濃密防水睫毛膏6g,1. 超迫力濃密UP↑延伸進化配方，新式濃密粉末搭配強化版根根分明粒子。,1992.0,6
7060372,dejavu震撼耀眼濃密睫毛膏,dejavu「刷出假睫毛」系列濃密型，能輕鬆刷出宛如假睫毛般厚實濃密的豐盈美睫。,1992.0,6
7099523,我的心機深層清潔黑凍膜150ml,粉刺浮出暢通毛孔讓肌膚黑裡透白,1990.0,10
7662878,美麗佳人醫療成人立體口罩10入-多款任選,0,1990.0,10
7250159,俏皮動物童拖鞋-多款任選,淘氣可愛動物大頭造型鞋面設計,1990.0,10
7160542,Nicka.K微醺九宮格眼影盤,融合晶礦質地與絲絨霧光結合，畫上有如楓葉轉紅一般的「暖楓橘」眼影,1990.0,10
8243729,水舞成人醫療平面口罩10入-太空Meow,跟著萌Meow去旅行~,1990.0,10
7108439,依必朗抗菌沐浴露保濕洋甘菊1000ml,喚醒肌膚的健康與活力讓您輕鬆擁有細緻的肌膚給您全天的健康呵護。,1990.0,10
7349928,旅行衣物收納袋大-多色任選,高質感面料,1990.0,10
8261951,迪士尼兒童3D立體口罩10入-冰雪奇緣(兩色任選),柔軟不織布材質,1990.0,10
7088703,Biore高彈潤沐浴慕絲540ml-自然草本香,520萬顆細緻微米泡泡 減少肌膚摩擦 洗後保濕不緊繃,1990.0,10
7611111,妮維雅純萃植感體香噴霧125ml-天然綠茶,24H抑味爽身、2倍使用次數、100%純素配方、95%天然成分、0添加鋁鹽、色素、PARABEN防腐劑,1990.0,10
8052937,NO-石墨烯平口褲,吸汗速乾 機能吸濕排汗 平口褲,1990.0,10
8544787,【即期品】倫敦芮魅Rimmel 多功能隨身彩妝盤-006 (效期:2023/08/31),一盤概括柔光亮澤、霧感色款,1990.0,10
7237231,依洛嘉磁石撫紋精華眼膜5入裝-黑,添加添加秋葵植物多醣、魚鱗膠原蛋白,1990.0,10
7041934,Catrice 花綻瞬間打亮餅5.9g,波光粼粼的光澤使人目不轉睛，不顯顆粒感,1990.0,10
8495627,CB女刺繡麂皮觸控防風手套-多色任選,CB嚴選經典鹿身刺繡工藝,1990.0,10
7108673,潘婷絲質順滑潤髮精華素700ml(新舊包裝轉換中 隨機出貨),"微小綿密泡沫,深入清潔,帶走雜質。",1990.0,10
7108505,富麗絲染髮系列太妃糖奶茶40g+80ml+15g,8種氨基酸滋潤及藍睡蓮萃取成分,1990.0,10
7129431,成功防滑塑身啞鈴2kg,防滑、居家健身使用 協助全身肌群訓練,1990.0,10
7464705,All Clean 兒童環保無毒室內拖-多色任選,超級輕量+止滑效果+完美人體工學。,1989.0,11
7326840,舒芙蕾 日式輕柔植物棉內褲,科技創新： 天然植物棉織製，輕薄柔軟，透氣排汗,1988.0,12
7090939,THERAPIND魔唇唇部按摩精油7g,魔力撫平脫皮，去除老舊角質，回復雙唇光滑柔嫩的好唇采,1986.0,15
7805554,好自在熊抱安睡棉-量多夜用(10片36cm),超吸透氣，升級防漏超安睡,1983.0,24
7096726,極淨適75%酒精高防護淨化噴霧100ml,店內碼:2100010128768 ,1980.0,20
8237393,日清拉王辣豚骨味非油炸速食麵5入,,1980.0,12
8223923,FLORTTE 花洛莉亞 水果沙拉彩色防水眼線液筆 (兩色可選),纖細筆尖 細緻好勾勒 彈韌刷毛好上手,1980.0,10
7816903,匠心醫用級成人平面口罩50入香檳葡萄,4719872075592,1980.0,9
7271839,三多專利薑黃萃取C+T軟膠囊30粒/盒,"高純度:含95%類薑黃素Curcuminoids+薑黃油Turmerone,以專利技術萃取得高純度複合薑黃素成分,並保留天然薑黃油Turmerone—是一般市售薑黃沒有的珍貴成分,與薑黃素有健康功效的協同作用",1980.0,4
7440284,日本味王金盞花葉黃素晶亮膠囊30粒,4713170670633,1980.0,3
7341933,CNP蜂膠能量彈潤安瓶15ml,添加珍貴蜂膠萃取,1980.0,2
7971400,CNP膠原玻尿酸彈力密度化妝水150ml,CNP嚴選玻尿酸、膠原蛋白與腺苷的水乳狀質地化妝水，,1980.0,2
8076983,【廠商直送】  YFLife 圓方AIR3 奈米光觸媒空氣清淨機-兩色任選,奈米光觸媒與UV LED結合技術,1980.0,1
7693094,黃金胜肽賦活精華【鄭亦真推薦】,｜黃金胜肽賦活精華｜,1980.0,1
7934874,【廠商直送】JWAY 無線清淨機吸塵器JY-SV03C-星空灰,"●首創清淨機+手持無線吸塵器，清淨,吸塵一機搞定.",1980.0,1
8076886,【廠商直送】DigiMax M202 隨身用品紫外線殺菌乾燥機,Mimitakara隨身用品紫外線殺菌乾燥機-M202(口罩、藍芽耳機、鑰匙、耳環、隨身小物可用),1980.0,1
8542754,日本小林排水管除臭洗淨丸12入-多款任選,日本原裝進口,1977.0,13
8058423,I’M MEME 我愛持久抗暈眼線膠筆 (多款任選),2mm極細絲滑筆觸，搭配濃色科技超飽和顯色度。,1976.0,8
7665278,艾諾琪-布朗尼眼刷10件套組,眼妝控必收！十種刷型，絕無廢刷！適合各種眼型，任何眉眉角角都能輕鬆搞定，眼妝精緻再升級！,1976.0,2
7146244,樹頂100%純蘋果汁晶鑽包1L,新鮮天然如同現榨果汁,1975.0,25
7137948,Ora2me微觸感牙刷-軟毛(隨機出貨不挑色),微觸感系列的刷毛更柔軟更細緻，不論對牙齒或是牙齦都能有溫柔的使用感。,1975.0,25
7298757,蕾妮亞淨妍護墊40片2入浪漫玫瑰微香,"◎0°透氣系統,每一吋都透氣呵護,彷彿是乾爽的第二層肌膚,感覺不到存在。",1974.0,21
7432344,沙龍級白髮用快速染髮霜6黑褐棕100g,4904651181568,1974.0,6
7088416,妮維雅清爽防曬隔離乳50ml-敏感肌SPF50,敏感肌適用，無色素、無PARABEN 防腐劑，通過眼周、肌膚相容性測試,1974.0,6
7559930,爵戀 RELAX極尚花蜜洗髮露500ml-柔潤,放鬆舒緩的蜂蜜花香調,1974.0,6
8207575,SOFINA iP毛孔極淨黑凝膠30g,粉刺崩解洗淨技術,1972.0,4
7595557,絲蘊淨透清潤洗髮露420ml-日本藍藻,萃取天然日本藍藻成分，溫和洗淨頭皮油脂與汙垢，舒緩淨化頭皮，滲透修護髮芯，賦予秀髮輕盈水感保濕,1971.0,9
7931516,美麗佳人醫療成人4D立體口罩10入雪峰白,,1971.0,9
7401136,裏起毛加大保暖褲襪-黑,伸縮性良好不束縛,1969.0,11
7230500,高絲涵萃潤肌精蜜桃溫感去角質凝膠,循環力UP：可柔軟變硬的角質，以溫感作用提升肌膚循環,1969.0,11
7523175,P&G_Ariel室內晾衣用4D洗衣膠球22P補,4987176062178,1969.0,11
7499740,日清拉王非油炸速食麵5入-醬油,"醇厚香濃的醬油味湯底,配上口感滑溜Q彈的麵條,呈現東京醬油拉麵的特色",1969.0,11
8515350,【廠商直送】OT SHOP仿羊絨皮革標漁夫帽-多色任選,顯臉小遮臉,1968.0,6
7271359,小林鮮奶薄餅265g-台農鮮奶,添加特濃鮮奶與天然的小麥香,1962.0,18
7069364,靠得住指入式衛生棉條16入量多型,歐洲進口,1962.0,18
8005450,樂品極細滑牙線棒45支 *4包,使用超韌線材不斷裂,1960.0,14
7356940,GlossyBlossom美甲不鏽鋼斜口剪,沿著指緣修剪即可,1960.0,7
7301764,新歡水溶性潤滑液90g-超潤滑,專為男.女性朋友研發的超滑潤滑液.,1960.0,7
8573740,優雅食吉祥如意分享箱780g,,1960.0,6
7936939,【廠商直送】Hangten 極度排汗平口褲2入組,鬆緊腰圍，穿著舒適,1960.0,4
7055737,碧歐斯BIO水感舒緩無油卸妝水400ml,添加淨化防禦配方與Micelle分子，能有效卸除殘留毛孔內的空氣髒污，並輕鬆卸除全臉彩妝及深層油脂污垢。,1960.0,4
8161090,【廠商直送】瑟路菲韓方香氛護髮油100ml度假萊姆香,頂級香水調製，發香度佳,1960.0,4
8555920,【廠商直送】Ladoore蕾朵兒 迷幻莉莉安 完美集中性感成套內衣,【獨家訂製】L'adoore 迷幻莉莉安 完美集中性感成套內衣,1960.0,2
7098709,Mdmmd.Upra活力氧水面膜 30片,淨化調理肌膚、促進肌膚新陳代謝，滋潤肌膚,1960.0,2
7386525,Mdmmd.AG胜太蝸牛眼膠40ml,"添加Regu-Age還童素,有感改善眼周問題",1960.0,2
7114754,KOZI角鯊烯修護活化精露120ml,無添加酒精、香精等刺激性添加物,1960.0,2
8568484,【預購】克蘭詩紅魔超S勻體精華400ml,9200000000687,1960.0,1
7426429,蘇菲極淨肌天然原生棉超薄日用23cm12片,4710054157310,1959.0,50
7733124,妮維雅5效淨痘潔顏乳90ml,5效淨痘  淨膚無瑕,1959.0,21
7587573,DV枸杞葉黃素飲EX 2包-玻尿酸版,日本專利玻尿酸-高濃度95%,1958.0,22
7088753,莉婕絲逸歡造型泡沫150ml,無論髮型長短直捲，打造屬於你的型,1958.0,22
7373094,驅塵氏雙軌密封夾鏈袋29入-中19x20.5cm,"\"\"\"可重複使用：符合中華民國食品器具容器包裝衛生標準，可重複使用又環保",1957.0,33
7931736,LOREAL三合一卸妝潔顏水_保濕400ml,,1956.0,4
7619263,DARLIE漱口水隨身包10ml*14入-清新綠茶,"\"\"\"隨身包方便攜帶，隨時可漱",1955.0,17
8581944,EDGEU凝膠美甲貼素色款-110 ASH PINK,像曬乾的花瓣一樣 不誇張也不黯沉,1955.0,5
7069358,靠得住茶樹舒涼護墊26片14.5cm,"美國天然茶樹精油, 幫助舒緩生理期不適",1953.0,21
7160862,待刪除-李施德霖漱口水500ml-蘆薈植萃,配合正確刷牙習慣，能幫助去除牙菌斑，預防牙齦問題。特有精油配方，不含酒精，口感温和，天天使用清新好口氣。,1953.0,7
7557505,古寶無患子純露洗髮精480g-西西里檸檬,"無患子潔淨配方,溫和洗淨不易刺激",1953.0,7
7440216,野口研究Q10乳鐵蛋白30粒,4903361680828,1952.0,4
7083812,ES甜蜜愛戀奢華香水潤髮乳600ml,獨家的九道香合工法,1951.0,9
7048780,角落小夥伴雪餅米果118g,1.使用目前最受歡迎的卡通肖像角落小夥伴做設計，深受大小朋友喜愛。,1950.0,30
7298767,蕾妮亞極吸好眠衛生棉護邊夜用8片40cm,極吸倍x極貼身形,1950.0,25
8179036,靠得住草本抑菌衛生棉12片26cm,獨家海洋精華抑菌99%,1950.0,25
7252888,舒芙蕾 沁涼無痕細肩背心,專利8字型連體罩杯：下厚上薄，按摩顆粒杯膜設計，美胸更集中，穩定不位移，罩杯可拆式，清洗更方便,1950.0,5
7915367,我的心機6%非洲生命樹保濕水光精華30ml,Hydra PRO  史上最強保濕,1950.0,5
7453339,Dr.HUNAG保濕面膜10入,快速改善皮膚乾燥缺水的問題,1950.0,5
8132015,DAISY DOLL水潤染唇蜜,質地濃密卻有水潤光澤又不黏膩；由內到外的打造豐潤唇。,1950.0,5
7049819,TS6護一生蜜桃煥白凝膠45g,●階段性美白機制，美白效果更加明顯,1950.0,3
7937267,【廠商直送】Hangten 彈力三角褲6入組,柔滑舒適觸感,1950.0,3
8051267,去味大師抗菌浴廁消臭劑_淨柔花香7ml,4710731041123,1948.0,20
7982835,KLORANE 蔻蘿蘭速效舒敏洗髮精400ml,芍藥萃取，能夠快速舒緩頭皮乾癢不適，並維持全日長效舒適，提升頭皮防護力，pH值弱酸性，呵護敏弱頭皮。優雅花香調，感受舒緩放鬆；溫和潔淨因子，泡沫細緻綿密，不易刺激。,1947.0,3
8089473,威剛 P20000QCD 快充PD 行動電源 20000mAh,,1947.0,3
7341065,待刪除-糖鼎玫瑰四物30g*7入,"頂級純正台灣黑糖,搭配天然真材實料",1946.0,14
7225162,貓咪女童三角褲3枚組,舒適，透氣,1946.0,14
7336290,堤娜蜜-素面無痕三角褲,氧化鋅褲底抑菌效果達99.9%彈力無痕褲,1946.0,14
7063590,西雅圖極品咖啡21g*15入-藍山風味拿鐵,精選最優質哥倫比亞咖啡,1945.0,9
7703200,OMORY奈米絨珪藻土地墊-菱格灰,珪藻泥重量輕，可摺疊 捲起好收納,1945.0,5
8512330,KOZI潔淨釋放洗卸凝膠150ml,高效網狀結構深層清潔髒污與淡妝，溫和代謝老廢角質、潔淨毛孔，高效保濕洗後不緊繃、肌膚水潤柔嫩,1944.0,2
7063588,No Brand切達起司風味球370g,韓國Nobrand火紅商品,1940.0,5
7307866,美琪抗菌香皂100g3入-白麝香,白麝香沉穩迷人,1938.0,24
7446432,韓國isLeaf玫瑰水感保濕身體乳400ml,"含有玫瑰提取物助於肌膚保濕力,",1938.0,12
7138497,MKUP狠持久定妝噴霧100ml,停在最美的時刻，一噴定住妝！,1938.0,6
7255206,花仙子去味大師竹木香補充90ml-多款任選,持續芳香6-12週，持續散發怡人香氛,1937.0,13
8254702,花仙子去味大師竹木香80ml-蜜香貴妃,添加專利植物消臭因子,1937.0,13
7088428,妮維雅純萃潔顏露140ml-天然有機蘆薈,純粹保養潔顏露,1937.0,13
7555789,A.P雨傘彩傘印花平織平口褲,100%純棉黃金比例布料,1936.0,11
8205845,好時曲奇夾餡49%牛奶巧克力40g-鹽焦糖,介於苦味黑巧克力和甜味牛奶巧克力之間的新選擇!將美味香濃49%巧克力和鹽味焦糖曲奇餅乾碎粒美妙結合，嚼出香脆又濃郁的好滋味！,1935.0,43
7108557,嬌生嬰兒甜夢沐浴露750ml,JOHNSON'S甜夢沐浴露採用NaturalCalmTM舒緩香氛。經科學實證，NaturalCalmTM有助於沐浴後放鬆身心。,1935.0,15
7105324,舒芙蕾 沁涼無痕創新隱型貼合內褲,涼感材質  特殊涼爽處理 ， 乾爽自在,1935.0,15
7688837,【廠商直送】Leocrema身體潤膚乳500ml-摩洛哥堅果油,成分中含有天然摩洛哥堅果油精華的高效能潤膚乳,1935.0,5
7590717,角落小夥伴珪藻土地墊-刷刷牙45*34.5cm,1.邊角弧線設計,1935.0,3
7090488,五月花厚棒袖珍包8抽24包,一抽搞定，可沖馬桶,1932.0,14
7122434,皮質室內拖-療癒小熊-3款任選,超療癒MyQBear小熊鞋面,1932.0,14
7959241,沙威隆抗菌保濕沐浴乳850g-蘆薈,安心抗菌  歐盟認可ICP專業抗菌成分,1928.0,12
7053657,刷樂極薄護齦牙刷3支入,<0.01mm雙尖極細軟毛 潔淨護齦,1927.0,13
7372122,卡滋雙色番薯脆片90g,特別選用台灣在地農作黃金番薯及紫心番薯，極致鮮甜酥脆的口感，一片接一片難以抗拒,1925.0,35
7427078,克潮靈集水袋補充包3入_去霉味,4710731052518,1925.0,35
8084165,一匙靈抗菌EX植萃低敏洗衣精瓶裝2.4kg,超越日曬等級 99.9%除菌力,1925.0,11
7752390,白蘭含熊寶貝洗衣精補充1.6kg-森林晨露,含熊寶貝馨香精華，萃取天然植物精油,1922.0,18
8542898,日本小林馬桶除臭凝膠28g-水藍無香,日本原裝進口,1921.0,19
7931837,醫強75%酒精濕紙巾60抽,,1920.0,24
7089075,媚點 自轉式眉筆 (細芯),連眉尾也能輕鬆描繪免削式眉筆,1920.0,15
7978329,Solone榛果訂製精準錐形刷/AC13,,1920.0,15
7435737,曼秀雷敦勁涼舒緩運動噴劑120ml,4719865613985,1920.0,8
7832670,匠心韓版魚型醫療級口罩20入天海藍,4719872076520,1920.0,8
7109333,婦潔私密高效美白凝露100ml,"含美白成分2%傳明酸配方與桑白皮,能抑制黑色素形成及防止色素斑形成,淡化黯沉",1920.0,4
7833039,健康75%消毒酒精溶液4L,4719021001465,1920.0,4
7146248,箱購-樹頂100%純蘋果汁利樂包200ml*24入,新鮮天然如同現榨果汁,1920.0,4
7376919,百洛專業護膚油125ml(新舊包裝隨機出貨),"將百洛護膚油以輕柔按摩的方式塗抹在容易產生細紋的皮膚上,用指尖順著圓圈按摩直到完全吸收",1920.0,3
7268756,Avene 雅漾控油清爽淨膚乳125ml,"深層洗淨臉部不潔物,同時去除老廢角質,添加南瓜素,淨化毛孔",1920.0,2
7561115,【廠商直送】sNug給足呵護-運動船型除臭襪-黑灰-三雙入(多尺寸任選),健康無毒,1920.0,2
7445879,OLAY粉嫩彈潤水凝霜50g,即時水潤,1918.0,2
8118683,【廠商直送】RONEVER專利束線延長線6孔6切6尺,防火材質，耐熱耐高溫，符合CNS國家標準。,1916.0,4
7042093,(已結束合作)倫敦芮魅Rimmel 超完美吻肌保濕粉底液,質地清透好推勻,1915.0,5
7164250,氧顏森活紅石榴多酚凍齡面膜3入,有機認證玫瑰萃取：來自法國南部Cévennes高山玫瑰，含有豐富維他命、胺基酸、礦物質及微量元素，調理肌膚紋路，能使肌膚保濕，賦予肌膚活力。,1914.0,6
8081869,綠貝Tritan輕奢太空壺550ml - 多色任選,輕巧好拿隨時GO,1914.0,6
7620408,Personal Care維他命E護膚油118ml二入組,美國原裝進口，含1500I.U.維他命E的護膚好油,1914.0,6
7432267,伊露恩草本染髮霜5栗色50g+50g,4989834201646,1914.0,6
7559932,爵戀 RELAX極尚花蜜洗髮露500ml-蓬鬆,放鬆舒緩的蜂蜜花香調,1914.0,6
8037535,樂品極淨水維他命蓮蓬頭,304不鏽鋼面板,1913.0,7
7794539,森田藥粧正素顏妝後修護面膜3入,妝後修護只要一片，一敷讓素顏都自帶發光肌,1912.0,8
7073437,Miacare美若康多效隱形眼鏡保養液360ml,"維持視線清晰,配戴舒適,溫和不刺激",1912.0,8
7105883,淨 男士去屑洗髮乳750g-清爽控油型,1.CLEAR淨男士全新配方， 特含维他命B3、氨基酸 和青檸精華+薄荷精華 層層淨透頭皮、清爽髮絲,1912.0,8
7432922,森田藥粧瞬效安瓶潤導修護面膜4入,4718009811874,1912.0,8
7089141,海倫仙度絲去屑洗髮乳750ml-薄荷舒爽(新舊包裝隨機出貨),去屑:配方給你去屑保護,1912.0,8
7403975,Pelican淨味皂85g,4976631478128,1911.0,49
7049820,TS6有益菌6包入,嚴選6株經國際菌種機構認證機能性益生菌。,1911.0,19
7044906,SWISS MISS巧克力粉283g-黑巧克力,濃甜的巧克力風味及細緻口感,1911.0,13
7394833,瓦維爾100%純黑巧克力80g,在經驗豐富的巧克力大師監督下，用最好的原料製作出獨特的產品，真正的味道和香氣誕生了。 請看來自 Wawel 的新產品 – 特優質100%黑可可。標有雨林聯盟認證，此產品不含棕櫚油、人工香料和 E476。,1910.0,17
7340691,芝初8倍細高鈣黑芝麻粉200g,8道研磨8倍細緻,1908.0,12
7661069,茶樹莊園_茶樹抗菌洗手慕斯500g,4710731023105,1908.0,12
7611106,妮維雅止汗爽身噴霧150ml-深層煥白,"全新升級的長效乾爽止汗配方,富含「50倍超高濃度維他命C」與甘草精萃,打擊腋下黑色素",1908.0,12
8115512,待刪除-蘇菲日本原裝超熟睡衛生棉10片3入42cm,股溝貼合瞬吸體,1908.0,4
7391777,MEKO絕世名伶系列睫毛膏,,1905.0,15
7782856,刷樂科研白牙膏120g-牙齦護理,P.e.a.r.l 微米級煥白珍珠粉添加,1904.0,16
7229504,高絲涵萃潤肌精化粧水II-滋潤 195ml,添加發酵玻尿酸G・酵母淬取液緊緊鎖住潤澤,1904.0,8
7648620,Solone專屬訂製4色眼彩盤-多款顏色,,1904.0,7
7913479,GATSBY體用抗菌濕巾超值包30張-多款任選,"擦走汗濕黏膩,預防汗臭",1900.0,10
7105463,CIELO宣若EX染髮霜-4P自然紅棕,簡單一按，不用攪拌，淡雅香味不刺鼻,1900.0,5
7098723,三多金盞花萃取物(含葉黃素)複方軟膠囊100粒,對象族群：讀書族、電腦族、上班族、銀髮族、青少年、成人,1900.0,2
7432263,樹之惠天然樹液足貼-艾草30入,4975729200900,1898.0,3
8600946,Move Free益節薑黃+羅旺精粹迷你錠30錠,國際研究2週有感*，幫助運動防護、表現、代謝,1898.0,2
7393564,澳寶一分鐘焗油225ml-密集營潤瞬滑,適合受損分叉髮質。多重奢華養分凝結成極潤營養膜，由內而外雙重保濕，養分更是直達髮芯，極速修護、無懼損傷，精準修復受損，帶來全新護髮感受。,1897.0,13
7108452,百利爐具/鍋具專用海綿菜瓜布3片,除垢力強，起泡力佳,1895.0,29
7097265,MEN’S Biore男性專用妙鼻貼10片-2款任選,"吸附力UP！深入毛孔新配方, 含親膚性面膜劑，能更深入毛孔內部，深層清除黑頭粉刺。",1895.0,21
7640031,妮維雅全護純萃物理防曬乳50ml,,1895.0,5
7159554,牙周適固齒護齦牙膏80g-亮白,給想同時健康牙齦和美白牙齒的你,1890.0,10
7764058,舒芙蕾-鋅離子撞色無縫褲,鋅升級 • 褲底添加 抗菌鋅離子有效抑制金黃色葡萄球菌 、 白色念珠菌 ， 呵護女性私密肌,1890.0,10
7159510,舒酸定速效修護抗敏牙膏100g,60秒快速抗敏長效舒緩,1890.0,10
7931068,I DEW CARE膜法喵喵吸塵器面膜80ml,膜法喵喵吸塵器面膜：T字部位/局部肌膚所使用的撕除式淨化面膜，油脂髒污、老廢角質、粉刺就一次爽快掃除吧！含藍寶石亮粉、木炭粉、火山泥、辣木籽油等成分，掃除黑頭粉刺、吸附肌膚油脂髒污、老廢角質、淨化毛孔，讓肌膚更細緻光滑！(局部敷於鼻頭可當妙鼻貼使用。),1890.0,3
8239111,【廠商直送】美德醫用口罩HEPA機能運動型40入2盒-極限黑,3層結構防護，高濾效果,1890.0,3
7091867,UCC濾掛式咖啡8g*12入-兩款任選,入口充滿濃郁咖啡香氣,1889.0,11
7482226,日式棉麻長門簾-多款任選,布置美化/防汙/擋煞,1889.0,7
7322906,Pentel飛龍 側壓自動鉛筆,Pentel經典不敗側壓出芯自動鉛筆,1888.0,59
7253703,極淨適抗菌酒精擦濕巾50抽,"\"\"\"適用範圍─用餐前後、物品玩具、居家用品、廚房傢俱、生活環境。",1888.0,32
8036961,Gemini簡約橫緞混紗浴巾-多色任選,甲醛與福馬林通過CNS國家標準,1887.0,3
7260484,J&LIN船形色襪3雙入-多色任選,輕薄百搭,1886.0,34
7253056,妮維雅男士清爽控油洗面乳100g,卡尼丁 + 木蘭精萃+ 白茶精萃,1885.0,21
7278917,高露潔全效牙膏150g-清淨薄荷(新舊包裝隨機出貨),"有效減少牙齒、牙齦、頰面、與舌頭細菌滋生率, 最高可達12小時防菌保護",1885.0,13
7307720,克補+鐵加強錠30錠,"完整8種B群,B2增量2倍",1883.0,7
7188280,霓淨思積雪草B5舒敏卸妝水300ml,高效潔淨，一抹溫和卸除,1883.0,7
7105865,多芬植萃櫻花柔順保濕洗髮露470ml,秀髮散發夢幻櫻花香調,1883.0,7
7307823,克補+鋅加強錠30錠,"完整8種B群,B2增量2倍",1883.0,7
8506880,迎旺納福禮盒-綜合米果糖果,年節經典送禮商品,1883.0,7
8561556,CA-花漾簡約Smiles少女褲4入-顏色隨機(F),,1883.0,7
7093809,麒麟生茶525ml*3入,新KIRIN 生茶來自日本的極簡現代綠茶,1881.0,19
7480177,格安德兒童平面醫用口罩50入橙,4713072040329,1881.0,19
7064649,萊雅炭黑去油微粒洗面乳升級版 100ml-2022版,面對都市裡喧囂及忙碌的生活，汙染、髒污容易堆積在毛孔裡,1881.0,19
7053476,美祿巧克力麥芽飲品198ml*6入-極緻濃,美祿巧克力麥芽牛奶飲品含有雀巢研發之獨特配方Actigen-E,1881.0,19
7246911,曼秀雷敦花園香氛護手霜50g-茉莉,"乳木果油 x 橄欖油 x 葵花籽油, 深層潤澤肌膚, 維持雙手細緻光滑",1881.0,19
7325430,加倍潔小蘇打碗盤液體1000g-重油汙,"\"\"\"IFRA把關-食品級好安心",1881.0,19
8190461,花仙子去味大師抗菌浴廁消臭補充7ml麝香,專利消臭膠囊，淨味消臭60天,1881.0,19
7426263,Soft99眼鏡清洗液超除菌型叢林花語200ml,4975759202059,1881.0,9
7573746,瑪榭運動方形款五趾襪-多色多尺寸任選,新款運動機能襪，腳底矽膠止滑點,1881.0,9
8234347,SUNLIFE森萊富鋅+C+E發泡錠20錠,符合歐盟規範，品質安心有保障！,1881.0,9
7111234,美吾髮卡樂芙染髮霜50gm-藍莓氣泡(新舊包裝隨機出貨),顯色度+58%有感超顯色,1881.0,9
7059985,牛乳石鹼Skinlife 滋卿愛泡洗顏160ml,,1881.0,9
7309432,Tryall全分離乳清蛋白36g-鐵觀音奶茶,"市場最高蛋白質含量 ,每包含有 28g 蛋白質",1880.0,38
7626494,待刪除-水舞醫療成人平面口罩10入-好奇Meow,MIT，雙鋼印,1880.0,10
7054679,Miss Seesaw透妍水凝賽洛美5g-30入,吃的頂級玻尿酸+賽洛美,1880.0,2
7351643,聲寶充電式除毛球機,"\"\"\"USB充電 持久續航",1876.0,4
7319113,I’M MEME我愛冷萃摩卡修容盤,3色修容自然混搭，視覺再瘦4kg!,1876.0,4
7108466,3M超強淨可拋式馬桶刷1柄+2刷頭,浴室專用菜瓜布材質，完美貼合馬桶，徹底清潔,1875.0,15
7372459,待刪除-優雅食三本麵75g-北海道湯咖哩口味,日式北海道著名的料理湯咖哩，帶著野菜的甘甜及燉雞的風味加上濃郁的咖哩，豐富的口感讓您一再的想細細品嘗。,1872.0,52
7817606,靠得住完美封漏後漏終結10片41cm (新舊包裝隨機出貨),CC圈設計 隆起阻隔後漏,1872.0,14
8128875,艾諾琪-大師系列-M523指腹遮瑕刷,坡形設計貼合臉部，可搭配膏、液、霜狀遮瑕產品局部遮蓋瑕疵、斑點，適合遮黑眼圈。,1872.0,12
7098435,PALDO御膳三鮮炸醬麵120g*4包/袋,海鮮味加了魷魚、鮮蝦、孔雀蛤3種,1872.0,12
8237374,BOTANIST植物性夏季沐浴乳_白茶柑橘480ml,,1872.0,6
7121941,明治Lucky棒家庭號120g-雙層巧克力,"濃醇香滑的巧克力醬,搭配巧克力香脆的餅體",1870.0,22
7990356,1028 ARTISAN 疊色眼影刷 E13,適中密度中型眼影刷，柔軟刷毛，疊色或加深眼摺，柔化自然漸層眼妝。,1870.0,11
7790172,INTEGRATE 櫻花潤色護唇美容液 7g,修護粗糙及暗沈的唇色。重現晶瑩粉嫩、櫻花色澤的唇部專用美容液。SPF18・PA++,1870.0,10
7426683,日本獅王固齒佳全效淨護牙膏_柑橘薄荷130g,4903301205685,1869.0,21
7448903,自由淨肌零毛孔酵素洗顏粉15入,濃稠綿密如冰淇淋般質地的泡沬酵素洗顏粉,1865.0,6
7668898,Persil寶瀅3合1洗衣膠囊補充33入-護色,百萬去污因子,1864.0,6
7104951,NATIO全效保濕防曬乳SPF50-100ml,富含豐富的蘆薈萃取、維他命E等保濕成分，多一點舒適水感，減少一般防曬的常見的乾澀與緊繃,1864.0,4
7069362,護得住超乾爽吸水棉墊11片量多28cm,Plenitud護得住 吸水專用 全新上市,1863.0,27
7164135,良澔日式無調味海苔25g,"嚴選大自然海域中的紫菜,",1863.0,27
8020334,韓國襪質感麻花素色中筒襪-多色任選,"韓國製造,大廠出品",1863.0,27
7278922,高露潔旅行組,"高露潔全效牙膏超級配方:雙鋅+精胺酸, 12小時長效抗菌",1863.0,27
7522443,SoloneQQ彈力美妝蛋/斜切型,採用觸感Q彈柔軟的材質設計，使用起來親膚又舒適。,1862.0,38
7255229,D&G素色純棉襪套2雙入-多款任選,超細纖維,1862.0,19
7089064,MEKO 眉來眼去持色眉彩筆(共5色),一筆描繪 持久自然,1862.0,14
8094276,【廠商直送】Style格調-37面寬五層收納櫃-附輪  - 多色任選,可拆式移動滑輪 超貼心,1860.0,2
7105914,威拂魔撢捕充包4片裝3入 粉紅色,吸附灰塵不掉落,1859.0,11
7064572,曼秀雷敦頂級濃潤柔霜潤唇膏3.3g-杏仁,水凝潤澤技術：革命性技術使唇膏能不斷吸收空氣中水分，持續替唇肌補水,1859.0,11
7262055,OMORY 簡約鋁合金衣架5入組-古銅金,防滑落U型凹槽設計 方便吊掛細肩帶,1859.0,11
7063534,思高-珍珠松露化妝水500ml,500ml大容量化妝水,1859.0,11
7105323,舒芙蕾 絕色無痕創新隱型貼合內褲,創新織法採用40針雙面針織，布料完全不脫紗、不翻捲,1859.0,11
7136342,Simplity鞋靴專用柚香除臭噴霧(清爽除菌)150ml,"清新葡萄柚香味,樂活新感受",1859.0,11
7959171,沙威隆抗菌保濕沐浴乳850g-海洋,安心抗菌  歐盟認可ICP專業抗菌成分,1858.0,12
8114430,【廠商直送】(箱購)櫻桃小丸子純水柔濕紙巾20抽4入16串,"純水工藝製成,高純度更潔凈",1856.0,1
7098863,莉婕頂級奶霜泡沫染髮劑-2古銅棕色,搓揉後泡沫綿密度提昇4倍，如乳霜般完美遮白,1854.0,6
8144640,魅尚萱完美修護護髮霜330ml,高營養修護髮膜,1854.0,6
7688823,【廠商直送】Leocrema多功能護理霜150ml-摩洛哥堅果油 * 2件,含有天然摩洛哥堅果油精華的珍貴配方,1854.0,4
7787488,瑪榭腳踝加強氣墊1/2襪-多色任選,彈力氣墊毛巾底、氣墊包覆避震,1853.0,17
7931536,普惠醫用口罩成人韓版10入乾燥玫瑰,,1853.0,17
7278975,樂品壓縮面膜(糖果包裝)36枚(新舊包裝隨機出貨),●壓縮式面膜，輕巧好攜帶,1851.0,29
7048724,SOFINA透美顏飽水控油雙效化妝水-美白,30年以上皮膚科學研究，清爽不黏膩卻能深層滋潤肌膚的技術,1850.0,4
7048916,NOBLE毛穴頑固黑角栓清除棒NEW,"全新雙壓頭設計,極細壓頭壓擠時不弄髒手指,方便衛生",1845.0,5
7044491,E.S.T.身體香氛噴霧250ml-愛戀之吻,1923年源自鄂圖曼土耳其，延續百年專業製香工藝將高級精緻的香氣帶入生活,1845.0,5
7370316,可瑞絲蜂膠活力光澤洗髮精1000ml-紅蜂膠,珍貴巴西紅蜂膠，全球產量僅0.1%，多種維生素礦物質，保護頭皮,1844.0,6
8223822,【廠商直送】Prodigy波特鉅-石墨烯蒸氣舒眠眼鼻罩+30組熱敷包套組-愛睏貓款,＂眼罩+熱敷+香氛+鼻罩四合一  舒緩放鬆疲勞＂,1844.0,2
8223825,【廠商直送】Prodigy波特鉅-石墨烯蒸氣舒眠眼鼻罩+30組熱敷包套組-素色款,＂眼罩+熱敷+香氛+鼻罩四合一  舒緩放鬆疲勞＂,1844.0,2
8065948,麗仕柔亮修護潤髮乳650g-2022版,全新設計 奢寵秀髮 保濕修護髮絲,1841.0,9
8561364,幼兒基礎學習 - 多款任選,,1840.0,16
7648648,VISEE魔法修護卸睫液,即使是強力防水型睫毛膏，也不需搓揉即可輕鬆卸除的睫毛膏卸除液。 ● 添加 Easy Removed 輕鬆卸除成分，快速融入睫毛膏中，不需搓揉即可滑順卸除。 ● 富含 86%*美容液。添加保護睫毛成分。呵護容易受損的睫毛。 ● 5 種無添加：無香料．無色素．無酒精(乙醇)．無 PERABEN 類防腐劑．無矽靈 ●  添加高滋潤效果的潤澤油，能快速滲入於睫毛，不讓眼周感到乾燥或拉扯的舒適使用感。 ●  能將睫毛整體都根根均勻滲透的梳刷型，徹底清除不易留下殘粧。 ●  溫水卸除型睫毛膏也可使用。,1840.0,8
7403817,Cocoegg卵殼膜保濕卸妝凝露200g管,4573206428528,1840.0,5
7251736,專科 彈潤護唇精華10g,時尚玫瑰金配件,1836.0,12
7230640,高絲植淬白潤肌精玻尿酸超淨白乳液II-滋潤,藉由傳明酸、虎耳草淬取液的凈白功效,1836.0,6
7633548,VOLA  免脫開檔透膚絲襪6入-黑,雙面開檔透氣舒適,1836.0,4
7567852,艾杜紗 魔束捲翹睫毛膏(G02/G03),全新色號限量上市，艾杜紗迷必收色！,1836.0,4
7412620,待下架-【廠商直送】日式花意綿綿純棉兩用被套床包組-雙人,舒適精梳棉,1835.0,1
7111233,美吾髮卡樂芙染髮霜50gm-煙嵐霧茶(新舊包裝隨機出貨),顯色度+58%有感超顯色,1832.0,8
8593980,Moonlight植物活性洗髮精400ml深層修護,多重活性精萃，針對頭皮髮絲問題加強保養,1830.0,6
8593905,Moonlight植物活性洗髮精400ml清爽蓬髮,多重活性精萃，針對頭皮髮絲問題加強保養,1830.0,6
8494005,凱婷 魅眼持色眼線液筆 (0.55mL),使用獨家的橡膠筆觸配方，持久不掉色,1830.0,5
7048772,狗-加好寶狗餅乾300g-關節保健配方,添加軟骨素和葡萄糖胺保護關節,1829.0,31
8590414,日藥本舖米乖乖沖繩黑糖40g,4710015117100,1827.0,63
7125494,美吾髮快速護髮染髮霜-7號深亮黑(男),"食品級植萃成分, 4倍植護科技, 維護頭皮健康",1827.0,9
8589524,【廠商直送】摩達客立體斗方鬥方壁飾春聯-多款任選,◉春節開運招財◉,1825.0,5
7580717,ABEL 3D氟素防沾黏剪刀60061(BL) 藍,"安全圓弧刀頭,加強穩固耐磨軸心",1824.0,19
7688801,【廠商直送】Leocrema護手霜75ml-摩洛哥堅果油 * 3件,含天然摩洛哥堅果油精華,1821.0,4
7199442,中衛醫療兒童口罩,展現個人風格的時尚配件,1820.0,7
7098819,美吾髮葵花亮澤染髮霜-5VL葡萄紫棕,10倍葵花精華,1820.0,7
8592822,【廠商直送】SIGG-晶燦不鏽鋼悶燒罐750ml-附匙-黑,加大瓶口，方便取食、兩用瓶蓋碗、無死角清潔,1820.0,1
7083622,絲花 極柔化妝棉66片,●100%天然棉表層,1815.0,21
8525842,宏瑋迷你柔膚濕紙巾8抽8包,RO精緻純水，多重反滲透純水工藝的純淨水，使用更安心。,1814.0,26
7094384,曼秀雷敦Jelle Soft恬漾潤唇凍膏8g-玻尿酸,淡淡的檸檬柑橘，一抹香氣瀰漫雙唇,1813.0,14
7432660,Platinum Label維他命C保濕化妝水1L,4550084221335,1813.0,7
7098831,美吾髮卡樂芙泡沫染髮劑50g+50g-亞麻棕,染髮、護髮、玩髮一次完成,1813.0,7
7961406,【廠商直送】ALBION艾倫比亞 健康化妝水N330ml(平行輸入),針對不穩定肌膚積極調理,1812.0,1
7047899,1028超綿感泡泡洗面乳110g,洗顏新質感,1811.0,19
7345717,貝印抗菌樹脂指甲刀-S,鋒口使用M型不銹鋼刀片，鋒利好剪。,1808.0,12
8137503,美琪抗菌沐浴乳680ml梨花與風鈴草,質感白麝香，佐浪漫清新植物香氣,1807.0,13
7432166,Pharmaact無添加沐浴乳600ml,4513574007260,1806.0,14
7440737,煙斗2038絲光棉平口褲-顏色隨機出貨,絲光棉超細柔質感、透氣舒適,1806.0,14
7523705,共立防水透明膠布20枚,4987059008491,1800.0,30
7461542,日本近江變色粉紅彩妝潤唇膏3.5g,高含量鯊烯光澤潤唇成分配合,1800.0,18
7480155,双養藥燉排骨60g,4715404060920,1800.0,12
7097338,天仁茗茶-阿薩姆紅茶100入/盒,純天然飲品,1800.0,12
7055432,Biore頂級深層卸粧棉補充包44片-水嫩保濕型,水狀卸粧油質地，深入毛孔溶解彩粧後迅速蒸散，維持肌膚清爽透氣感。,1800.0,12
7480153,双養十全大補60g,4715404060951,1800.0,12
7156265,Ellie x ARTiS di Voce 指甲油 15ml  EA系列 (多款任選)(新舊包裝隨機出貨),日本當地OL最愛的暢銷色彩,1800.0,12
8032075,樂品雙圓紙軸棉花棒200支罐裝 *4罐,100%天然棉花,1800.0,10
8210697,ARTiS di Voce 彩色指甲油 (GL03-05),細緻的金沙亮粉,1800.0,10
7613123,南僑水晶肥皂液體補充1400g-檸檬香茅,"\"\"\"水晶肥皂經典香氛，自然馨香",1800.0,10
7352908,帕瑪氏天然乳木果油緊緻保濕護手霜60g,緊緻肌膚展現彈性活力美肌 全天候長效鎖水保濕養成水潤細緻 改善乾燥老化困擾,1800.0,9
7275044,逸萱秀香氛精油潤髮乳700ml-薰衣草&鳶尾,【優雅率性的精品級香氛-薰衣草&鳶尾】,1800.0,9
8128873,艾諾琪-刷具乾洗噴霧-100ml,只要10秒，讓你天天用新刷。,1800.0,6
7259989,VISEE 魅惑星河眼彩蜜,1. 單擦．打底．疊擦３用，增加眼影的閃耀度及持粧度。,1800.0,6
7403871,BFREE角鯊烷敏弱性肌膚美容精油10mL,4549339123883,1800.0,5
7833069,金亮活性納豆魚油膠囊120粒,4976652016620,1800.0,2
7560011,AHC淨光無瑕肌亮水120ml,「3段褪暗淡斑機制」協同肌亮凝乳使用，4週擊退瑕疵14%，由內而外層層淨斑，7天透明煥亮！,1800.0,2
7306413,DR.WU全日保濕防曬乳SPF50+35ml潤色,獨特水乳劑型及膚色礦質粉體，能給予肌膚均勻細緻的潤色效果,1800.0,2
7440218,野口研究百分百膠原蛋白,4903361680675,1800.0,1
7440153,全日營養優和深海角鯊烯膠囊120粒,4960867008075,1800.0,1
7195795,高露潔自然之萃牙膏115g-健康晶亮,添加喜瑪拉雅玫瑰鹽,1798.0,22
7449999,KHS-3105縮時玩美平板夾,10x4公分超大加熱板,1798.0,2
7379216,樂扣樂扣-時尚都會咖啡杯475ml-海軍藍,旋轉上蓋搭配把手設計，方便隨處移動，不怕飲品灑落，辦公室最佳良伴。,1798.0,2
7222109,樂扣樂扣手沖濾網咖啡杯580ml-尊爵黑,內膽鏡面拋光技術，讓表面光滑的處理方法,1798.0,2
7199233,DR.CARE深海藍寶石全效保濕精華50ml,"台韓共研的Dr. CARE,不僅擁有韓國的保養品技術,更結合了台灣的特性、天氣,成就一種最適合台灣人所使用的",1798.0,2
7636893,【廠商直送】康朵茶樹精油洗衣精4000g*4罐-尤加利,全新酵素配方 打擊污垢效果加倍,1798.0,2
7861206,DR.WU 6%杏仁酸溫和煥膚精華 15ml,溫和高純度杏仁酸，運用大分子杏仁酸的優越親膚效果，溫和去除表面老廢角質堆積，深入毛孔有效清除黑白頭粉刺，適合首次煥膚及敏感膚質使用；搭配雙葡萄藤精萃，能抵禦外界刺激並維持肌膚平衡，強化肌膚屏障並舒緩肌膚不適，協同木糖醇補水因子及大分子玻尿酸，鎖水保濕，賦予肌膚長效滋潤，天天溫和煥膚使用，重現完美無瑕細嫩肌膚。,1797.0,3
7936039,【廠商直送】MIYA必殺反手拍 電蚊拍 捕蚊燈MY-MS251,● 一拍兩用支援手動滅蚊及智能捕蚊模式,1797.0,3
7861211,DR.WU玻尿酸保濕潔顏凝露150ML,全新升級DLS低敏高保濕溫和配方，協同天然植物來源界面活性劑，不含皂鹼、不刺激，有效溫和洗淨肌膚多餘皮脂及汙垢；pH值弱酸性與肌膚相近，敏感及脆弱型肌膚也能安心使用。,1797.0,3
7264041,萊雅科研淨白美白防護日霜 SPF19 PA+++ -2022版,巴黎萊雅科研淨白 美白防護日霜(50ml)SPF19 PA+++,1797.0,3
8609602,【廠商直送】KINYO無線鍵鼠組2.4GHz-GKBM883-綠,,1797.0,3
7083950,Hair Recipe 髮的食譜 米糠溫養修護護髮素350g,生薑檸檬香氛,1797.0,3
8243391,HairRecipe 髮的食譜 米糠溫養保濕護髮精華素350g,櫻花肉桂香氛,1797.0,3
7098689,我的心機高效黑頭粉刺毛孔潔膚儀,真空吸附技術，4種美容吸頭一機多用,1797.0,3
7114738,待刪除-Sukin保濕身體乳500ml-多款任選,"我們的佛手柑與廣藿香滋養保濕身體乳,獨特香芬可激活感官,舒緩壓力",1797.0,3
7403725,Kassei大麥若葉青汁粉末PURE(40包),4517549003295,1797.0,3
7636433,【廠商直送】康朵防蟑螂螞蟻噴劑500ml*3瓶,溫和不刺鼻 有效防止害蟲,1797.0,3
7308362,嗜香氛王者輕吻植萃控油洗髮300ml,植萃控油,1797.0,3
7279090,舒妃柔護泡沫染髮液320ML-2號華麗葡紫棕,縮短久候時間,1797.0,3
7537849,蔻蘿蘭澎鬆乾洗髮噴霧150ml,2分鐘趕走扁塌  保濕澎鬆,1797.0,3
7453255,Karadium電影女王霧面絲柔唇釉,MOVIE QUEEN,1797.0,3
7931609,達特世FFP2醫用防護口罩L號20入白,,1797.0,3
7064257,Simple清妍全能潔顏賦活卸妝水400ml,維他命C衍生物給予肌膚養分,1796.0,4
7307875,施華蔻怡然植萃染髮霜 4.05優雅亮棕,人蔘精華 呵護頭皮,1795.0,5
8143608,魅尚萱完美造型持久洗髮精680ml,補充營養、光澤、保濕,1795.0,5
7558719,蘇菲天然原生棉超薄護墊28片17.5cm,6大無添加 親膚少刺激,1794.0,23
7659673,黛絲恩髮根緊緊防斷護髮素450ml,針對有落髮狀況及受損斷裂髮質開發，獨特山葵萃取配方，提供頭皮養分維持健康環境，使頭髮呈現豐盈蓬鬆感,1794.0,6
7064252,多芬3合1潤澤卸妝潔面慕絲 135ML,蘊含NutriumMoiture保美容精華液能深入滲透徹底保濕，幫助肌膚保水豐盈綿密泡沫富持久彈力能深入潔淨毛孔，帶走污垢，含1/3高度保濕成分,1794.0,6
7122030,CAROME絕不暈染眼線液0.5ml (多款任選),究極防水防暈眼線筆，0.1mm極細彈力刷毛，不管粗細都能輕易描繪不斷裂，獨家黃金比例配方，臉部表情再誇大也不剝落。添加西印度櫻桃、膠原蛋白、玻尿酸鈉等配方。,1794.0,6
7228768,我的心機晶球安瓶PRO面膜3入-鑽光淨白,Bright Boost﹝晶瑩、光采、透亮﹞,1794.0,6
7935033,艾斯-玫瑰內衣球洗滌組-A-D罩杯,強力旋轉，不鬆脫,1794.0,6
7119037,Alpecin雙動力咖啡因洗髮露250ml,強健髮根,1794.0,6
7698012,CINQUAIN思珂 好萊霧時尚絲絨唇膏(多款任選),羽感輕盈，不黏膩,1794.0,6
7432823,我的心機安瓶EX瞬效撫紋緊緻眼膜5對入,4713410991283,1794.0,6
7083869,蒂沐蝶玫瑰保濕植萃護髮乳500ml,蘊含歐洲有機認證成分,1794.0,6
7404036,FINE_HEAT新碳酸入浴劑400g溫暖柑橘,4548514154445,1794.0,6
7261480,Nature Tree舒敏修護精華液250ml,添加蘆薈保濕舒緩一瓶雙效,1794.0,6
7596383,SALON DE MAGIE沙龍免沖洗護髮100ml,230˚C 熱損傷保護秀髮護理系統，10種植物蛋白質+5種複合精油添加，無需沖洗好用保濕不黏膩劑型,1794.0,6
7423854,舒芙蕾 羊毛衛生衣,蓄熱保暖 輕盈舒適 輕量柔軟 舒服觸感,1794.0,6
7246198,肌研極潤保濕卸粧油 200ml,嚴選高純度橄欖油(潔淨成分)，能徹底卸除厚重彩粧、眼線和防水型睫毛膏，並添加高效玻尿酸、吸附型玻尿酸，深層卸粧同時滋潤保濕，洗後肌膚細緻柔嫩。,1794.0,6
7261476,Nature Tree保濕濃縮精華液250ml,強力鎖水保濕、肌膚緊實有彈性,1794.0,6
7298834,糖鼎經典禮盒360g-黑糖薑母,頂級純正台灣黑糖，搭配天然真材實料， 定期310項SGS檢驗合格，不含農藥、糖精、微生菌等化學成分，採密封夾鏈外包裝，每顆茶磚均獨立包裝，衛生乾淨，方便隨身攜帶。,1794.0,6
7083868,蒂沐蝶玫瑰保濕植萃洗髮精500ml,蘊含歐洲有機認證成分，不含矽靈，無添加Parabens防腐劑及合成著色劑,1794.0,6
8586552,CSD中衛兒童醫療口罩15入LooneyTunes新年,4711908882235,1794.0,6
8121441,熊寶貝精油香氛蠟燭120g-晚安舒眠,讓香氛，溫柔呵護身心，帶給你 美好的療癒時光。,1794.0,6
8051126,KAMOSU溫泉酒粕化妝水150mL,4976551015373,1794.0,6
8026624,Aveeno 艾惟諾滋養乳液 591ml 2入組 效期2023.05,,1794.0,6
7048679,LOVEMORE天山雪蓮細緻雪白面膜5入,優質草本保養美學 油水平衡 長效不脫妝,1794.0,6
7231470,綠貝304無痕鑽石型轉角架,"全新第三代無痕貼,更強更牢、耐重3倍UP",1794.0,3
7172177,Elastine大師系列彈力修護護髮精華95ml,Elastine伊絲婷 Master大師系列彈力修護護髮精華20年技術的累積最有效的頭髮護理系列產品向秀髮供給豐富的營養活力彈性、閃耀光采的髮絲至此而生。,1794.0,3
7415627,棉花共和國 CR 熾燒厚刷絨男長褲,內刷短絨：內裡加厚磨毛，彈力不緊繃,1792.0,8
8081900,【廠商直送】Tsuvimi 姿慧美 彩妝組合 Q29迷霧未來,Q29 迷霧未來 彩妝4件組,1792.0,2
7292662,舒妃山茶花髮質重建護髮霜800ml,細緻質地迅速吸收，滋養髮絲調理毛鱗，恢復秀髮健康柔亮，嚴選自日本山茶花提煉出來的珍貴山茶花油脂，配合獨特的深度保濕配方，質地細緻並具有高滲透力，不僅可調理毛髮毛躁問題，更能迅速補充頭髮所需之養分及水分，深層滋養提升韌性，彷彿在髮絲上形成保護膜，預防髮絲分岔,1791.0,9
7105411,Eni Mani SILK柔膚中高腰無縫褲,親膚．抑菌．不易過敏,1791.0,9
7108660,飛柔淨油柔順鼠尾草香氛洗髮露 530g,,1791.0,9
7824116,卡翠絲癮誘深吻霧感唇膏,大膽顯色的唇膏，質地滑霧柔順，顏色持久飽滿，讓您輕鬆打造艷麗色彩的豐潤雙唇,1791.0,9
7268551,KAFEN卡氛亞希朵酸性蛋白高保濕洗髮精500ml,亞希朵滋養配方中的滋養因子為每絲秀髮補充水分及營養，即使再嚴重受損經過幾次修復也能再次燙染。,1791.0,9
7152900,BB水光EX極效撫紋彈力安瓶精華8ml,內含2%玻尿酸(HA)，玻尿酸為人體中的膠狀基質，溫和無刺激性，能加強皮膚隔絕防護力、抵禦外界損傷。,1791.0,9
7044507,森田藥粧玻尿酸臉部去角質凝膠-130ml,緊緻毛孔、淡化暗沉肌膚,1791.0,9
7088691,Men’s Biore ONE髮顏體潔淨露480ml-爽勁,髮•顏•體 全效洗淨，一瓶搞定!,1791.0,9
7394879,女蝴蝶結線條觸控手套-顏色隨機出貨,"輕巧合手的手套樣式,提升穿戴時的靈活度,是秋冬最佳的保暖時尚配件",1791.0,9
7526237,卡娜赫拉成人輕便女拖-桃、紫-多尺寸任選,輕量防水居家拖鞋,1791.0,9
8534048,依必朗抗菌沐浴乳1000g潤澤乳油木,添加抗菌配方Ｃhlorhexidine，溫和不易刺激，能徹底清潔並於肌膚上形成保護膜，增加肌膚抵抗力、給肌膚最自然的保護。,1791.0,9
7556159,uno俐落至上機能水-多款任選,1瓶即可充分補水，長效保濕！,1791.0,9
7047873,1028 淨嫩肌深層保濕卸妝乳,瞬溶頑固妝 防水眼線out,1791.0,9
7639481,德你雅TITANIA極致修護龜裂護足霜30ml,深層滋潤皮膚裡層，高度保濕獨特配方,1791.0,9
7370333,Catrice 活潤新生持久遮瑕膏4.5ml (多款任選),擁有宛如天生麗質的自然妝效是底妝的極致展現，全新遮瑕膏不僅維持自豪的遮瑕力以及持久度，再加倍提升水潤度,1791.0,9
8026628,【買一送一】Labo Labo EGF極緻修護毛孔緊膚水100ml小金蓋 化妝水 效期:2023/11 (下單1出貨2),,1791.0,9
7990349,1028 ARTISAN 暈染眼影刷 E12,圓錐形鬆軟彈力刷毛，貼合眼窩，柔和打底，勻化眼彩無色塊。,1790.0,10
7169946,美麗日記東方美人茶透亮精粹面膜4入,以簡單植萃保養肌膚，煥發水潤光采，晶瑩剔透,1790.0,10
7064266,Simple清妍極致補水深層潔顏凝露 150ml,幫助肌膚立即與持續性的保濕，維持肌膚健康透亮。,1790.0,10
7064259,Simple清妍溫和保濕潔顏乳150ml,維他命原B5能有效舒緩，修復肌膚乾燥不適,1790.0,10
7446446,香港金山牌350g-即溶杏仁霜,香港茶餐廳，民間慣常簡稱杏仁霜為杏霜。金山即溶杏仁霜香味塑型比奶更濃，有見及此稱為「霜」。金山即溶杏仁霜有獨特天然杏仁芳香風味，甜意絲絲，奶香融融。,1790.0,10
7370415,essence完美聚焦打亮修容盤18g,內含三種打亮及古銅修容色，看似可有可無的步驟,1790.0,10
7089568,澳寶一分鐘焗油225ml-經典護理,頭髮不糾結,1788.0,12
7250663,樂品醫用口罩50枚盒裝-婦幼 (藍色/粉色隨機出貨),高透氣,1788.0,12
7076969,曼寧有機蘋香舒緩茶20入,•晚餐後或睡前最好的舒眠飲品,1788.0,12
7088393,妮維雅 止汗爽身噴霧 舒敏系列150ml,添加洋甘菊護膚因子，獨特舒敏乾爽止汗效果,1788.0,12
7088679,莉婕頂級一按即梳染髮霜-3深古銅棕,輕鬆完美遮蓋可見白髮免煩惱日本全新開發一按即掩輕鬆染,1788.0,6
7230034,高絲潤肌精激淨透UV隔離防曬凝膠70g,SPF50+/PA++++洋溢舒爽不黏膩的水感肌觸,1788.0,6
8560819,【廠商直送】巧奇撞色成人口罩30入3盒-綜合款,符合國家醫療器材品質管理系統準則，認證字號QMS5159 號 符合國家檢驗標準CNS 14774.14775,1788.0,4
7298773,蕾妮亞零觸感特薄衛生棉夜用8片30cm(包裝隨機出貨),0.1cm超激薄x超能吸,1785.0,35
8045905,曼秀雷敦Lip Ice水果潤唇膏- 香郁青蘋 (LINE FRIENDS),清新果香添加，輕輕一抹，清新果香包裹雙唇，用水果香甜給雙唇和心情滿滿的滋潤！,1785.0,17
7864400,日本獅王趣淨料理手抗菌去味慕斯230ml,料理專用洗手慕斯,1785.0,15
7279094,舒妃七萃受損修補菁華90ml,染後護色補色：提供強效的固色、護色修護調理功能，增艷髮色，讓髮色更飽滿持久，給予染後的髮絲完整的修護與防禦，特別針對因不當曝曬、吹整、染燙讓髮色嚴重脫落或極度缺乏光澤的頭髮。,1785.0,15
7990348,1028 ARTISAN澎潤腮紅刷 F12,超柔膚中型圓弧刷、豐厚彈力毛量，精準適量抓粉釋粉，打造澎潤好氣色。,1785.0,7
7091026,INTEGRATE 繪型持色兩用眉粉筆,升級版!「液態眉筆」×「自然陰影眉粉」,1785.0,7
7478862,INTEGRATE 柔焦輕透美肌粉底液 限定套組II 30ml (兩色可選),限定贈質感購物袋 日妞必備小物,1785.0,5
7044700,艾薇塔玫瑰泡沫潔顏慕斯,熱銷玫瑰慕斯，用美麗花朵潔顏,1785.0,5
8610610,【福利品】全日營養肌美妍膠原蛋白飲_食品_100mL_10入,4969726109656,1785.0,5
7278956,INTEGRATE 柔焦輕透美肌粉底液 Kitty限定組 30ml+1g(兩色可選),超限量！KITTY聯名粉底液限定組！KITT迷不要錯過,1785.0,5
8552236,EDGEU指甲前置基底液10ml,美甲貼附著力 UP,1785.0,5
7098741,賽吉兒高效修護保溼凝膠(加強型)30ml,豐沛玻尿酸保濕成分，嫩白修護私密肌膚,1785.0,3
7083765,歐洲Barwa奢華SPA玫瑰香氛皂190g,來自歐洲波蘭在地生產,1782.0,18
8237002,日藥本舖醫用三次元柳葉口罩10入橄欖油綠,,1782.0,18
7433283,日本SEARUN岩鹽入浴劑_艾草30g,4547073510075,1780.0,20
8022687,瑪榭抗菌條紋1/3襪-多色多尺寸任選,足弓加強包覆 穩固並給予適當支撐力,1780.0,20
7279632,蕾妮亞吸水淨味墊18片防輕漏50cc,NEW!棉體改良強化吸收力，帶來極淨乾爽感,1780.0,20
8543731,【廠商直送】Makeup Eraser原創魔法卸妝巾-迪士尼米奇家族七件組,迪士尼控請尖叫！MakeUp Eraser 最強『迪士尼聯名系列』亮眼上市，由迪士尼米奇米妮等超萌家族角色超可愛伴您迎接 2022最溫馨歡樂的歲末時光！,1780.0,2
7228566,樂扣樂扣馬卡龍陶瓷彈跳杯-450ml-粉色,寬大瓶口設計,1780.0,2
8504435,【廠商直送】E-books 狂蜂經典款電顯藍牙耳機-SS38,防水等級｜通過國際IPX4認證，日常生活防水,1780.0,2
8176386,【廠商直送】Skinarma日本潮牌 iPhone 14系列 Kira Kobai 東京款隱形支架防摔手機殼- 多款任選,通過3米軍規防摔測試,1780.0,2
8018077,【廠商直送】Skinarma日本潮牌 iPhone 13系列 Shingoki 022款隱形支架防摔手機殼-綠,此款不支援MagSafe,1780.0,2
8179147,KARADIUM蝸牛修護防曬霜 SPF50+ PA+++,高防曬係數素顏霜,1780.0,2
7604643,Mod’s Hair 25mm負離子溫控直髮夾,負離子搭載，保持髮絲柔順，不毛躁。,1780.0,1
7339980,3M荳痘貼神無瑕綜合33入,霧面隱形超薄透,1779.0,11
7094456,待刪除-I DEW CARE角質掰掰片60片-鳳梨C,清爽鳳梨特調X玻尿酸高效滋養,1779.0,3
7088496,麻鑽農坊牛蒡決明子15入(茶包盒裝),,1778.0,12
7369795,安多精品 男童純棉免洗褲 4入,"合身版型,符合人體工學",1774.0,18
7522450,Solone精巧眼影/斜刷組,精緻眼影暈染刷與斜角刷組，創造美麗漸層眼妝。,1770.0,30
7064935,50*5K碳纖超薄黑膠傘-海軍船錨(隨機出貨不挑色),超輕量—僅120g，幾乎感覺不到它的重量,1770.0,3
7427059,日本金鳥-噴一下12hrs防蚊噴霧（130日)無香料,4987115701410,1770.0,3
7523381,aquater零油光肌凍膜260g,4713968885126,1770.0,3
7271905,RICO-真空陶喜杯550ML-多色任選,雙層不銹鋼中間為運用高科技製成之高真空斷熱結構，保溫效能優,1770.0,3
7579568,BB 2%雨林激光果煥白精華水100ml,萃取自世界上維生素C含量最高的果實，卡卡杜里果，可調理肌膚，淡化皺紋、改善肌膚光澤，美白肌膚。,1770.0,3
7979650,OMORY無痕壁貼可愛蘿蔔面紙盒-黛藍,承重力強不易掉落,1769.0,11
7105904,麗仕精油香氛沐浴乳1L-恣情晚香,凝萃恒香™ 精油,1768.0,10
8122948,J lin X AM換色三秒刷刷水,,1768.0,4
7520728,OMORY-304噴塑保溫保冷瓶1100ml-抹茶綠,1100ml大容量，噴塑霧面材質，不留指紋,1767.0,3
7083785,E.S.T.奢華龍涎香頂級液體皂500ml,VEGAN 素食認證,1764.0,6
7432574,KOSE極上活妍-緊緻淨斑乳霜100g,4971710383096,1764.0,3
8512308,KOZI平衡保濕凝乳50ml,長效保濕,1764.0,2
8127334,【廠商直送】【pure.tiful純淨妍】抗痘潔顏調理組,衛福部核可，最高標準藥用２％水楊酸,1760.0,2
8037473,【廠商直送】VIIDA｜Soufflé 吸管型抗菌不鏽鋼學習杯 - 多色任選,杯體採用 304L抗菌不鏽鋼,1760.0,2
7098768,TUNEMAKERS原液保濕乳100ml,富含高效玻尿酸的保濕乳液，撫平乾燥細紋，同時能舒緩肌膚不適，保濕不黏膩。天天使用，肌膚維持飽水透亮,1760.0,2
7555475,聲寶電動去硬皮美足機,USB充插兩用,1760.0,2
7230490,non-no 最乾淨童浴巾-多色任選,材質:96%棉4%聚酯纖維(咖啡紗),1755.0,13
7246257,曼秀雷敦男士保濕活力潔面乳150ml,"高效保濕 拒絕乾燥暗沉    添加玻尿酸保濕因子, 能有效鎖住水分, 維持肌膚最佳含水量",1755.0,13
8587208,BOTANIST沐浴慕斯450ml滋潤型,含有摩洛哥堅果油,1755.0,5
8587209,BOTANIST沐浴慕斯450ml深層保濕型,含有摩洛哥堅果油,1755.0,5
7790268,我的美麗日記積雪草超能舒緩修復面膜5入,舒緩修復-以雙重積雪草(積雪草萃取及高純度羥基積雪草苷)，偕同法國布列塔尼極光藻，一片舒緩，安撫乾燥不穩定的膚況，緩解乾燥泛紅，賦活屏障防禦力，由內而外恢復細緻光滑膚觸。,1752.0,8
7105875,多芬胺基酸輕潤保濕潤髮乳700g(新舊包裝隨機出貨),強韌髮絲: 配方添加小分子胜肽修護因子，修護細軟扁塌髮,1752.0,8
7231473,綠貝304不鏽鋼晶緻隔熱碗-17.5cm,"通過SGS檢驗,使用更安心!",1751.0,9
8021527,淨新 加厚純水濕紙巾 附蓋 擦臉巾 紙巾 濕巾 純水濕巾 80抽 溼紙巾 濕紙巾,,1750.0,70
7286151,小米兔暖暖包10入-手握式,持續時間14小時，平均溫度53℃，最高溫度可到63度。品質符合CNS標準，可以用於通勤上學、戶外活動時的禦寒保暖。,1750.0,14
7108465,3M可拋式馬桶刷補充包5入,可替換式刷頭,1750.0,14
7655507,【廠商直送】KS-專利支架抗菌運動口罩-多尺寸任選,通過SGS檢驗抗菌/抗病毒面料,1750.0,7
7406499,阿久師有機100％純米星星餅40g-原味,"星星造型,可愛童趣,增加食用趣味",1750.0,7
7406497,阿久師臺灣100％純玉米星星餅38g,"星星造型,可愛童趣,增加食用趣味",1750.0,7
8515280,【廠商直送】OT SHOP仿羊絨厚內裡漁夫帽-多色任選,仿羊絨材質,1750.0,7
7105573,艾瑪花園摩洛哥堅果新生修護洗髮精500ml,使乾燥受損的頭髮衝分保濕不再毛躁,1750.0,7
7265751,匠心醫療口罩幼幼3D彈力50入盒裝(藍XS)(新舊包裝隨機出貨),高透氣,1750.0,7
7258492,日本近江護手膏145g,"防止乾裂、乾燥,保持水嫩潤澤的皮膚",1750.0,5
7250983,D-up雙眼皮貼布165枚增量版-敏感肌款,超值120枚再加贈45枚，加量不加價，,1750.0,5
7369703,安多精品 經典中腰免洗褲男仕型 5入-顏色隨機出貨,"合身版型,符合人體工學",1749.0,17
7403863,Loshi新薏芢超潤滋養霜220g,4936201104338,1749.0,15
7588011,Kesho SE護髮染髮霜40g-霧感玫瑰金RG1,不添加 PPD 彩染系列,1749.0,11
7111974,飯店厚磅毛巾(35*75cm)- 5色任選(條),16/1精選棉紗，五星級飯店專用品質保證,1749.0,11
8234341,SUNLIFE森萊富綜合維他命發泡錠20錠,符合歐盟規範，安心有保障!,1749.0,11
7091919,米大師寶寶果然棒棒22入-關廟鳳梨口味,穀物熟化技術，幫助寶寶消化好吸收,1749.0,11
7946628,日本味王C收葉酸鐵口含錠60粒,每日２粒，高含量好C收,1745.0,5
7055356,樂品金屬雙面鏡-7吋,雙面360度自由翻轉，HD超清鏡面,1745.0,5
7097815,型色家植萃添加護髮染髮霜-487霧感草本綠,免漂髮也能染出霧感髮色,1745.0,5
7097828,型色家植萃添加護髮染髮霜-734霧感奶茶棕,免漂髮也能染出霧感髮色,1745.0,5
8011369,甜蜜熊抗菌記憶舒壓坐墊-40*39cm-兩色任選,表布：100%聚酯纖維,1745.0,5
7108502,富麗絲泡泡染系列-霧感抹茶,8種氨基酸滋潤及藍睡蓮萃取成分,1745.0,5
8032446,OMORY好時光彈跳保溫瓶320ml-焦茶黑,˙上蓋PP材質與#304不鏽鋼內膽。,1745.0,5
8581441,KANGOL撞色男款長襪-25-28cm-多色任選,英國經典品牌,1744.0,16
8023679,淨新 醫用 兒童4D魚形口罩 魚嘴口罩 MIT台灣製 MD雙鋼印,,1744.0,16
8200948,氧顏森活珍珠花阿里山玉露青春面膜2入,適合疲憊初老肌況、可增強肌膚彈力,1744.0,8
7426488,李施德霖_蘆薈植萃漱口水500ml,4710032705212,1743.0,7
8187176,andear真實眼影蜜 (多款任選),韓國人氣美妝部落客 @dear.beauty_ 彬的自創品牌 and:ar (andear),1743.0,7
7340457,明治代可可脂白巧克力片裝40g,牛奶般滑順的白巧克力風味溫和,1740.0,40
8593294,Batiste秀髮乾洗噴劑200ml淡雅花香(新舊包裝隨機出貨),無需用水，60秒輕鬆趕走油膩髮根,1740.0,6
7746131,【廠商直送】Ladoore蕾朵兒 魅惑情挑 吊襪帶式性感大腿網襪 黑,L'adoore 魅惑情挑 吊襪帶式性感大腿網襪,1740.0,6
7579666,Miss Seesaw C1000透明質酸鈉發泡30錠,黃金柚口味,1740.0,3
7341945,CNP透亮煥膚原生精露100ml,新型態去角質概念誕生!,1740.0,2
7137280,小林安摩樂溫熱敷貼片2片裝-肩頸用,依刊登商品圖檔內容所示,1738.0,22
7053661,菲力寶寶超純水嬰兒濕紙巾80抽,99%藥廠級EDI超純水,1738.0,22
7044720,媚點 自然暈染眉筆,筆芯柔軟，自然顯色,1734.0,17
7308045,賽吉兒高效修護保溼凝膠(日用型)30ml,豐沛玻尿酸保濕成分，嫩白修護私密肌膚,1734.0,3
7759067,MKUP 淨化控油平衡妝前乳,1.高控油不易脫妝,1734.0,3
7089898,西班牙西妍院燕麥牛奶沐浴乳1250ml,嚴選獨家燕麥奶配方,1732.0,8
7659731,菲蘇德美舒緩保濕沐浴乳700g,pH弱酸平衡，胺基酸配方溫和潔淨不緊繃,1731.0,9
7091163,I’M MEME我愛天生濃眉眉粉膠筆,霧眉眉粉,1729.0,7
7312638,Pentel飛龍 百點S512-5螢光筆,Pentel經典商品，黑桿螢光筆,1728.0,24
7824258,Dasique九宮格眼影盤#11 Chocolate,風靡韓妝最前線，濃郁巧克力打造溫柔眼妝！,1728.0,2
7426432,蘇菲極淨肌天然原生棉超薄夜用29cm10片,4710054155163,1725.0,44
7092727,曼秀雷敦涼舒薄荷精油棒,嚴選薄荷精油搭配尤加利精油與薰衣草精油調製而成,1725.0,25
7278903,DARLIE好來全亮白牙膏140g-多效護理,亮白科技:SWA亮白因子,1725.0,15
8200981,氧顏森活桂花白茶賦活亮白面膜2入,適合暗沉、缺水肌膚,1724.0,9
7108529,澡享BODY愛抗菌沐浴乳900g-月桃梔子花,成分*95%以上源自天然,1724.0,8
7089142,海倫仙度絲去屑洗髮乳750ml-檸檬清爽(新舊包裝隨機出貨),1.去屑:配方給你去屑保護,1723.0,7
7750771,Lilybyred 點滴時刻眼影盤 (多款任選),奶霜般的霧面色和亮片凝膠,1722.0,7
7790573,雪蕾兒 高腰提臀無縫修飾褲-F,3D蜜臀舒適高彈無縫一體,1721.0,9
7386528,Mdmmd.Upra美白保濕乳40ml,"美白救星α熊果素,阻黑淨班成就白皙新高度",1720.0,2
8094281,【廠商直送】Style格調-五層圓形可旋轉收納置物架,滾輪設計，移動方便,1718.0,2
7525691,ARTiS di Voce彩色指甲油 15mL (01-16),百搭的Artis裸色系指甲油,1716.0,14
7094454,待刪除-I DEW CARE美唇油3.5ml-覆盆莓C,添加覆盆莓籽油、維他命C和E,1715.0,7
7098845,Biore淨嫩沐浴乳補充包700g-熱情木槿花,熱情活力的木槿花香氛，感受如夏日般恣意湧動的歡愉,1714.0,14
7484643,hold黏-通用型膠黏補充包60周3入(新舊包裝隨機出貨),菱形膠紙好撕取,1713.0,17
7083767,歐洲Barwa奢華SPA雪松香氛皂190g,來自歐洲波蘭在地生產,1713.0,17
7098430,正福堂鹹蛋奶酥288g,"香脆好吃,添加鹹蛋黃增加香氣",1711.0,19
7087894,KAFEN還原酸系列控油洗髮精(淺藍)250ml,調理頭皮 讓頭髮保持清爽的美好狀態,1710.0,18
7060029,施巴潤澤護唇膏SPF30  4.8g,四重防護與SPF30，乾裂雙唇恢復光澤與柔嫩！,1710.0,9
7271553,VOLA 30D全彈中統襪6雙入-黑,寬口設計 舒適壓力包覆腿部,1710.0,6
7153601,DND厚跟紓壓皮拖-精品系列3色任選,超厚後跟設計-包覆多層次軟墊，釋放腳跟壓力,1709.0,10
7207704,蘇菲彈力貼身Happy Catch18片日用23cm,五小時吸收長時間安心不漏,1706.0,20
7579861,POYA酥酥米泡芙15g-有機黑糖,有機黑糖,1705.0,31
7310320,刷樂雙線超細滑牙線棒散裝量販包150支入,超高強韌拉力 不易斷裂,1705.0,15
7089085,媚點 纖長不結塊睫毛膏,一刷更顯纖長,1704.0,8
7426776,三詩達結晶鹽牙膏藥用鹽,4901616005266,1701.0,21
7044541,3M抗痘凝露Acne Gel 15ml,抗菌抗痘: 抗菌成份Piroctone Olamine，預防新痘產生,1701.0,9
7426769,GUM牙周護理牙膏140g,4901616009721,1701.0,9
7105814,驅塵氏地板黏塵拖補充包,獨家好撕切刀設計,1701.0,9
7432265,曼秀雷敦HandVeil清爽護手凝露70g,4987241113507,1701.0,9
8565320,【廠商直送】巧奇馬卡龍成人口罩30入3盒-多色擇一,符合國家醫療器材品質管理系統準則，認證字號QMS5159 號 符合國家檢驗標準CNS 14774.14775,1701.0,3
7559198,百特旅行手捲式壓縮袋2入-多種尺寸任選,免吸塵器免抽氣筒也可輕鬆使用,1700.0,20
8119094,1028 ARTISAN 極翹睫毛夾,符合亞洲眼型弧度設計，搭配彈力適中墊片，輕鬆一夾，睫毛瞬間自然Ｃ型捲翹，持久不垂。,1700.0,10
7094462,SOFINA漾緁輕妝綺肌長效粉餅-2色任選,防止因出油造成的泛油光及脫妝的長效控油持妝配方,1700.0,5
7049921,賽吉兒菁萃潔浴凝露-加強型250ml,特別適用於生理期.孕期產後及運動後,1700.0,4
8215011,帕妃雯超凝水零死角淨潤卸妝膏75g,「不需使用刮勺」的柔軟質地,1700.0,2
8563299,【廠商直送】航海王行李箱24吋-藍,側邊配置TSA安全鎖及軟質PU側手把，增加提握舒適感。,1700.0,1
7105589,艾瑪花園檸檬馬鞭草馬賽液態皂500ml,促進角質代謝，肌膚保濕柔滑鎖水,1699.0,7
7600562,RICO-真空提把保溫碗-兩色任選,304不鏽鋼材質，不生鏽，不氧化,1699.0,3
8133941,【預購】JoMalone黑莓子與月桂葉香水30ml_花盒版,9200000000548,1699.0,1
7447549,UCC冠軍監修甘醇橙香咖啡豆225g,甘醇橙香由世界盃虹吸咖啡大賽冠軍楊衣姍親手打造的特調配方,1698.0,6
8279558,雀巢纖維佳5g*25包,無色無味，快速溶解,1698.0,2
7145383,J-Lin UP20%增長裸妝深邃 160枚,如何讓眼睛細長勾人，但又充滿清新感～,1696.0,14
8543121,日本巡禮溫泉粉30g*18包-養生泉,日本知名溫泉泡湯體驗,1695.0,5
7404032,Bathclin日本名湯奢華幸福入浴劑30g_14P,4548514153943,1695.0,5
8121455,日本名湯溫泉粉30g*14包-極上奢華,嚴選湯感，模擬名湯的色香成分,1695.0,5
8126156,聖岡節能分接插座2USB/2插頭,智能分流設計，急速充電,1695.0,5
8237306,日本地球製藥溫泡露天溫泉入浴劑30g18入,,1695.0,5
7557460,澳寶精油洗髮露480g-橙花香氛,"蘊含苦橙花、雞蛋果和稻米萃取精華,活化缺水髮絲,鎖住頭皮水分,改善乾枯毛糙,恢復秀髮柔順不打結。",1693.0,7
7060489,寵愛之名維B舒緩保濕面膜4片,維他命B立即補水、舒緩修復敏弱肌的不適,1693.0,5
7404385,Aji蘇打餅盒裝300g-多款任選,輕鬆少負擔,1691.0,19
8148606,S.D.R.精品格調茉莉麝香洗手乳500ml,品味生活 簡約奢華,1690.0,10
8581462,MEKO顏值覺醒打亮餅(共2色),質地保濕服貼,1690.0,10
8542830,STDEOX浴廁淨味消臭力6ml-多款任選,日本原裝進口,1690.0,10
7105484,美源花果香快速染髮霜-4RU紫棕色,採用Crystal Cream技術染髮過程清新不刺鼻,1690.0,10
7108684,飛柔精純熱油髮膜300ml(新舊包裝隨機出貨),精純熱油精華髮油,1690.0,10
7054172,歐樂B充電兒童電動牙刷-D100(圖案隨機出貨),全機防水品質保障，符合人體工學的防滑塑膠握把,1690.0,1
8154122,usmile音波震動電動牙刷-兩款任選(新舊包裝隨機出貨),IPX7 全機防水,1690.0,1
7329949,上山採藥山茶花護髮洗髮露430ml,富含山茶花與蘆薈萃取，保濕鎖水、均衡油脂分泌並減少斷裂，給秀髮極致柔順力。,1689.0,7
7275820,上山採藥艾草潤髮乳430ml,"添加艾草萃取搭配柔潤因子, 修護髮質並改善秀髮毛躁現象 從髮根到髮尾完整修護柔順一整天",1689.0,7
8589927,待刪除-【廠商直送】Tangle Teezer王妃梳 劍橋完美梳(新)-蜜糖桃,綁馬尾、盤髮髻做造型梳髮神器,1689.0,3
8586149,待刪除-【廠商直送】Tangle Teezer王妃梳 里茲吹整梳-黑色,英國專利護髮梳，熱銷全球,1689.0,3
8195553,聲寶五段式專業音波震動牙刷-白,五種音波模式,1687.0,2
7044335,高絲絲芙蒂深層淨化卸粧油230ml,針對毛孔日益粗大問題，徹底清除頑固粉刺和毛孔髒污,1685.0,6
7186695,花香5沐浴乳1000ml-彈力嫩白,富含優質維生素及礦物質，帶給肌膚青春活力。添加有機玫瑰水 – 優異保濕效能，可均衡膚色，讓洗後肌膚更加彈性、柔嫩、明亮,1683.0,17
7436680,格安德兒童平面醫用口罩50入黃,4713072040312,1683.0,17
7278914,高露潔含氟健齒凝露兒童牙膏90g(包裝隨機出貨),全新升級!,1683.0,17
8190511,花仙子去味大師抗菌浴廁消臭補充7ml花香,專利消臭膠囊，淨味消臭60天,1683.0,17
7091842,OTTOGI韓國不倒翁海帶芽50g,"直接泡水就可以吃,涼拌.煮湯~輕鬆方便又美味",1683.0,17
7436488,KURORO幼幼3D口罩10入彩虹粉黃綠,4712937971617,1683.0,17
7629447,I’M MEME我愛眉好逼真極細眉筆 (多款任選),筆芯質地滑順，精準勾勒、不結塊超持久。,1683.0,9
7258059,JUSOKURO 2分鐘去黑頭粉刺泡泡奇蹟鼻膜50g（新舊包裝隨機出貨）,毛孔清潔,1683.0,3
8032280,麗奇14度牙周對策牙刷-寬版極細軟毛,寬面刷頭能更有效快速清潔牙齒與牙齦。,1680.0,16
8243691,妙潔直火安心特級鋁箔30cm*8m,高規格全新鋁材,1680.0,16
7122819,ACE SUPER KIDS機能Q 14入-DHA,100%無添加人工色素、人工香料、防腐劑,1680.0,14
7042082,Solone大藝術家玩色F07遮瑕刷,1. 1.5mm 超極細膠質筆芯，即使精細線條也能輕鬆描繪。,1680.0,10
7140122,HELLO BUBBLE泡沫染髮劑-7K灰卡其棕,韓國流行時尚大勢髮色,1680.0,8
7049924,賽吉兒菁萃潔浴凝露-加強型100ml,特別適用於生理期.孕期產後及運動後,1680.0,7
8209338,ARTiSx林葉亭指緣油-夜來香與茉莉,時尚造型達人林葉亭聯名,1680.0,6
7268677,TS6護一生沁涼潔淨凝露250g,"雙效薄荷涼感因子x清甜優雅木質香調,啟動全日清新舒適",1680.0,4
7049818,TS6護一生淨白植感慕斯180g,●專利益菌TS-2L、玫瑰草、茶樹精油減少私密問題。,1680.0,4
7470354,巴黎萊雅男士八效勁能護膚組,深度清潔,1680.0,4
7122446,成功兩用小腿按摩拉筋板(綠),立體按摩顆粒，3段可調高度  背面凹槽設計，不會壓迫脊椎，增加舒適感,1680.0,3
7702528,【廠商直送】H&H遠紅外線奈米鋅抗菌蓄熱被,具有蓄熱保溫,1680.0,1
7427193,京美_循環衣,4710578593502,1680.0,1
8083141,【廠商直送】德律風根義式濃縮咖啡機LT-CM2049,高壓3.5bar，瞬間沖煮濃郁Espresso。,1680.0,1
8051066,ZENITH_Q10長青十倍素膠囊30粒,4717143220108,1680.0,1
8475618,【廠商直送】MIYA 溫控美顏玻璃養生壺/快煮壺 MY-KT221-陶白色,40-100度六段智能溫度設定,1680.0,1
8475593,【廠商直送】MIYA 溫控美顏玻璃養生壺/快煮壺 MY-KT222-藕粉色,40-100度六段智能溫度設定,1680.0,1
8273880,【預購-廠商直送】祥和福兔迎祥蔬食年菜套組(預計出貨日2023/1/13),台北米其林必比登唯一連續4年推薦蔬食餐廳,1680.0,1
7537621,韓國辣炒年糕麵253g,甜甜辣辣的辣炒年糕麵，是最道地的韓國國民美食,1677.0,13
7094815,立朵舒私密潔浴露加倍修護60ml,加強防禦，舒緩不適,1677.0,13
7320844,超萌俏皮動物室內布拖鞋,萌趣俏皮風格 可愛動物造型,1677.0,13
7622552,御膳坊-316寬口冰霸杯附吸管900ml,直飲外蓋，方便飲取。,1677.0,3
7203474,吉列鋒隱無感動力刮鬍刀-1刀架2刀片,旋轉刀頭剃鬍無死角,1677.0,3
7432259,樹之惠天然樹液足貼30枚入-葡萄柚,4975729200917,1677.0,3
7098736,優倍多男性綜合維他命軟膠囊魚油配方60粒,強化男性所需25種營養素,1676.0,4
8196461,可瑞絲胺基酸去屑洗髮精600ml控油勁涼,17種胺基酸 從髮根處補充蛋白質，強健頭皮與髮根,1674.0,8
7724990,台塑溫潤舒活洗髮精三代580g,1.植物來源的APG潔淨成分搭配弱酸性豐泡設計，能溫和潔淨頭皮髒汙。,1674.0,6
7323665,韓國ShowerMate微風如沐沐浴乳1200g-香甜柚,天然成分產生的綿密泡沫，放心洗淨。,1674.0,6
7403951,EARTH-CHEMONPO森林碳酸溫浴入浴錠(4種×5錠),4901080558312,1674.0,6
7827349,【廠商直送】Ronever 3.4A USB充電器(3孔)-兩色任選,適用行動電源、平板電腦、手機、數位相機...等設備充電。,1674.0,6
8183956,Persil寶瀅洗衣抑菌劑1L,在低水溫15°C即可發揮作用,1673.0,7
8608297,FOODAHOLIC爛漫花妍護手霜禮盒30ml*5入,歐洲堅果籽油和葡萄籽油,1673.0,7
8489753,森田藥粧瞬效安瓶潤導修護面膜4入,添加3種修護因子,1673.0,7
7082757,台塑水律輕盈潤絲乳/粉530g,微米極智能修護因子植入髮芯,1673.0,7
7044885,小甘菊純淨無香護手霜75ml,以德國傳統栽植的洋甘菊為基，添加保濕甘油，一流吸收度、無黏稠感，就像隱形手套一般保護雙手,1672.0,11
7665291,韓國IM UNNY超極細柔滑眼線膠筆0.05g,零暈染 長效維持完美眼線,1672.0,8
8167613,【廠商直送】RASTO-AH4紫外線3段定時恆溫烘乾器,定時恆溫烘鞋器 恆溫烘乾,1672.0,2
7689586,風倍清織物除菌消臭噴霧370ml-檸檬草,真正除臭非掩蓋．獨家專利科技,1671.0,9
7958495,Baby Bright亮眼滾珠精華15ml (多款任選),眼周提亮、淡化黑眼圈、補水保濕，舒緩眼部肌膚疲勞,1670.0,10
7271649,日光垃圾桶3L-多款大小任選(顏色隨機無法挑色),直條紋簡約設計,1669.0,19
7319521,裏起毛保暖褲襪-黑M-XL,伸縮性良好不束縛,1668.0,12
7062764,嬌生嬰兒純水柔溼巾加厚型80片3入,含優質純水配方,1668.0,12
7088694,Biore淨嫩沐浴乳1000g-熱情木槿花香,全新升級 礦物來源溫和潔淨配方，讓你在香氛輕舞中實現淨亮柔嫩,1668.0,12
7602238,Curél潤浸保濕屏護力蜜粉4g,使用後肌膚透亮，粧效自然持久,1668.0,3
7169454,(箱購)蘇菲彈力貼身超薄潔翼14片4入日用23cm(12組/箱),超瞬吸小孔表層,1668.0,1
7253911,妮維雅男士全效潤膚霜75ml,含維他命E，質地清爽不黏膩，,1666.0,14
7403769,Pelican純植物無添加天然皂85g(3入),4976631605333,1666.0,14
7098398,珍珍香烤魷魚條80g,特選原料-魷魚為海洋迴游性動物.於寒帶無污染海域撈捕.故肉質特別豐厚鮮美.經急速冷凍新鮮保存,1666.0,14
7222101,樂扣樂扣PP經典水杯690ml-莫蘭迪粉,安全無毒 不含塑化劑、雙酚A,1666.0,14
7229401,高絲涵萃潤肌精洗顏霜128ml,添加和漢植物淬取液以及發酵玻尿酸G,1665.0,15
8051263,去味大師抗菌浴廁消臭劑_晨晞麝香7ml,4710731041116,1664.0,16
8159854,SDI手牌輕鬆按限量包-多色任選,新滾輪設計,1664.0,16
7401298,星之冠 3D雙頭修飾棒(遮瑕/修容),,1664.0,13
8494007,凱婷 零瑕肌密濾鏡校色霜 OR (24g),不只妝前飾色，更能妝後增色,1660.0,5
8504375,1028 好髮無傷玫瑰果護髮精油,專為乾燥、受損髮設計，清爽瞬效吸收。 ,1660.0,5
7540308,SANA豆乳美肌多效保濕凝膠霜/濃潤100g,"6合1多機能高保濕凝膠霜:化妝水、美容液、乳液、乳霜、面膜、妝前打底,洗臉後一瓶搞定,省時輕鬆保養。",1660.0,4
8552437,EDGEU沙龍凝膠美甲UV燈,大空間，整隻手都能舒適烤製,1659.0,3
7111986,雅絨/柔舒毛巾(擦髮巾)-4色任選,"超柔親膚觸感,舒適,吸水",1657.0,13
8505447,【廠商直送】永恆系列 100%天絲 沉穩灰 被套-雙人,60支高級天絲，絲滑柔順,1657.0,1
7105120,首爾DESIGN方形鯊魚夾磨砂(大)-5款任選,色系超漂亮的韓系髮夾抓力也很棒唷~可以夾公主頭或整個盤起來都很美滴,1656.0,24
7064247,凡士林玫瑰瓶裝護脣膏7g,玫瑰香氣,1656.0,24
8573672,統一生機有機甘栗150g,獨特蒸煮工法，口感鬆軟綿密、風味香甜濃郁，免剝殼，老少咸宜。,1656.0,24
7186694,綠的抗菌沐浴乳補充包700ml-多款任選,柳蘭萃取抗菌成分及Chlorhexidine抗菌配方。,1656.0,12
7951297,瑪榭20丹無痕透明防爆線褲襪-六入組-兩色任選,臀部透明防爆線,1656.0,4
7125501,美吾髮植優護髮染髮霜40+40ml-香檳玫瑰,"花植菁萃溫和配方,減少頭髮傷害",1656.0,4
7278976,樂品壓縮面膜(果凍包裝)24枚(新舊包裝隨機出貨),●壓縮式面膜，輕便攜帶,1653.0,27
7522427,Solone專屬訂製濾鏡蜜粉撲,細緻絨毛親膚不刺激，柔軟蓬鬆觸感，均勻釋粉，打造濾鏡般輕透妝感,1652.0,28
7055623,OTTOGI韓國不倒翁金拉麵5入-原味,韓國人氣拉麵,1651.0,9
7522454,Solone多功能勻臉刷,精選刷型可作為蜜粉刷或腮紅刷使用，類羊毛刷毛親膚柔軟，釋粉均勻，妝容輕薄服貼。,1650.0,15
7097337,天仁茗茶-茉香綠茶100入/盒,純天然飲品,1650.0,11
7480152,双養人參大補雞60g,4715404060937,1650.0,11
8187820,Mude濃密睫毛膏 (多款任選),濃密捲翹,1650.0,3
7391296,蠟筆小新三格不鏽鋼隔熱便當盒-多色任選,分隔設計、飯菜分離不串味。,1650.0,3
8214900,NOTORIOUS金盞花葉黃素30顆,選用日本知名原料大廠Bio Actives所研發之高品質金盞花萃取，游離型態好吸收，葉黃素和玉米黃素含量達黃金比例10:2，搭配蝦紅素、山桑子萃取、香檸檬萃取、黑胡椒萃取等多種有益複方,1650.0,2
8133938,【預購】JoMalone英倫果醬市集橘子果醬香水30ml,9200000000545,1650.0,1
8248581,【廠商直送】Kamera - 微電腦時尚蒸煮飯盒,一鍵式電腦觸控；燜煮蒸燉，樣樣精通,1650.0,1
7098899,曼秀雷敦男士洗髮精550ml-健髮去油,"添加Niacinamide健髮成分, 從根源活絡毛髮,強韌髮根, 維護頭髮健康",1649.0,11
8504081,樂扣樂扣微笑騎士不鏽鋼隨行杯540ml綠,直飲上蓋：易於直飲的設計,1648.0,2
7105719,樂扣樂扣耐熱玻璃盒230ml-3入-圓,市面唯一可連同上蓋一起進電鍋蒸的副食品調理盒,1647.0,3
7403915,MANUP近江水鏡菁粹面膜10枚,4562227459055,1647.0,3
8175933,【廠商直送】AAA-心型三層馬桶架-鉻色,主體上下插管相接，輕鬆組裝不費工,1647.0,3
7054164,Crest鑽白音波電動牙刷刷頭2入,鑽白音波科技，仿效牙醫拋光技術,1647.0,3
7432198,Shikioriori紅椿花洗髮精補充包450ml,4513574006423,1646.0,24
7111997,霓淨思玻尿酸保濕滲透乳液30ml,結合神經醯胺與克拉瑪斯湖藍藻,1645.0,5
7171734,BIOLISS植旅乳木果油護髮乳200g-輕柔,給秀髮的苾歐莉絲‧我的嚴選植物呵護,1645.0,5
7822550,Natural Look HAIRFOOD 色亮護色洗髮精375ml,色亮護色系列含有無色指甲花，是無色的天然有機蛋白質。,1645.0,5
7097225,施巴5.5嬰兒防曬保濕乳SPF50 50ml,專為易敏寶寶設計,1645.0,5
7432342,沙龍級白髮用快速染髮霜5自然棕100g,4904651181551,1645.0,5
8543966,妖制 蛋黃派氣墊粉撲(三入組),全款式乾濕兩用 打濕使用底,1642.0,14
7160552,凱蒂娃娃 零油光蜜粉4.5g,向油光滿面說再見,1640.0,10
8213613,【廠商直送】Catchmop不留水痕玻璃專用抹布,專利新概念清潔抹布,1640.0,5
7564316,星之冠天然竹製按摩氣墊梳-多款任選,"\"\"\"天然竹打磨成圓潤齒梳",1639.0,11
7064260,蕊娜制汗爽身膏-淨白制汗 40g,48小時長效制汗，清新一整天,1639.0,11
7092179,好自在隔菌液體衛生棉8片日用24cm,超強黑洞吸收力 吸收後輕薄依舊,1639.0,11
7232945,CHIC CHIC日本製造型髮束-多款任選,跟著日本流行趨勢走~~高貴典雅，百搭精選,1639.0,11
7064253,蕊娜淨白制汗爽身香體露 50ML,配方含淨白精華「葵花籽油」，能有效淨白腋下,1639.0,11
7094553,優若美痘痘貼伶巧薄28入,美國進口醫療級水膠體敷料,1639.0,11
8020160,輕甜亮彩室內布拖鞋,加厚海綿 舒適輕盈,1639.0,11
7250648,樂品幼童醫用口罩50枚盒裝-天空藍,高透氣,1639.0,11
7523482,ShibuyaOil-SOC馬油滋養潤唇膏4g,4974297274214,1639.0,11
7661162,薄燒脆片甜奶油風味50g,4902775067652,1638.0,42
8045418,瑪榭腳踝加強足弓機能運動船襪-多色多尺寸任選,360度足弓防護設計，抗疲勞及運動傷害,1637.0,23
7055509,7D菲律賓宿霧芒果乾70g,知名芒果大廠嚴選製法，享受最天然的美味,1635.0,15
7090942,INTEGRATE 美一天護甲潤澤去光水,"添加植物油 ,亮澤&潤澤成分能迅速卸除指甲油的呵護型去光水",1632.0,16
8148501,潘婷黑亮修護潤髮精華素700G,"ProV精華, 全新V醇滲透科技, 10倍滲透髮芯, 強韌髮絲, 48小時修護",1632.0,8
8613179,Za頰光溢彩單色腮紅5g,野餐時光 氣泡蜜桃 晚霞迷醉 你好春日,1632.0,6
7811362,日本EMAL防縮洗衣精500ml-清新草香/綜合花香,日本原裝進口,1630.0,10
7273147,蔴鑽檸檬薑茶3.5g*15入,薑的用途廣泛廣受喜愛,1628.0,11
7105119,首爾DESIGN交叉弧形抓夾合金波浪-3款任選,色系超漂亮的韓系髮夾抓力也很棒唷~可以夾公主頭或整個盤起來都很美滴,1627.0,13
7301612,全新敷料薄膜貼布M-5cm*1m,"\"\"\"高防水/高透濕 (洗澡游泳適用)",1625.0,13
7225360,Mdmmd.抑菌衛生棉6片涼感33cm,吸水力升級!經SGS認證夜用型50.62倍吸水力,1622.0,18
7309430,Tryall全分離乳清蛋白35g-鴛鴦奶茶,"市場最高蛋白質含量 ,每包含有 28g 蛋白質",1620.0,36
7737391,VISEE魔法捲翹定型睫毛液,即使不用睫毛夾，睫毛也能持久捲翹 UP & KEEP！,1620.0,6
8616052,EDGEU凝膠美甲貼-設計款412 EGG FLOWER ♡BALLOON,可愛又繽紛的愛心和糖果色,1620.0,3
7319696,御衣坊小蘇打1kg,清除家中難聞異味,1617.0,33
7363557,JR生活館馬桶芳香潔廁劑4入,每顆約可使用250次,1617.0,33
7636565,【廠商直送】奇檬子洗衣膠球44顆*2包-英國梨小蒼蘭,潔淨、柔護、除臭、抗菌、香氛五效合一,1617.0,3
8544924,媚比琳 超激細抗暈眼線液 抗手震版 黑色明星組,職人級抗手震0.01mm筆尖,1617.0,3
8036824,Gemini森林物語超柔紗布浴巾-多色任選,甲醛與福馬林通過CNS國家標準,1617.0,3
7098686,力度伸維他命C+鈣+D3發泡錠15錠,維生素C可促進膠原蛋白的形成，增進骨骼及牙齒生長,1616.0,4
7350055,樂扣樂扣第二代耐熱玻璃保鮮盒圓形950ML/白,採用耐熱400℃玻璃材質，烹調保鮮一手包辦,1614.0,6
7048725,SOFINA漾緁控油瓷效妝前隔離乳 進化版,長效控油持妝配方，延緩出油,1614.0,6
7182943,自白肌玻尿酸保濕極淨卸妝水 240ml,不添加香料酒精配方,1614.0,6
8037510,樂品極淨水負離子蓮蓬頭,304不鏽鋼面板,1614.0,6
7098880,莉婕泡沫染髮劑108ml-水晶紫羅蘭色(新舊包裝隨機出貨),1. 配方新升級，深色髮也能輕鬆上色，打造出沙龍級柔和透亮髮色。,1614.0,6
7325861,VOLA 全觸屏防水手套-黑 L/男款,360度全觸控，操作無死角,1614.0,6
7169944,自白肌極潤玻尿酸水凝露 50g,6效多功獨特玻尿酸保濕科技,1614.0,6
7523174,P&G_Ariel超強潔淨4D洗衣膠球22P補,4987176062727,1611.0,9
7088414,妮維雅止汗乳液美白精華40ml-北海道玫瑰,5天有感美白,1611.0,9
7931484,P&G_Bold衣物柔軟4D洗衣膠球清爽22P補,,1611.0,9
7258058,白雪姬軟化小肉芽聰明刷頭凝膠-日用8g,"日間調理肌膚,促使肌膚表面凸起小顆粒柔化",1611.0,4
7055434,Biore透白細緻洗顏慕絲 160ml,SPT日本淨膚鎖水技術,1610.0,10
7170773,阿葵亞淨水賦活潤髮乳600ml,潔淨力升級！頭皮爽快、髮絲輕盈柔順！,1610.0,7
7091028,INTEGRATE 輕染潤唇采筆仙履奇緣限定,加倍保濕的限定色,1610.0,7
7355501,日式情侶拖-多色任選,拖鞋輕盈好走靜音不吵鬧，鞋底防滑，室內外都適穿，男女款多色任選,1609.0,11
7063490,露得清水活保濕液150ml,超豐沛水感─含高純度玻尿酸，能於使用後立即釋放大量保濕因子，爲肌膚注入清新潤澤的水份，瞬間補充肌膚含水量，賦予肌膚超豐沛水感！,1608.0,6
8266042,3D玫瑰分隔收納袋-多款任選,分類收納小幫手,1605.0,13
7170732,hanboly絲瓜玻尿酸美白噴霧化妝水250ml,"洋甘菊萃取,具有舒緩、淨化與調理肌膚、維護肌膚的健康,並能修護與保濕肌膚,賦予肌膚柔嫩光滑",1603.0,7
7108667,沙宣護色亮澤潤髮乳500ml,"讓秀髮染後更閃亮,有效修護染後受損",1603.0,7
7309454,Tryall全分離乳清蛋白35g-泰式奶茶,"市場最高蛋白質含量 ,每包含有 28g 蛋白質",1600.0,32
7042083,Solone大藝術家玩色E01眼窩鋪色刷,1. 3.9mm三角極細刷頭，360°刷出根根分明的自然天生睫,1600.0,10
7993531,爾木萄淨顏美肌三色遮瑕盤,‧專為黑眼圈設計，橘粉色遮瑕更好遮。,1600.0,5
7391396,VIGILL蔓越莓私密益生菌20份-日夜雙護,專利活菌+36mgPAC，私密健康維持日夜對策,1600.0,2
7786558,【廠商直送】KS-繽紛點點專利調整型蠶絲內衣,專利蠶絲親膚舒適,1600.0,2
7786427,【廠商直送】KS-蠶絲專利機能透氣內衣,專利蠶絲親膚舒適,1600.0,2
7832695,HelloKitty手口柔濕巾70抽_加蓋,4715664503755,1599.0,41
7114955,安多精品 免洗枕套 2入,乾淨衛生,1598.0,22
7292422,尼客特成人輕巧攜帶型電動牙刷-多色任選,小巧精緻附防塵蓋，攜帶方便,1598.0,2
7665717,CQ思珂 極奢蜂王乳賦活霜,與時間抗「痕」，7天提升膚況有,1598.0,2
7121987,【E•Heart】機能型壓力褲-尺寸任選,"舒適型布料,包覆不緊繃,拒絕鬆弛!",1598.0,2
7470897,宣若染色護髮膜_深橄欖棕色,4549228119089,1598.0,2
8212571,【廠商直送】Catchmop多用途神奇拖把組合-1桿+1布,清潔從細塵到微小碎屑,1598.0,2
7889665,【廠商直送】 E-books SS28 藍牙文青風摺疊耳機,音樂播放與通話模式自動切換,1598.0,2
7907911,【廠商直送】PROFUSION 35色眼影盤 - 沙漠幻景,Profusion精選35色珠光眼影，沙漠幻景陽光熱情，海市蜃樓神秘一閃即逝，屬於沙漠的金屬配色，滿滿埃及豔后的當代風采，珠光輝煌一如艷后現世，奢華絕美，風華絕代，隨心所欲個性大膽，色調鮮明風光無限!,1598.0,2
7094467,碧歐斯BIO V逆齡緊膚霜45g-加強緊緻透,,1598.0,2
7620331,碧歐斯BIO V逆齡極緻緊膚精華30ml,針對肌膚老化、不緊實之肌膚狀態，配合專業精密緊膚科技,1598.0,2
8556315,【廠商直送】KINYO-玻璃快煮壺1.8L,加熱盤採用304不鏽鋼材質，升溫快速，節能省電。,1598.0,2
7098738,優倍多芝麻E舒眠軟膠囊60粒,日本專利麩胺酸發酵物(含GABA) 和芝麻素，幫助入睡,1598.0,2
7450002,KHS-3301珍珠光溫控髮妝梳,40顆3D矩陣排列齒梳,1598.0,2
8504085,樂扣樂扣拉環彈蓋保溫瓶490ml海軍藍,上蓋具有隱藏式手柄提取更方便,1598.0,2
8453993,CK ONE 中性淡香水 100ml,,1598.0,2
8403270,Victoria豆豆絨抗菌冬被雙人150x200cm (限宅配),,1598.0,2
8237356,全日營養賦活青春彈力精華錠15粒,,1598.0,2
7345411,【廠商直送】Playful Toys 頑玩具 37鍵立式豪華鋼琴,豐富曲風/8種樂曲,1597.0,1
7231903,棉花共和國 舒適合身彈力三角褲3入-顏色隨機出貨,瞬間涼感，透氣散熱，涼感暢快,1596.0,7
7246204,護妍天使健康平衡安肌水200ml,穩定肌膚屏障及提升防禦力,1596.0,4
8117119,ALPRON乳清蛋白粉250g草莓風味,4571194860238,1596.0,4
7425697,Leanani纖長飛揚睫毛膏6ml,4582398421743,1596.0,4
7488002,韓國 IM UNNY 玫瑰柔霧妝前凝露 30g,清爽保濕 無黏膩感,1596.0,4
7432906,肌研光透潤瞬效補水面膜6入,4719865615132,1596.0,4
7425698,Leanani濃密捲翹睫毛膏6ml,4582398421729,1596.0,4
8549111,Teens 拉鍊長夾 多款任選,內側有零錢包夾層設計，左右兩側皆有卡位。,1596.0,4
7799167,舒摩兒淨潤平衡組,首發私密益生元 獨家四重平衡 完美專業配方 不增加私密負擔,1596.0,4
7497860,弧型可愛吸水地墊-兩款任選,吸水/可愛/居家門墊,1596.0,4
7445400,Baby Foot寶貝腳3D立體足膜-柑桔清香,柑橘清香PH3.6安全、去除老厚腳皮,1596.0,4
7698011,CINQUAIN思珂 超水感高效防曬精華SPF50++++,超時耐磨粒子，長時間戴口罩依然,1596.0,4
7931640,利捷維有酵維生素C口嚼錠60錠,4713575131364,1596.0,4
8117120,ALPRON乳清蛋白粉250g咖啡歐蕾風味,4571194860245,1596.0,4
7703185,OMORY奈米絨珪藻土地墊-大理石紋扇灰,珪藻泥重量輕，可摺疊 捲起好收納,1596.0,4
8169268,PK-DC002 寶可夢大浴巾75x150cm,觸感柔軟，親膚舒適,1596.0,4
8185675,HELLO KITTY x NYA浴巾,100%棉，與皮膚親和力優,1596.0,4
7380435,鍋寶超真空保溫杯550cc-粉色,316不鏽鋼內膽，抗氧化、耐腐蝕,1596.0,4
7570829,韓國DERMAL積雪草神經酰胺精華液50g,添加積雪草和神經酰胺成分的低刺激精華,1596.0,4
7054587,日本味王窈窕元素膠囊90粒,★代謝感 X 窈窕感 超速升級,1596.0,4
7098727,三多女性芝麻鎂複方錠60錠,對象族群:女性保健、熬夜族、工作壓力大者，調節生理機能、幫助新陳代謝與營養補充,1596.0,4
8128006,我的心機淨化角質霜150ml頭皮沁涼,頭皮煥活三步驟，深層淨化、滋養頭皮、調節皮脂。,1596.0,4
7064470,曼秀雷敦水潤肌瞬間清爽防曬噴霧-清新香氛,輕鬆一噴， 秀髮.背部.後頸.腳趾等全身皆可迅速完成UV防護,1596.0,4
7818731,HELLO CREAM染髮霜-10WC 珊瑚橘棕,1. 新! 僅集全部優點開發的緊緻光滑啫喱質地!  提升便利性的同時改善護理的質地!   極強塗抹性，易於塗抹，不滑落，緊密貼合於髮絲！,1596.0,4
7497448,麥提莎麥芽脆心巧克力歡樂桶465g,,1596.0,4
7640051,妮維雅三重防護水感防曬凝乳180ml-涼感,,1596.0,4
8129945,韓國isLeaf8秒熱感安瓶護髮素200ml茉茉,,1596.0,4
7083818,Phyto Derma朵蔓頭皮淨化洗髮精400ml-控油蓬鬆款,無矽靈，利用植物的力量，添加金縷梅成份，深層清潔頭皮，控油，平衡油脂分泌，獨特草本配方，調節頭皮油脂分泌，清涼暢快，潔淨蓬鬆頭皮清爽，讓秀髮回復自然蓬鬆感。,1595.0,5
7817270,韓國IM UNNY柔霧控油粉餅8g,持久嫩白 霧化毛孔,1595.0,5
7089094,凱婷 飾色打底唇膏,校色修飾暗沉,1595.0,5
7063488,露得清挪威系列身體潤膚乳液450ml,深層滋潤的挪威護膚配方富含親保濕甘油，質地清爽柔細，溫和不刺激，只要一點點，能迅速滋養乾燥肌膚，帶來長時間保濕效果。,1595.0,5
7108554,艾惟諾燕麥沐浴露354ml,突破性配方結合天然燕麥萃取，潔淨同時滋潤。含天然植物油，有效鎖住水份，讓你的肌膚一整天都感到柔軟與光滑。,1595.0,5
7524529,伊露恩草本染髮霜3號明栗色,4989834202094,1595.0,5
7262059,OMORY 不鏽鋼覆膜防滑衣架10入40*19-混色,圓弧掛勾 光滑不傷衣物,1592.0,11
7344121,WINMAX 兒童專用水性指甲油-10ml,法國專利配方，對兒童指甲安全，鮮明亮澤色彩!,1592.0,8
7089826,ON THE BODY 香水沐浴精900ml-夢幻紫羅蘭,前味 : 佛手柑、柑橘、葡萄柚,1592.0,8
7786048,【廠商直送】41度C蒸氣熱敷眼罩5片-無香型,快速升溫、豐沛蒸氣、安全控溫,1592.0,8
7114963,藍盾騎士 極彈U型立體平口褲,XL–5X腰臀加大穿著體感更舒適,1592.0,8
7061230,星之冠防身噴霧器15ml,▲瓶身輕巧可隨身攜帶,1592.0,8
7797008,舒酸定長效抗敏清涼薄荷牙膏160g,給敏感性牙齒又想口氣清新的你,1592.0,8
7404129,AnimatoSHA無矽靈馬油昆布洗髮精700ml(新),4580163532557,1592.0,8
7251136,Medicare電動牙刷刷頭2入-多色任選,齒縫之間 淨掃無遺,1592.0,8
7853026,妮維雅純萃身體乳350ml-天然有機蘆薈,純萃保養 身體水凝乳系列,1592.0,8
7044518,森田藥粧玻尿酸水150ml,強效保濕、撫平細紋、鎖水保水功效,1592.0,8
7063526,思高-玫瑰玻尿酸淨白保濕乳液200ml,採用德國進口玻尿酸添加玫瑰水等淨白成分,1592.0,8
7431812,LuckySuperSoft純淨沐浴鎂鹽無香精544g,沐浴鎂鹽由硫+鎂組成，在泡澡時幫助身體補充礦物質，健康肌膚,1592.0,8
7060459,美吾髮玻尿酸植萃髮膜190g-小蒼蘭梨萃,美吾髮香水髮膜 60秒結構式瞬護,1590.0,10
7664235,簡單工房竹炭橫條毛巾3入,1.負離子抑菌、滅臭,1590.0,10
7588003,Kesho SE護髮染髮霜40g-寶石藍SB1,不添加 PPD 彩染系列,1590.0,10
7088655,MEN’S Biore 調理控油洗髮精750g,添加維他命E調理成分，使毛孔健康不易阻塞， 頭皮潔淨舒爽不油膩!,1590.0,10
7253657,JINYU 加大冰沁褲型絲襪3雙入-多色任選,腳尖防磨強化,1590.0,10
7057408,IM 完美服貼小熨斗粉底刷,25萬根細柔刷毛，底妝一熨無刷痕,1590.0,10
8006880,待刪除-LG竹鹽護齦牙膏120g-全效,"符合W.H.A.T. 設備管理規範，耗時1,416小時嚴格品質控管：",1590.0,10
7114791,綠的抗菌沐浴乳1000ml-洋甘菊(新舊包裝隨機出貨),柳蘭萃取抗菌成分及Chlorhexidine抗菌配方。,1590.0,10
8212578,【廠商直送】THE LOEL七彩夜燈斜角加濕器HF-01,低分貝輕音運作,1590.0,3
7105906,麗仕精油香氛沐浴乳1L-嫵媚迷香,凝萃恒香™ 精油,1589.0,9
7579860,POYA嗯嘛米泡芙25g-蛋黃,蛋黃風味,1587.0,23
7664415,我的心機無添加溫和潔淨保濕卸妝棉48抽,卸妝、潔膚、潤膚一片搞定!,1587.0,23
7636596,【廠商直送】康朵PM2.5淨化香氛膏100g*3罐,專除甲醛、PM2.5、苯等有害物質,1587.0,3
8591055,倍德萊金盞花葉黃素軟膠囊60入,"配方包含了專利酯化型葉黃素外,還結合了花青素(山桑子等素材)、DHA(與維生素A)及小米草萃取物全方位照護眼睛",1585.0,1
7076953,Aji黑糖一族-黑糖沙琪瑪500g,黑糖風味，傳統美味，鬆軟可口，質料最純，鬆鬆細細口感，風味獨特,1584.0,16
7116720,廣濟堂蠶豆酥350g-原味,淡淡香氣撲鼻而來，喀滋喀滋的，好酥脆！,1584.0,16
7754779,POP POP 玩色主義指甲油 (I001-I040多款任選),,1584.0,16
7042085,Solone大藝術家玩色E03重點勾勒刷,1. 零暈染，超強抗淚、汗、水、皮脂功能。,1584.0,11
7286083,Persil強效淨垢洗衣凝露補充包1.5L,纖維抗菌99% 含百萬去污分子,1583.0,7
8172814,多芬結構修護高效安瓶髮膜2入(3ml+12g),可洗前使用: 髮質受損嚴重時 (去完海邊/游泳/染燙後)可先護後洗，提供受損髪預先保護避免內部結構的蛋白質營養流失，達到進階的修護效果,1580.0,20
7062377,彩虹雨點草本沁涼護墊12片15.5cm,"\"使用的是\"\"專利\"\"食品級鋁箔夾鏈包裝，",1580.0,20
7588640,non-no 上班穿的褲襪-2雙入-多色任選,束腹,1580.0,10
7676277,舒酸定專業抗敏護齦牙刷3入-軟毛,建議搭配舒酸定抗敏牙膏,1580.0,10
7179585,三多葉黃素凍15g*12入,每份含有6毫克游離型葉黃素:人體無法自行合成的明亮營養素,1580.0,4
7054870,貝膚黛瑪3D水楊酸控油保濕乳30ml,【控油】獨家皮脂液化專利 調控油脂分泌,1580.0,2
7308040,賽吉兒夏季明星組(日用250ml+加強250ml),熱銷明星組合 私密肌膚頂級保養,1580.0,2
7172641,沙宣旅行用25mm陶瓷迷你捲髮夾,陶瓷塗層釋放大量負離子,1580.0,2
7224761,薇佳微晶3D全能乳霜60ml,一瓶解決多重肌膚問題,1580.0,1
8554144,【廠商直送】多立康輕舒眠GABA膠囊60粒X3,嚴選色胺酸.麩胺酸發酵物,1580.0,1
8532361,【廠商直送】VIIDA｜Wasser 不鏽鋼內瓷保溫瓶510ml - 多色任選,鈦陶瓷塗層內膽設計，耐腐蝕、抗酸鹼，好健康,1580.0,1
7982663,【廠商直送】美國Sundown日落恩賜 50倍濃縮蔓越莓軟糖(75粒/瓶),全球頂尖PACran專利品牌原料,1576.0,2
7260609,達樂美多良見果凍230g-白桃,日本原裝進口,1575.0,21
8045904,曼秀雷敦Lip Ice水果潤唇膏- 清新香檸 (LINE FRIENDS),清新果香添加，輕輕一抹，清新果香包裹雙唇，用水果香甜給雙唇和心情滿滿的滋潤！,1575.0,15
7369533,安多輕旅行 甜心純棉免洗三角褲 4入,"合身版型,符合人體工學",1575.0,15
7440338,樂特濃縮甘草喉糖,4710285000201,1575.0,9
7637860,台糖75%酒精擦濕巾30抽*3入,符合國家標準CNS食用酒精,1575.0,7
7060031,施巴5.5深層淨透潔面露150ml,專為亞洲肌膚設計，多重洗淨配方洗出清爽無油肌！,1575.0,5
7060373,dejavu睫采分明立體睫毛膏,1.5mm的「超極細三角刷頭」能輕鬆深入各睫毛，完整包覆不結塊，根根分明,1575.0,5
7434935,萬特力肢體護具膝黑色S,4972422030087,1575.0,3
8586133,待刪除-【廠商直送】Tangle Teezer王妃梳 利物浦攜帶梳-玫瑰金白,英國專利護髮梳，熱銷全球,1575.0,3
7098824,逸萱秀柔亮零毛燥洗髮乳補充包550ml,毛鱗片屏護科技,1568.0,12
8505011,【廠商直送】LAMINA涼感支撐腰靠墊-36*36cm-多款任選,表布採用舒爽涼感表布；內才柔軟又支撐，讓腰部放鬆,1568.0,4
7294208,日本AB上妝專用雙眼皮貼(膚色)-蝴蝶版,膚色材質，服貼好上妝,1565.0,5
8581871,EDGEU凝膠美甲貼素色款-115 PEACH SYRUP PINK BLOOM,用漸層的效果營造出了珊瑚色彩的設計,1564.0,4
8582121,EDGEU凝膠美甲貼素色款-707 FOREST GREEN,以低調   柔和的紅棕色做組合,1564.0,4
7601987,卜祥迷你特白棉花糖125g,輕巧包裝,1560.0,24
7385157,石墨烯船襪-多色任選,遠紅外功能,1560.0,24
7098337,麥維他消化餅隨手包176.4g,經典消化餅原味，添加小麥粉54%&全麥粉16%,1560.0,24
7255193,1/2少女襪2雙入-白條紋-多色任選,"舒適觸感,吸汗透氣",1560.0,20
7219564,白麥麥茶包8g*52入,★嚴選日本產大麥,1560.0,12
7959185,沙威隆抗菌保濕沐浴乳850g-琥珀雪松,安心抗菌  歐盟認可ICP專業抗菌成分,1560.0,10
7746110,【廠商直送】Ladoore蕾朵兒 潔西卡抱抱 性感蝴蝶結吊襪帶-多色多尺寸任選,L'adoore 潔西卡抱抱  性感蝴蝶結吊襪帶,1560.0,4
7944210,(箱購)Kesho乾濕兩用卸妝巾綜合組 6入,,1560.0,4
8603047,【即期品】婕宜jennyhouse柔霧絲絨唇膏(玫瑰色)限量新包裝(效期:2023/10/21),✓韓國原裝進口，由jennyhouse美妝師嚴選出最襯膚色的8種色號,1560.0,4
7114666,蕾朵兒Ladoore 羽量級低脊心隱形內衣,隱形內衣第一品牌,1560.0,4
7419568,【廠商直送】蕾朵兒Ladoore 傲嬌米蘭達 性感V字深溝成套內衣(黑),完美三排扣設計,1560.0,2
8168610,【廠商直送】Pingo Travel Qmini極輕掌型吹風機-兩色任選,—商品特色,1560.0,2
7419564,【廠商直送】蕾朵兒Ladoore 傲嬌米蘭達 性感V字深溝成套內衣(藍),完美三排扣設計,1560.0,2
8504055,【廠商直送】Ladoore蕾朵兒 波希女孩 絲滑蕾絲性感睡衣,L'adoore 波希女孩 絲滑蕾絲性感睡衣,1560.0,2
8555782,【廠商直送】Ladoore蕾朵兒 致命溫柔 低脊心無痕美背成套內衣,L'adoore 致命溫柔 低脊心無痕美背成套內衣,1560.0,2
7064431,曼秀雷敦Acnes抗痘美白洗面乳 100g,"含Isopropyl Methylphenol能深入毛孔底部抗菌, 有效抗痘",1559.0,11
7766004,【廠商直送】KS-莫代爾收腹提臀高腰束腹褲2件,高CP值彈力莫代爾纖維,1556.0,4
7135257,Farcent香水奇蹟洗髮露600ml-療癒鼠尾草,前、中、後調層次香水香氛,1556.0,4
7643478,ARRIBA一片式厚底舒適拖鞋-桃、卡其-多尺寸任選,1.一體成型,1554.0,6
7060756,雷達液體電蚊香補充瓶41ml*2入-兩款任選,有效除蚊:含Etoc除蚊配方，能有效除蚊,1554.0,6
7053385,SHIANG SHIANG香想淡香精10ml-10款任選,清新．柑橘,1554.0,6
8588766,P&G_Bold衣物柔軟4D洗衣膠球薰衣草20P補,4987176108920,1554.0,6
8541474,【廠商直送】【4U2】EST.HARDER霧感持色唇釉,顯色度極佳霧面款，長效持色，不易沾杯、,1554.0,6
7738002,婕宜jennyhouse積雪草保濕天使霜250ml,韓國原裝進口,1554.0,3
7098428,正福堂乳酪奶酥325g,"香脆好吃,添加乳酪增加香氣",1553.0,17
8169224,Lovita愛維他男性緩釋養生活力B群30顆,10種B群完整組合,1552.0,4
8487866,凱婷 3D造型柔霧彩盤 (13.9g),打造自然立體感、深邃印象的7色飾影修容盤,1551.0,3
7342517,【即期品】Daily Boost手作蛋白餅乾16g*12入-可可派對(效期:2024/07/01),可可派對 每份 碳水 64g 、熱量 717 kcal 、蛋白質 51g,1550.0,5
7057382,Catch you粉撲清潔液80ml,台灣製造 ，無香料、無著色，安心用,1548.0,44
7098890,逸萱秀柔亮零毛燥護髮乳180g,30秒即可沖洗-深度修護受損髮絲,1548.0,12
7090143,高露潔高密細絲護齦牙刷3入,•  絲絨般護齦感受，>3000根高密軟刷毛,1548.0,12
7048703,韓國Bella Beauty蘆薈保濕凝凍300ml,給予皮膚保濕和蘆薈萃取成份,1548.0,12
7432208,Pharmaact無添加潤髮乳補充包450ml,4513574007185,1547.0,18
7452627,瑪榭竹碳纖維五趾抗菌長襪-2色任選,竹炭紗有效抑制細菌滋長,1547.0,13
7892548,Hello Kitty乾濕兩用巾80枚,觸感輕柔,1547.0,13
7042104,(已結束合作)倫敦芮魅Rimmel 就是有型旋轉雙頭眉筆,一刷即顯色！,1547.0,7
7596375,韓國ShowerMate蜂膠沐浴乳1000ml-茶樹,為茶樹植物的嫩葉中萃取的精油，將天然茶樹精油產生的天然油脂，富含豐富的養分及低刺激弱酸性修護配方。,1546.0,5
8506912,可剪裁絲圈刮泥地墊-50x80cm-多款任選,可裁剪，戶外刮泥墊，防止砂石採進室內空間,1546.0,4
7310342,刷樂醫生牙刷4支入,小於0.01mm纖柔毛 深入清潔牙齦溝,1545.0,15
7088668,莉婕頂級奶霜泡沫染髮劑-金莎棕色,極致遮白！泡沫綿著力4倍提昇，包覆滲透髮絲,1545.0,5
7066337,Mdmmd.抑菌衛生棉6片超涼感33cm,吸水力升級！經SGS認證夜用型50.62倍吸水力,1544.0,16
7125491,美吾髮卡樂芙染髮霜-可可棕 50gm(新舊包裝隨機出貨),顯色度+58%有感超顯色,1543.0,7
7125493,美吾髮卡樂芙染髮霜-野莓紅 50gm(新舊包裝隨機出貨),顯色度+58%有感超顯色,1543.0,7
8058425,I’M MEME 我愛水凝光透妝前防護乳,清爽水凝質地，防沾染、防轉印~,1542.0,5
7342499,精品免洗休閒襪5入,"合身版型,符合人體工學",1540.0,18
7445068,小甘菊薄荷迷迭香護唇膏 4.8g,"含天然植栽的德國洋甘菊,舒緩、柔潤唇部",1540.0,14
7932353,樂品水嫩蘆薈卸妝棉(含蓋)120枚x2包,快速卸除彩妝，水嫩濕潤淨卸,1540.0,14
8032100,樂品螺旋型塑軸棉花棒200支罐裝 *4罐,100%天然棉花,1540.0,11
8005370,樂品旅行用彩妝紙軸棉花棒(單支包)50支 *4包,100%天然棉花,1540.0,11
8601102,碧菲絲特毛孔即淨卸妝棉50枚-酷洛米限定,乳酸配方軟化角質改善黑頭！,1540.0,7
7094379,曼秀雷敦Acnes抗痘筆 9ml,"抗痘-含水楊酸, 能促進老廢角質代謝, 預防毛孔阻塞, 有效抗痘",1540.0,7
7098750,TUNEMAKERS原液保濕水-滋潤型120ml,不黏膩水乳狀質地，深層滋潤乾燥肌，重拾肌膚健康光澤,1540.0,2
7073433,韓國Median93%強效淨白去垢牙膏120g淨白,"抑制牙結石,深層清潔牙齒",1535.0,15
8537928,超消臭完美隱形拚色襪套-多色任選,獨家超消臭ZINC+IONS抗菌除臭添加，0秒消除異味,1534.0,26
7796831,舒酸定抗敏牙刷3入-牙齦護理軟毛,適合敏感性牙齒的你或家人使用,1534.0,13
7105498,04-1609-2超細纖維浴巾-印米飛兔-2色任選,材質:100%聚酯纖維,1533.0,7
7105873,多芬胺基酸輕盈蓬鬆洗髮乳700g(新舊包裝隨機出貨),強韌髮絲: 配方添加小分子胜肽修護因子，修護細軟扁塌髮,1533.0,7
8577302,DEARY咖啡因洗髮露500ml髮根強健,添加有機水解小麥蛋白，富含多種氨基酸有效提升髮絲保水力，修護受損髮質，提升髮絲天然光澤；並添加七葉樹及甘草萃取，能有效滋養髮根、活絡頭皮，維護頭髮健康,1533.0,7
7271150,凱婷 創影立體眼影盒,影雕原生輪廓，打造自然立體感；以貼近肌膚陰影的色澤渲染眼周，創造自然立體感,1532.0,4
7098719,赫本染髮劑5N淺棕黑色 (170ml/盒),"健康染髮,染劑富含植物配方",1532.0,4
7828832,16 BRAND迷你雜誌三秒眼影盤 (06-07),經典三秒眼影盤簡單設計是懶人、新手、盲人的救星！內附獨家專利技術刷子，升級長短交錯刷毛製成，抓粉力和顯色度更提升。,1532.0,4
7091003,Za深層毛孔洗面乳100g,深清毛孔！對抗粉刺黑頭！,1530.0,10
7041976,KissMe Heavy Rotation眉彩膠筆,1. 顯色的濃密膠狀質地，「 清晰感眉妝」。,1530.0,6
7751761,dejavu 短細睫毛專用睫毛膏 (黑色),極細刷頭能輕鬆包覆在所有眼尾、眼頭、下睫毛處等短細睫毛處,1530.0,6
7048693,未來美速效保濕水精華100ml,化妝水+精華液2合1,1530.0,2
8133851,【預購】AVEDA迷迭薄荷洗髮精1000ml,9200000000464,1530.0,1
7105497,驚吸水雙色毛巾-6色任選,材質:100%棉,1529.0,11
7835418,美吾髮白茶茉莉馨香洗髮露700ml,0矽靈 無人工色素,1529.0,11
8259879,瑪榭無縫抗菌氣墊長襪-多色多尺寸任選,無感對目縫合，減少腳尖縫線不適感,1529.0,11
8064644,玫瑰花飾刺繡細網褲-F,,1529.0,11
8244457,玩美直角衣架6入-兩色任選,台灣製造,1527.0,13
7083139,施巴嬰兒泡泡露500ml,施巴嬰兒系列明星商品，洗頭洗澡泡澡擦澡一瓶搞定，新手媽咪必備,1527.0,3
7415599,棉花共和國 暖男V領長袖發熱衣,吸濕發熱，升溫有效,1526.0,5
7091175,I’M MEME 我愛閃閃星辰持久眼影筆,一次推出最新版：更細緻的貼膚質地更好上手不暈染；更顯色的效果彷彿星辰降落眼眸，超級閃閃動人！,1525.0,6
8612145,【廠商直送】【4U2】唯你訂製刻字腮紅 霧面/亮面,百變妝感恣意搭配,1525.0,5
7297824,沙宣細圓捲髮梳VSF76503PW,末端圓珠彈性尼龍梳齒-適度按摩頭皮，增進頭髮健康，有效梳順打結的頭髮，增強髮根彈力。,1524.0,12
7832609,碧菲絲特抗暗沉碳酸泡洗顏180g,4902806460681,1521.0,9
8283069,古寶無患子沐浴精華露600g舒緩無患子,搭配舒緩三元素-『有機金縷梅純露』、『有機蘆薈萃取』與『專利草本舒緩複方萃精華』，以多種植萃舒緩柔嫩每一吋肌膚。含積雪草萃取，調理肌膚，肌膚洗淨不緊繃。清新淡雅香氣，溫柔泡泡包覆著每一寸肌膚，讓您身浸於活力舒壓氣息中 ，洗淨同時好好享植萃魅力。,1521.0,9
7680996,MEKO顏值覺醒修容餅(共四色),全新升級款,1521.0,9
7114792,綠的抗菌沐浴乳1000ml-玫瑰木精油,柳蘭萃取抗菌成分及Chlorhexidine抗菌配方。,1521.0,9
7069947,洪元記黑糖200g-老薑,台灣製造，達人嚴選，幸福茶飲專家玩美女人,1520.0,20
7985801,Solone琉光訂製養護油 (多款任選),0,1520.0,10
7050167,Dr.FreeVenus藝群-淨白面膜6入裝/盒/每片30ml,含萃取的熊果素等淨白成分，使皮膚淨白潤澤，改善暗沉膚色,1520.0,10
7432331,男士美源簡單一按染髮霜7自然黑40g+40g,4987205100673,1520.0,5
8139783,Kneipp克奈圃鹽泉浴鹽500g肌肉放鬆,"由山金車、巴西檀木、迷迭香精油組成, 能舒緩身體肌肉緊繃和壓力,特別適合運動後恢復.來自德國百年知名原始鹽泉鹽場Luisenhall",1520.0,4
7432213,CIELO宣若EX染髮霜3RO玫瑰棕,4987205284687,1520.0,4
7426781,雅雪舒L125g,349873014036,1520.0,4
7105461,CIELO宣若EX染髮霜-4MP紅橙棕,簡單一按，不用攪拌，淡雅香味不刺鼻,1520.0,4
8134025,【預購】潘海利根迷你香水禮盒5ml_5入組,9200000000635,1520.0,1
7655623,【廠商直送】居家cheaper 電器廚房收納置物架-大,質感木紋，MDF+PCV貼皮防潑,1519.0,1
7555300,吉室無染洗衣袋-細網目40*50cm,有效避免水流或摩擦造成的面料損壞,1518.0,22
7233745,Hello Kitty涼感透氣護墊15.5cm 20片入,"\"\"\"輕巧小包裝好攜帶滿足一日所需",1516.0,24
7944075,【廠商直送】MONG YA孟亞-LIPEXEL修護指緣油(玫瑰)15ml,針對指緣、關節目,1516.0,4
7271835,三多膠原蛋白5公克/包 30包/盒,"嚴選德國GELITA®膠原蛋白採用豬皮經特殊酵素水解萃取,品質佳",1516.0,4
8083011,【廠商直送】智能摺疊升降桌-多色任選,附卡槽設計可放手機、筆電、平板,1516.0,4
7091168,I’M MEME我愛如筆隨行刷具組,每日組合：輪廓/腮紅/眼影/塗抹，非常適合彩妝初學者的日常妝容,1514.0,2
7508878,I’M MEME我愛超能彩妝小方包,採用日常好駕馭的大地色系、玫瑰色系，實用性高又容易上手。,1514.0,2
7523237,日本樂天HOT手握式迷你暖暖包10P,4903336241016,1513.0,17
7864356,瑪榭速乾除臭撞色防磨襪-多款任選,超速乾、超透氣、超輕量,1513.0,17
7615033,可立即FIRST AID日本防水透明OK蹦30片,衛署壹器輸壹字第004702號,1513.0,17
7253321,妮維雅潤澤修護唇膏4.8g(新舊包裝隨機出貨),添加「維他命原B5」、「維他命E」與「甜沒藥醇」,1513.0,17
7211584,VOLA 加長觸控透氣網止滑手套-多色任選,"手心防滑顆粒設計,讓您備感安全",1513.0,17
7319684,Hello Kitty一條根舒活滾珠60ml,舒緩神經緊張消除疲勞感,1513.0,17
7060828,護妍天使煥顏淨痘集中抗痘凝膠10g,滲透根源 添加Ceramide輔助抗痘成分，深入肌底淨痘,1513.0,8
7159413,獅王細潔音波震動牙刷小巧頭(專用刷頭),外圈超極細毛深入清潔牙齦溝，中央植入高密細毛有效去除牙齒表面污垢。,1512.0,8
7159532,牙周適固齒護齦牙膏80g-高效清新,給想同時健康牙齦和強健牙齒的你,1512.0,8
7565388,GATSBY強立消光髮泥80g,1.輕鬆做出上梳露額造型,1512.0,8
8245887,【廠商直送】露奇亞優質純淨膠原蛋白粉30入2罐,A.A.全球純粹風味評鑑二星,1510.0,1
7105920,無染系列-粗感沐浴巾,安心、無染色、無甲醛,1505.0,25
7094408,曼秀雷敦Acnes痘痘貼-小痘痘專用(新舊包裝隨機出貨),"採用親水性敷料, 能有效吸收分泌物, 加速青春痘復原",1505.0,14
7105392,天然無染浴巾(70x140CM),MIT台灣良品  100%自然原棉毛巾，無染無漂，,1505.0,7
7162894,Persil 寶瀅強效淨垢護色洗衣凝露1L,強效淨垢、抗菌99%、馨香持續30天,1504.0,8
7122334,GATSBY經典髮油80g-強硬後梳,1.簡單梳整的水性髮油，水性配方、不油膩好清洗,1504.0,7
7062379,彩虹雨點草本沁涼衛生棉4片夜用29cm,"\"使用的是\"\"專利\"\"食品級鋁箔夾鏈包裝，",1501.0,19
7098332,麥維他奶油酥餅200g,酥脆的麥維他餅乾加上36%天然燕麥，讓人一口接一口停不下來,1501.0,19
7258485,高保濕超潤唇膏(乾燥唇)4g,"給予乾燥唇膏保濕,及柔軟的塗抹感",1500.0,10
7555204,ARTiS di Voce 磨砂指甲油 TA系列( 6款任選),隨著角度的不同，反射效果變化多端。低調有質感，適合任何場合的亮粉色。,1500.0,10
7105579,艾瑪花園植物性清爽滑順洗髮精500ml,滋潤養護頭皮與頭髮，強化頭皮防護力,1500.0,6
7436499,不二新創醫用平面成人口罩50入藍,4719883345035,1500.0,6
7436269,不二新創醫用平面成人口罩50入白,4719883345080,1500.0,6
7105569,艾瑪花園紫草舒爽抗屑洗髮精500ml,清除平日累積在頭皮的深層汙垢、減少頭皮屑,1500.0,6
7234246,鍋寶-抗菌不沾砧板大理石紋,"\"\"\"表面磨砂處理，防滑刀及彈刀。",1500.0,6
7105592,艾瑪花園藜麥淨化舒眠沐浴精500ml,細緻肌膚舒爽清透，洗後不緊繃,1500.0,6
7436819,天天成人平面醫療口罩50入粉,4719872070634,1500.0,5
7224591,AHC超能玻尿酸肌亮潔顏乳150ml,超能玻尿酸完美比例4:2:4,1500.0,3
8094268,【廠商直送】Style格調-三開摺疊收納箱-特大款  - 多色任選,側邊開口鎖扣設計,1500.0,3
7084038,HAIR MUCH摩洛哥護髮油100ml,網友部落客大推,1500.0,3
8094287,【廠商直送】Style格調-2米H型單桿伸縮移動式曬衣架,四大優勢特點 一隻衣架2種用法,1500.0,2
7230837,帕瑪氏孕婦專用保濕乳65ml-深層,"專為孕婦肌膚而設計的豐富而乳脂狀的無香精深層保濕乳,不會使皮膚油膩",1500.0,2
7440219,野口研究卵殼膜美顏膠囊45粒,4903361680798,1500.0,2
7358531,絲凱露D  NEXT蛋白質洗髮乳 350mL,洗淨頭皮、頭髮，改善頭皮癢、頭皮屑、強健髮根、滋養頭皮，賦予頭髮豐盈彈性，無硫酸鹽、無矽靈、無礦物油、無色素,1500.0,2
7815055,Dr.HUANG全物理修飾防曬乳30ml,100%物理性，防曬高係數，溫和不刺激,1500.0,2
7468467,優清植物益生菌K1錠60粒,4562156732052,1500.0,2
7798408,【廠商直送】8%ice-法式手工餅乾禮盒-顏色隨機出貨,★維持一貫對安心食材的堅持,1500.0,2
7440217,野口研究Q10紅藻蝦紅素膠囊30粒,4903361680804,1500.0,2
7054598,Avene 雅漾舒護活泉水四入組,有效舒緩肌膚敏弱不適,1500.0,1
7053482,AHC黃金逆時煥顏活膚霜50ml,黃金複合配方與蝸牛精華添加 柔滑細緻質地在肌膚上形成光滑的保濕層,1500.0,1
7440121,SAPURI生活_燃燒生活,4560152804117,1500.0,1
8028181,德之寶Omega3魚油咀嚼片60錠,有助兒童成長，DHA+EPA使潛能發展更優秀,1500.0,1
7480178,崇瑞糖可舒複方膠囊60粒,4711914134281,1500.0,1
7341948,【即期品】CNP分子酊極潤保濕乳霜50ml(效期:2024/12/31),"內含CNP多礦分子酊配方,可幫助肌膚屏障強化,帶來深層保濕感、打造無縫隙緊實的高保水力",1500.0,1
7440173,金亮保明膠囊60粒,4976652009189,1500.0,1
8555373,【廠商直送】Wash&Wish植萃泡沫噴霧洗碗精PLUS-1000gX3入,Wash&Wish 重新定義生活細節上的意義與價值,1500.0,1
8612187,盒玩公仔-卡娜赫拉的小動物-幸福甘味處-6入,,1500.0,1
8175913,【廠商直送】AAA-MIT調整式四層收納架-象牙白,P2木板MDF熱壓成型，低甲醛又不怕水漬殘留,1499.0,1
7203473,吉列Proglide無感刮鬍刀組-1刀架2刀片(新舊包裝隨機出貨),旋轉刀頭科技,1498.0,2
7262034,OMORY-304吸管杯附防塵套-750ml-霧鄉,霧面質感，簡約時尚,1498.0,2
7250089,樂扣樂扣-P&Q橡木健康料理砧板-大,吊掛設計，收納方便。,1497.0,3
7984029,【廠商直送】悠活原力 蔓越莓私密益生菌植物膠囊-(30顆/瓶),清爽舒適，告別煩悶,1497.0,3
7633593,L’EGERE金盞花舒緩原液精露220ml,P100% 植萃原液。純素,1497.0,3
8555629,【廠商直送】家家生醫七日孅纖體茶包 7入/盒,7種上等漢方草本,1497.0,3
8207909,DV麗彤生醫 醇耀妍PLUS濃萃飲 30mlx7包入,白藜蘆醇含量激升16倍,1497.0,3
7942276,SKIN CHECK晶鑽美足磨吸兩用腳皮機,吸塵和粉塵收集功能。,1497.0,3
7908051,肌研極水薏仁保濕凝露,極清爽保濕凝露誕生！日本樂敦製藥嚴選高浸透微米保濕因子，同時搭配薏仁精華、維他命C誘導體，讓水分直達肌底，同時使肌膚健康明亮。水感凝露質地瞬間吸收不黏膩，實現水潤透亮素肌！,1497.0,3
8229326,三多8種營養素膠囊60粒,一次補充8種關鍵營養素，提供保護力！,1497.0,3
7230557,彩虹直條加大浴巾-多色任選,材質:100%棉,1497.0,3
7665411,Celefit四色眼影（多款任選）,滑順好延展！一抹細膩粉質,1497.0,3
7633595,L’EGERE橙花保濕原液精露220ml,P100% 植萃原液。純素,1497.0,3
8069903,舒特膚長效潤膚乳237ml,清爽型保濕,1497.0,3
8070611,【廠商直送】wesmile電動馬達清潔刷,USB充電。可續航1小時以上!,1497.0,3
7114729,待刪除-SuKin抗痘祛瑕套裝組,均勻膚色修復調理痘痘肌及出油膚質,1497.0,3
8237000,酒豪傳說6入升級版,,1497.0,3
7729530,我的心機穀胱甘肽亮白黑面膜6入,"【穀胱甘肽+水晶肽】雙效成分,改善暗沉,令膚色維持勻亮透白",1495.0,5
7148628,台塑Dr’s Formula-抗菌居家防護噴霧255g,SNQ防疫認證,1495.0,5
7330282,雷達佳兒護液體電蚊香組45ml-無味,無香精、無染料、無刺鼻,1495.0,5
8585014,【廠商直送】挺立舒成人醫療口罩30片*2盒-多色任選,‧交談無阻礙–足夠的嘴部活動空間，讓交談變得輕鬆,1495.0,5
7134314,日本MELLSAVON沐浴露460ml-草本,冷加工肥皂,1495.0,5
7134498,黛絲恩奇蹟光感護色護髮素,髮色保護｜防止毛躁｜染後受損髮適用,1495.0,5
7432348,我的心機七合一晶緻煥白黑面膜8入,4716872046225,1495.0,5
7298976,糖鼎經典禮盒360g-銀耳桂圓,頂級純正台灣黑糖，搭配天然真材實料， 定期310項SGS檢驗合格，不含農藥、糖精、微生菌等化學成分，採密封夾鏈外包裝，每顆茶磚均獨立包裝，衛生乾淨，方便隨身攜帶。,1495.0,5
8282267,【廠商直送】日本John’s Blend 車用夾式擴香盒-多款任選,日本原廠授權販售,1495.0,5
7105425,黛絲恩午夜修護絲柔護髮素450ml,高效滲透並修護受損髮,1495.0,5
7365886,VOLA 全足薄形不起球刷毛褲襪,輕薄蓄熱,1495.0,5
8606985,我的心機澳洲綠礦泥淨化身體去角質200g,具有優秀的淨膚能力能吸附多餘皮脂，溫和去除老廢角質。,1495.0,5
8212097,依洛嘉ELG蜜誘護唇膏-粉漾,ELG蜜誘粉漾護唇膏,1495.0,5
7436168,CSD中衛醫療口罩50入薰衣紫,4711908805500,1495.0,5
7523359,SHILLS很耐曬超清爽美白美肌柔護防曬凝乳40ml,4713696628842,1495.0,5
8119868,我的心機肩頸舒活涼感按摩霜100ml,S型曲線瓶：符合人體工學，按摩更省力。,1495.0,5
7105705,生活品味乳膠室內拖鞋-3色任選,「Vero＆Nique 維諾 妮卡」為精品室內鞋品牌，以時尚設計呈現出與眾不同的機能特性，不斷研發與創新，近年來更是積極的開發更加舒適的拖鞋，所以每款拖鞋都必須在「靜音」、「防滑」與「舒適好穿」的前提之下才能生產製造,1495.0,5
7134497,黛絲恩奇蹟光感護色洗髮精,針對染後受損髮開發，能保護髮色，降低染髮頻率,1495.0,5
7605525,雷達佳兒護液體電蚊香補45ml*2入-薰衣草,"無香精、無染料,只有雷達的除蚊保護",1495.0,5
7140162,呂 山茶花瞬效修護髮膜180ml,加強效的頭皮髮根髮絲5重營養修護效果,1494.0,6
7097813,型色家植萃添加染髮補色露200ml-矯色/去黃,校正髮色 輕鬆上色 持久補色,1494.0,6
7404909,巧易收棉麻三格吊掛收納袋,1.仿棉麻材質 舒適高質感,1494.0,6
7097865,舒妃摩洛哥堅果護髮油100ml,滋養髮根、保護並強韌髮絲,1494.0,6
7088659,莉婕頂級涵養髮膜染髮霜-3明亮棕,遮白x輕齡 非白時尚 輕齡有感,1494.0,6
8168728,UNO-精靈寶可夢-日文版,經典UNO牌，推出了寶可夢系列,1494.0,6
7425339,益生堂_回甘化核梅隨身包,4713510534939,1494.0,6
7264040,萊雅專業男仕高效抗倦容機能水 120ml,雙重抗倦容成分肌膚瞬感活力,1494.0,6
7073623,L’EGERE 97積雪草特潤修護精華露500ml,必buy保濕修護精華,1494.0,6
7554800,牙周適牙齦專業護理漱口水500ml-沁涼薄荷,"\"牙齦專業護理\"\"\"\"漱口水",1494.0,6
7140182,待刪除-台塑胺基酸水潤肌沐浴精-橘800g,採用胺基酸洗淨成分，溫柔呵護細嫩膚質；綿密柔軟的豐富泡泡，深入肌膚提供多複方保濕滋養成份。濃郁柚香香氛，洗後肌膚溫潤光滑，水嫩不乾澀。,1494.0,6
7436760,日本atrix高滲透護手霜80g_琥珀玫瑰香,"來自日本的花王 ARTIX beauty charge 高滲透保濕護手霜系列,",1494.0,6
7089084,媚點 持久捲翹睫毛膏,提升印象感,1491.0,7
7977909,Solone榛果訂製扇形修容刷/AC03,,1491.0,7
7083786,S.D.R.奢華白珍珠洗手乳500ml,含有保濕霜的特別配方，打造飽水柔嫩之肌底,1490.0,10
7668814,Bref妙力懸掛式馬桶清潔球50g*2-清荷翠竹,告別手刷、懶人神器。,1490.0,10
7088399,妮維雅止汗爽身噴霧 珍珠煥彩系列150ml,長效止汗乾爽效果,1490.0,10
7108291,CECILE日本製440針透膚絲襪3入-4色任選,日本製造 品質優,1490.0,10
8243878,品味皮拖-小格紋-多色任選,文青小格紋鞋面- 簡單百搭，適合各種家居風格,1490.0,10
8564359,蠟筆小新搞怪表情公仔盒玩22g,內附隱藏版公仔,1490.0,10
7180626,花王植萃弱酸潤髮乳長效潔味型750ml,輕盈凝乳質地，髮根清爽，髮尾柔順,1490.0,10
7523236,口袋喵_24H手握式暖暖包10入,4711110991022,1490.0,10
7063510,露得清深層淨化抗痘洗面乳175g,深層潔淨配方添加抗痘抑菌成份，可減少致痘因子與控制油光，有效幫助減少並預防粉刺痘痘形成,1490.0,10
7111989,纖妍吸水包頭巾66*26cm-3色任選,超細纖維，吸水速乾,1490.0,10
7403891,JapanGals MAINICHI保濕面膜30枚,4513915012649,1490.0,10
8168277,經典皮拖-爵士-多色任選,經典皮拖，居家舒適,1490.0,10
8558525,(已結束合作)RIMMEL超上鏡完美持妝遮瑕膏10ml,特大柔軟刷頭能輕鬆修飾膚色,1490.0,5
7097736,媚比琳宛若真眉雙效眉粉筆,亞洲女性專用2mm細圓芯眉筆：18小時不脫落，順滑好描繪。旋轉免削設計。,1490.0,5
7230825,倍立雅玻尿酸保濕化粧水200ml（新舊包裝隨機出貨）,"嚴選植物來源薏仁萃取,提供肌膚所需豐富的蛋白質、維生素、天然保濕因子,協助改善肌膚黯沉、粗糙、缺水等現象。",1490.0,5
7623514,I’M MEME我愛星鑽光寶石眼影 01落日星鑽,溫柔玫瑰調細緻星鑽 x 落日幻彩寶石淚鑽，打造落日餘暉般浪漫雙眸！,1490.0,5
7576271,綠貝316陶瓷悶燒罐1000ml-曜石黑,內膽陶瓷易潔層，不易留味,1490.0,1
7098324,隨緣南洋叻沙拌麵(袋),以濃郁椰奶為基底，搭配上特別選用南洋風味的香茅南薑等辛香料燉煮醬汁，帶出多層次濃郁香氣。選用Q彈麵體提升麵體與醬料的包覆性與融合度，凸顯醬料香氣與風味。佐以茄子、敏豆、香菜與辣椒點綴其中，不僅提供了視覺上的滿足讓整體口感增添更多層次。,1488.0,16
8213585,【廠商直送】Catchmop神奇除霉膏120ml,輕輕塗抹免沾手,1488.0,6
7420251,韓國純色條紋中筒襪-多色任選,百搭素色,1485.0,27
8224877,Gbutty頂級棉柔洗臉巾80張-網紋款,0添加物,1485.0,15
7542020,靠得住晚安好眠褲M號2片(新舊包裝隨機出貨),360度全環繞包覆,1485.0,15
7353107,lavera長效保濕潤唇膏4.5g-敏弱唇適用,良好保濕功效,1485.0,15
7122313,Lucido-L蓬鬆塑型雙效乳200ml,1.捲髮適用,1485.0,15
7248988,曼秀雷敦水份潤唇膏-薄荷-3.5g,添加高效玻尿酸及膠原蛋白，長時間鎖水保濕，使雙唇更加有彈性、柔潤水嫩。,1485.0,15
8128956,韓國isLeaf蘆薈舒緩洗面乳150g,讓肌膚感受乾淨/清爽/濕潤,1485.0,15
7246912,曼秀雷敦花園香氛護手霜50g-玫瑰,"乳木果油 x 橄欖油 x 葵花籽油, 深層潤澤雙手, 維持肌膚細緻光滑",1485.0,15
7425587,逸品日式泡麵_博多豚骨風味4袋入,8934563712044,1485.0,15
7594161,Kameria 100%濟州島保濕凝膠300ml-蘆薈,5無添加 (礦物油、酒精、人造色素、二苯甲酮和對羥基苯甲酸酯),1485.0,15
8237022,格安德三次元柳葉醫用成人口罩10入白色,,1485.0,15
7330269,威猛先生去霉噴槍瓶500g,強力滲透霉根,1485.0,11
7094871,Solone持久眼線筆,防水、顯色、 耐油、 抗暈染、 輕鬆卸。,1485.0,11
7042123,MEKO 絢彩極光眼影慕斯 (多款任選),慕斯質地妝效持久,1485.0,11
7049900,DR.WU瞬效亮白膠囊面膜3片-C,專為暗沉、膚色不均肌膚設計,1485.0,9
8585601,【廠商直送】Moschino Toy Boy5ml,小香皆為沾式(無噴頭)，輕塗抹於頸部、手腕、耳後跟等脈搏跳動處，可散發香味。,1485.0,5
8189004,PDC_WafoodMade酒粕面膜170g,4961989409016,1485.0,3
7811487,澳佳寶綜合維他命強效配方30粒,本品是第一隻添加足量500毫克黑種草油的綜合維他命，此劑量已證實對人體有多重好處。,1485.0,3
7059981,ShiroWaki 白雪姬腋下膝肘嫩白去角質霜18g,輕輕搓變身腋下白雪公主,1484.0,4
7883839,MKUP 黑糖薑黃磨砂護唇膏,【去角質】黑糖、核桃細緻磨砂溫和去除老廢角質。,1482.0,6
7393551,澳寶一分鐘焗油225ml-極耀水光凝護,適合乾枯易斷髮質,1480.0,10
7440339,樂特濃縮甘草蜂膠喉糖16.7g,4710285009303,1480.0,8
8541866,KT龍捲威力洗衣槽除霉清潔劑-直立式/滾筒式,日本洗衣機協會推獎,1480.0,4
7308052,SIMPLY超濃代謝夜酵素錠EX 30錠,夜酵素升級版,1480.0,2
7273037,SIMPLY夜間代謝酵素飲7入,楊丞琳 代言推薦,1480.0,2
7068416,aiwa愛華-火烤兩用爐 AI-DKL01P,多功能烹飪方式:煎、烤、煮、涮、炒,1480.0,1
7355258,超視王PPLs膠囊30顆,吸收率佳,1480.0,1
8205525,mod’s hair負離子溫控電熱梳,齒梳防燙設計，外層加長不導熱，內裏層陶瓷導熱板，均勻溫和梳理不傷髮,1480.0,1
7942486,【廠商直送】正官庄高麗蔘精EVERYTIME10ml30入,元氣活力，隨時隨地,1480.0,1
7823496,多芬滋養柔嫩潔膚塊90g*4,德國製造，經典保濕配方,1479.0,11
7656237,1028 復活草即救保濕修護乳 75ml,✓ 嚴選南非復活草等12種珍稀花萃*活性成分及維他命E、複合海藻脂，透過極佳的抗氧修護力溫和滋養肌膚，使乾燥的肌膚恢復水亮光澤。,1479.0,3
8082821,媚比琳時尚伸展台訂製12色眼影盤Nude2小禮服,粉色風暴 席捲美妝圈!媚比琳知道什麼是最好的，總是帶給消費者時尚與實用兼具的眼妝產品。,1479.0,3
7518623,【廠商直送】美國Sundown日落恩賜 生物素5000mcg+鈣膠囊(60粒/瓶),男性至尊、紮實有魅力,1478.0,2
7064486,曼秀雷敦柔光防曬飾底凝露80g-玫瑰粉,玫瑰粉色調交織出的白皙素肌，呈現輕透勻亮的白皙素肌,1476.0,4
7083941,潘婷淨化極潤淨澈洗髮露500ml,"水潤修護 維他命原B5,使髮絲變得水潤",1476.0,4
7089164,Farcent香水胺基酸沐浴露-雪松琥珀780g,前、中、後調層次香水香氛,1476.0,4
7049812,TS6護一生潔淨慕斯180g,慕斯觸感細緻溫柔，溫和配方。,1476.0,4
7063563,露得清安瓶面膜5片-速效保水,速效保水,1476.0,4
7565518,Farcent香水胺基酸沐浴露780g-蔚藍愛語,前、中、後調香水香氛，洗後肌膚散發層次香水氣息,1476.0,4
7740694,Farcent香水胺基酸沐浴露780g-粉藍甜蜜,溫和舒緩雙成分，呵護肌膚重現柔嫩,1476.0,4
8174096,U虎玉米棒_明太子風味15入,4713205071855,1475.0,25
7800902,LuLuLun大女孩面膜升級款7入-緊致嫩肌,1.專為30-40多歲的成熟肌所設計的修護型面膜,1473.0,6
7426728,獅王超淨白牙刷-中毛1入,4903301151791,1470.0,30
7819085,澳寶一分鐘密集修護焗油60ml-極速修護,多重精華沁入，直擊秀髮損傷問題,1470.0,30
8045902,曼秀雷敦Lip Ice水果潤唇膏- 甜蜜草莓 (LINE FRIENDS),清新果香添加，輕輕一抹，清新果香包裹雙唇，用水果香甜給雙唇和心情滿滿的滋潤！,1470.0,14
7375874,安多輕旅行 條紋免洗船襪-大腳款 4入,"獨家版型, 符合人體工學",1470.0,14
7140125,HELLO BUBBLE泡沫染髮劑-8MG迷霧金,韓國流行時尚大勢髮色,1470.0,7
8213612,【廠商直送】Catchmop多用途神奇抹布,採用先進技術的專利面料製成,1470.0,7
8161070,【廠商直送】瑟路菲韓方角蛋白護髮膜250ml神秘玫瑰香,7種迷人香氣，選擇度高,1470.0,3
8161093,【廠商直送】瑟路菲韓方香氛護髮油100ml知性草木香,頂級香水調製，發香度佳,1470.0,3
8061659,碧歐斯緊膚霜小資組,添加純米發酵精華,1470.0,3
8520411,【廠商直送】Kamera-萌寵鬧鐘LED小夜燈-橙色(頭飾隨機出貨 - 小貓/小鹿/小兔/小樹苗/米老鼠),入眠夜燈、貪睡鬧鐘和時鐘功能,1470.0,3
7574006,Curel潤浸保濕輕透水感防曬乳50g-臉身體用,SPF30．PA++，純物理性防曬，有效防禦日常紫外線,1469.0,3
8094272,【廠商直送】Style格調-獨角獸五層抽屜收納櫃,56面寬大容量，收納好幫手,1469.0,1
7323662,韓國ShowerMate微風如沐沐浴乳1200g-甜蜜桃,天然成分產生的綿密泡沫，放心洗淨。,1467.0,5
7523507,CINQUAIN3D光感精華粉底30ml_明亮色,4713696629221,1467.0,3
7261477,Nature Tree美白濃縮精華液250ml,淡化暗沉明亮膚色,1465.0,5
7724968,台塑控油抗屑洗髮精三代580g-激涼感,1.添加雙重抗屑成分，加強抗屑抑菌效果，實驗證實，能有效抑制99.9%之皮屑芽孢菌，改善頭皮屑困擾。,1465.0,5
7402484,Udilife滾筒式全罩洗衣機防塵套/加大(2色隨機出貨),1.PEVA面料結實耐用，有效防止髒汙，保護機身不受日曬雨淋。,1464.0,6
7670518,日本美肌職人面膜7入-米糠,採用日本傳統手工紙製技術，3層構造面膜，彈性適中，密著度高，飽滿美容精華，浸透緻肌膚底層，實現細緻滑嫩美肌。,1463.0,7
7055454,Biore深層卸粧棉盒裝46枚,清除深藏毛孔中的底粧 隨拭隨卸,1462.0,9
7817380,靠得住完美封漏後漏終結9片2入35cm (新舊包裝隨機出貨),CC圈設計 隆起阻隔後漏,1461.0,11
7665253,艾諾琪-博妞聯名化妝刷12件套組(桶裝),優質白毛柔軟親膚，抓粉力極佳，精緻刷管搭配輕巧刷柄，粉嫩色系，清新可愛！,1461.0,1
7098414,伊藤園好喝玄米茶包抹茶2g*20入,日本原裝進口,1459.0,11
7057671,16 BRAND網狀洗臉巾100枚,網狀設計和純棉材質，不僅更乾淨也不拉扯皮膚，抽取式設計使用更方便衛生,1458.0,9
7556130,【廠商直送】The Ordinary 溫和煥膚超值組(公司貨),深層補水、持久保濕,1458.0,2
7443858,A.P雨傘經典印花平織平口褲-丈,100%純棉黃金比例布料,1454.0,8
8182000,【廠商直送】美德醫用口罩HEPA機能運動型40入-愉悅紫,3層結構防護，高濾效果,1453.0,5
7404056,一光葫蘆系馬油護膚霜70mL,4930598151555,1451.0,5
8134016,【預購】Oway保濕髮浴950ml,000001680000046262,1450.0,1
8554140,【廠商直送】多立康燃食對策 幾丁聚醣+綠咖啡豆錠60粒x3,五大植萃窈窕精華,1450.0,1
7420250,韓國史努比頭像中短襪-多款任選,韓國襪子,1449.0,21
7703291,三麗鷗-口罩掛繩4入組-多款任選,造型可愛、顏色繽紛、口罩方便攜帶不忘記,1449.0,21
8226323,御衣坊濃縮防霉香水洗衣精補充1.8L-陽光,BKC抗菌因子有效擊退霉臭,1449.0,21
8254723,花仙子去味大師衣物香氛袋3入-阿里山金萱,添加專利植物消臭因子,1449.0,21
7069361,護得住超乾爽吸水棉墊18片一般23cm,Plenitud護得住 吸水專用 全新上市,1449.0,21
7271547,VOLA 女用止滑棉質手套-多色任選,"手心防滑顆粒設計,讓您備感安全",1449.0,21
8020336,韓國襪質感針織素色中筒襪-多色任選,"韓國製造,大廠出品",1449.0,21
7433127,艾瑪花園洋甘菊護色水亮強韌洗髮精500ml,4719264250378,1449.0,6
7446845,日香蝦味餅200g,"香濃蝦味餅乾, 居家休閒佐茶伴酒或是外出郊遊皆適宜",1445.0,17
7063634,統記果物波羅蜜片100g,保留原色原味原營養，吃得到最天然風味. 酥脆可口，老少咸宜.,1445.0,17
7330273,威猛先生浴室清潔噴槍瓶500g-除垢,100%除皂垢,1445.0,17
7137213,愛爾康超效保養液355ml,強效殺菌，安全不傷眼,1445.0,5
7688101,SANA豆乳美肌超濃潤化妝水200ml,精華液般的濃潤感，使肌膚深層保濕，展現潤澤柔嫩美肌。,1445.0,5
7775487,大王elleair柔韌吸水擦手巾200抽5入,柔軟溫和的肌膚接觸,1445.0,5
7688096,SANA豆乳美肌保濕乳液150ml,具親膚性極佳的使用感，滑潤保濕卻不黏膩，展現柔嫩美肌。,1445.0,5
7105730,樂扣樂扣N次密封矽膠袋/好壓自黏款/470ML,分裝一餐的用量，需要時直接放入沸水中加熱即可食用,1445.0,5
8051897,比得兔門簾_田園趣_桔,4718995333513,1444.0,2
7088359,妮維雅輕柔潤膚霜200ml,荷荷芭油加倍潤澤又清透，肌膚全天保溼有光澤,1443.0,9
7440252,DHC葉酸(30日份)30粒,4511413612446,1440.0,12
7426464,ECONECO白雪魔法三層連續抽取式花紋衛生紙,4710341329147,1440.0,12
7402435,ACE SUPER KIDS機能Q 14入-綜合維他命,100%無添加人工色素,1440.0,12
7920262,CA-舒適袋型保暖生理褲-F,親膚棉質、透氣舒適,1440.0,12
7832694,醫強潔淨液500ML含噴頭,4719873171279,1440.0,12
7719672,ARTiS di Voce 保養指甲油 -(50-54任選),小技巧:也可搭配其他透色系/亮片系列作疊色,1440.0,8
7832628,匠心韓版魚型醫療級口罩20入晴光黃,4719872076544,1440.0,6
7480164,匠心韓版魚型醫療級口罩20入宇治抹茶,4719872075561,1440.0,6
8541478,【廠商直送】【4U2】復古小甜磚腮紅 霧面/亮面,推出霧面(M開頭)、亮面(S開頭)兩大質地,1440.0,5
8156232,【廠商直送】美德醫用口罩小童50入3盒-擇一顏色,經防潑水處理，阻擋飛沫及顆粒粉,1440.0,4
7563153,舒妃自然匯薑萃髮麗霜50ml-黑棕,不含PPD,1440.0,4
8176382,【廠商直送】bitplay 風格掛繩 6mm - 2色任選,多種樣式的風格掛繩，使用瞬扣夾提供更順手的配戴方式與多樣化的搭配選擇。,1440.0,3
7098759,TUNEMAKERS維生素E原液10ml,高效穩定 修護肌底,1440.0,3
7565523,黛絲恩工藝香水亮澤洗髮露500ml-橙花,重新喚醒秀髮光澤,1440.0,3
8590447,倍德萊欣舒樂益生菌60入,複合七益菌，活菌經專利多元營養凍晶包埋法，兼具乳酸菌活性穩定、保護菌體及營養供給，改變菌叢生態，幫助維持私密健康好環境 ,1440.0,1
7442210,(箱購)獅王抗菌濃縮洗衣精850g*9入-白玫瑰,"抗菌因子,有效抑制異味菌生成,改善室內晾衣臭",1439.0,1
7432386,肌研極潤完美多效高保濕凝霜90g,4719865609599,1437.0,3
7319991,首爾DESIGN-法式刺繡花內衣套組,,1437.0,3
7661052,肌研極潤3D多效緊緻彈力凝露100g,4719865608172,1437.0,3
7517399,CA-精紡炫彩莫代爾內褲,光滑柔軟、舒適透氣,1436.0,12
7265826,CB麋鹿刺繡圓頂雙層鴨舌帽-多款任選,"CERFBELL台灣製, 經典麋鹿刺繡系列圓頂雙層鴨舌帽,軍帽外觀,帥氣俐落",1436.0,4
7652253,肌研皮脂對策清爽潔淨卸粧水,玻尿酸、水解礦物玻尿酸添加，卸粧同時保濕,1436.0,4
7140152,呂 滋養韌髮洗髮精400ml-去屑專用,改善頭皮與頭髮的9大煩惱,1436.0,4
8143767,魅尚萱完美修護精油潤髮乳680ml,蘊含完美精油營養的營養修護潤髮乳,1436.0,4
8546026,北歐居家長地墊-45x120cm-多款任選,隔塵效果，觸感柔細,1436.0,4
8144824,魅尚萱完美深層修護洗髮精680ml,極度損傷髮也能變得柔軟光澤,1436.0,4
8215269,帕妃雯全效水凝霜38g-輕量版,將6大保養功效合而為一,1436.0,2
7049807,舒摩兒護理噴劑 (專業特護配方) 2oz(59ml),免沖洗強防護，體積小隨身好攜帶，防護配方ph4.5，隨時維護私密弱酸環境,1434.0,6
7087780,歐森好立善維生素C1000+Q10+生物素發泡錠20錠,超高劑量維生素C，一錠相當於含33顆檸檬的維生素C，有助傷口癒合、助抗氧化作用，搭配Q10輔酵素，有效促進膠原蛋白形成，維持青春美麗。,1434.0,6
7087761,好立善維生素C1000+硒+E發泡錠(20錠),一錠相當於含33顆檸檬的維生素C，添加維生素D、維生素E、提升保護力與熱門微量元素硒，滋補強身，戰疫期間的優良聖品。,1434.0,6
7076963,Sunrise Day初陽12入-頂級印度拉茶,獨特香醇口感;輕鬆品嘗印度的美味拉茶;豐厚濃郁的奶茶風味;即沖即飲、簡單方便,1434.0,6
7411274,待下架-【廠商直送】日式雲朵-藍100%天絲枕套床包組-加大,舒適天絲,1434.0,1
7937763,艾森絲超進化16hr持久粉底液 (多款任選),16hr 持久粉底液又進化了！不僅可以更持久不脫妝，,1432.0,8
8593633,伊露恩玫瑰植萃染髮霜100g自然栗色4G,50g+50g大容量包裝,1432.0,8
7404329,KINYO Micro USB智慧變燈充電傳輸線,支援QC快充協議。,1432.0,8
7373575,優生植淨嬰兒酵素洗衣液體皂1200ml,植淨淨味-特別添加植萃淨味因子，去除異味，洗後散發小蒼蘭恬靜香氛。,1432.0,8
8119087,1028 ARTISAN 完美遮瑕刷 F15,尖弧形中厚刷毛，專對細小瑕疵、斑點、痘疤等重點遮瑕，呈現無瑕勻色肌。,1432.0,8
7570836,喜臨門萬用膏100g,緊急舒緩肌膚,1432.0,4
7088413,妮維雅止汗噴霧美白精華150ml-北海道玫瑰,5天有感美白,1431.0,9
7307611,小蜜媞修護唇膏驚喜特價組-新舊包裝隨機出貨,"自從1937年起, 美國Mr. Woelbing成功研發小蜜媞CARMEX，造就80多年暢銷傳奇，全世界平均每分鐘銷售145支! 相較於市售一般護唇膏，小蜜媞CARMEX擁有獨特天然配方，輕輕一抹就能輕鬆解決唇部的保養與護理問題，是全世界眾多好萊塢明星的最愛;現在就讓您親自感受CARMEX小蜜媞的神奇魅力。",1431.0,9
7091905,貓-貓盆消臭粒450ml-多款任選,"只要撒上, 就能消臭",1431.0,9
7114793,綠的抗菌沐浴乳1000ml-綠茶(新舊包裝隨機出貨),柳蘭萃取抗菌成分及Chlorhexidine抗菌配方。,1431.0,9
7305857,MEKO粉撲盒/C-049,收納粉撲用,1430.0,110
7116789,角落小夥伴糙米捲140g-多款任選,使用目前最受歡迎的卡通肖像角落小夥伴做設計，吸引消費者目光。,1430.0,26
8237936,MAGMAG調製梅子40g,,1430.0,26
7385155,石墨烯1/2襪-多色任選,遠紅外功能,1430.0,22
7356080,3M立體密實袋中型25入,安全無毒:符合美國FDA標準，採用無毒PE材質,1430.0,22
7224194,JINYU 超棉細針船襪3雙入,天然純棉織造,1428.0,12
7330654,瑪榭50丹無反光褲襪-多色任選,無反光系列50 Denier,1428.0,12
8496199,Lucky Super Soft嬰兒洗髮沐浴乳444ml,美國熱銷品牌,1428.0,12
7378962,水之印 AQUA LABEL晶透白微粒子洗面霜 130g(n),極細緻的泡沫觸感極佳，綿密有厚度的泡沫能深入毛孔，,1428.0,6
7648656,高絲植淬白 潤肌精 UV美肌亮白隔離乳,UV美肌亮白隔離乳:,1428.0,4
8487865,凱婷 眉刷 (1入),柔軟且沾粉力佳的刷頭，輕鬆描繪自然眉毛輪廓,1428.0,4
8613148,ZaCOCOLOVE椰林暮光高光修容盤5g,質細膩，觸感絲滑綿密，妝容服帖。,1428.0,4
7519762,極餐野海苔32g-梅子口味,創新口味梅子海苔,1425.0,15
8182001,【廠商直送】美德醫用口罩HEPA機能運動型40入-舒緩棕,3層結構防護，高濾效果,1425.0,5
7434933,日本Ekivan液體絆創膏 (10g),4987393971031,1425.0,5
7355284,加倍潔小蘇打碗盤液體1000g-去異味,"\"\"\"IFRA把關-食品級好安心",1424.0,16
7864370,瑪榭抗菌除臭防磨襪-多色多尺寸任選,後跟防磨設計,1424.0,16
7795443,YABY 學院風百搭膝上襪-黑,微壓顯瘦時尚百搭,1424.0,16
8608630,Kisses夾餡牛奶巧克力180g-草莓慕斯,,1423.0,7
7610173,樂品無染洗臉巾80抽(淨白款)(新舊包裝隨機出貨),●增厚25%，新一代菱格紋，深層去角質,1422.0,18
7101319,SF玉米餅五袋組12g*5入-蠟筆小新2021,聯名蠟筆小新系列,1422.0,18
7108442,依必朗抗菌洗手露-蘆薈+小黃瓜300ml,特別添加維他命E、蘆薈及小黃瓜精華，保護滋養手部肌膚，維持雙手細緻柔嫩。,1422.0,18
7240637,1/2男女休閒襪3雙入-多款任選,舒適好穿流行百搭,1422.0,18
7772842,樂品-澡樂日系極柔煥膚美背澡巾3入組,雙纖維編織，2倍濃密泡,1422.0,18
7094551,優若美痘痘貼薄透型-透薄型30入,美國進口醫療級水膠體敷料,1422.0,9
7676245,舒酸定專業修復抗敏牙刷3入-超軟毛,建議搭配舒酸定抗敏牙膏,1422.0,9
8096697,(箱購)好奇親膚濕巾加厚70抽18包-迪士尼,迪士尼授權限定版包裝,1422.0,1
7055743,碧歐斯BIO超能煥白極光潔面乳100g,集結多種天然草本成分，洗後清爽不緊繃,1419.0,11
7073624,Kameria足足稱奇去皮嫩足膜-積雪草,襪套式的輕便設計，不用搓，不用刮，輕鬆去除腳部老廢角質，呈現細皮嫩膚的蛋白美足。,1419.0,11
7297184,堤瑪露瑞典式按摩複合紓壓精油沐浴露700ML,琥珀精油+亞麻籽萃取配方,1419.0,11
7436774,天竺鼠車車迷你香氛口罩貼片48枚,本產品採用英國土壤協會認證，植物性配方及環保油墨印刷，,1419.0,11
8552229,BROWN&FRIENDS充電傳輸線C-L-1.2m-多款任選,官方授權，台灣限定商品。,1419.0,3
7523656,森下仁丹藍莓膠囊30粒,4719552020386,1418.0,2
7404143,大一紙工ECONECO厚手濕紙巾60枚x3袋,4962035613999,1417.0,13
7365890,VOLA　180D全足全彈褲襪-黑,100%台灣在地製造,1417.0,13
7434153,KANGOL女長襪-多色任選,經典時尚造型,1417.0,13
7242815,連城記地瓜酥140g-原味,片狀的金黃色地瓜，裹上一層,1417.0,13
8245875,non-no石墨烯紗毛巾-多色任選,環保科技石墨烯紗有效抗菌除臭,1416.0,24
7295191,Kesho加大厚型濕巾80抽-Pure Water,加大尺寸 20cm x 20cm(厚型),1416.0,24
7083774,歐洲Barwa洋甘菊鎮靜舒敏天然皂100g,採用波蘭傳統製皂工藝,1416.0,24
8025854,【廠商直送-平行輸入】Aesop環境防護基礎面霜60ml,臉部保養系列,1412.0,1
7499731,Kisses水滴牛奶巧克力82g-多款任選,美國百年經典巧克力品牌,1408.0,16
7985595,【廠商直送】KS-蠶絲冰絲中腰褲3件組,超薄冰絲布料，冰涼舒適又親膚,1407.0,3
7084198,頂豐TOPPIK噴霧式假髮144g黑色,增髮纖維幫你增髮 更增自信,1406.0,2
7042095,(已結束合作)倫敦芮魅Rimmel IG女神打底定妝雙效噴霧 (新舊包裝隨機出貨),妝前打底、妝後定妝兩用噴霧,1405.0,5
7327034,靠得住茶樹舒涼棉衛生棉10片23cm(新舊包裝隨機出貨),"美國天然茶樹精油, 幫助舒緩生理期不適",1404.0,18
7658323,A.P雨傘柔纖鵰塑四角褲,3D立體囊袋設計，服貼臀部曲線,1404.0,9
7114789,BOTANIST植物性沐浴乳490ml-滋潤型(新舊包裝隨機出貨),玫瑰&白桃的香氣，以細緻綿密的泡沫包覆肌膚，豐富的保濕成分與絲滑手感護理全身。,1404.0,4
7091012,水之印高機能平衡保濕乳霜50g,即是專為解決肌膚粗糙與成人面皰所打造。預防成人面皰的產生，讓肌膚呈現光滑柔嫩的好膚質。,1404.0,3
7404106,AminoMason2胺基酸植物保濕護髮油100mL,4589919563340,1404.0,3
8508150,【廠商直送】永恆系列 100%天絲 芬妮綠 枕套床包組-雙人,60支高級天絲，絲滑柔順,1402.0,1
8508384,【廠商直送】永恆系列 100%天絲 沉穩灰 枕套床包組-雙人,60支高級天絲，絲滑柔順,1402.0,1
8508122,【廠商直送】永恆系列 100%天絲 杏仁黃 枕套床包組-雙人,60支高級天絲，絲滑柔順,1402.0,1
7262464,舒潔迪士尼濕式面紙25抽,"\"\"\"全程使用飲用級純水製造",1400.0,28
8005355,樂品旅行用雙圓紙軸棉花棒(單支包)50支 *4包,100%天然棉花,1400.0,10
7055431,Biore頂級深層卸粧棉盒裝44片-水嫩保濕型,水狀卸粧油質地，深入毛孔溶解彩粧後迅速蒸散，維持肌膚清爽透氣感。,1400.0,7
7049918,賽吉兒菁萃潔浴凝露-日用型100ml,經典入門必備，私密沐浴露,1400.0,7
7088698,逸萱秀潤澤防斷裂潤髮乳700ml,毛鱗片屏護科技,1400.0,7
7143447,妮可NICO-4008C輕質土(8色入),質感輕盈.不黏手.易清理.不刺激,1400.0,5
8020179,透氣格紋室外拖鞋-多色任選,耐磨耐穿一體成型結構,1400.0,4
7098752,TUNEMAKERS滲透型玻尿酸保濕原液20ml,深入角質層，緩解乾燥,1400.0,2
7807637,Avene 雅漾控油舒緩潔膚凝膠200ml,雅漾獨特水菲薊果萃取 COMEDOCLASTIN ® 減少臉部多餘皮脂分泌,1400.0,2
8527837,NES恩藝偲藍銅胜肽修護水凝霜55ml,極水潤質地，與肌膚接觸瞬間吸收、不黏膩，清透水感,1399.0,1
8555372,【廠商直送】Wash&Wish植萃檸香洗碗精1000gX3組入,Wash&Wish 重新定義生活細節上的意義與價值,1399.0,1
7932173,【廠商直送】MegaHouse MIX WATCH手錶 可愛手錶製作組 果凍版  MA51478,,1399.0,1
8608316,【廠商直送】KINYO藍牙立體聲耳機麥克風,無線藍牙技術，傳輸無障礙。,1398.0,2
8506963,【廠商直送】Hello Kitty紙手帕10抽15入12條,壓紋密實柔韌細緻最貼心,1398.0,2
8557596,【廠商直送】日本bye bye Virus病毒掰掰除菌消臭組(噴霧300ml+補充包300ml),採用食品級添加物製作,1398.0,2
8611244,【廠商直送】Style格調-透明抽屜式25面寬五層收納櫃,透明設計 選取好便利,1398.0,2
8017463,【廠商直送】AliSHA 光溜溜淨除霜100ml(VIO可使用)(不附贈刮棒),無痛淨毛只要一瓶搞定!,1398.0,2
7900993,【廠商直送】PROFUSION 21色眼影盤 - 魅惑幻彩 Enchanted,profusion精選21色珠光眼影，打造幻麗夜晚，神秘繽紛氣質高貴，華麗萬分，一盤在手輕鬆堆疊出有層次的高質感妝容，色選實用可以自由變換出喜愛的妝感，給你滿滿媚惑神秘色彩!,1398.0,2
8554119,【廠商直送】多立康蓓韻日本高劑型肌醇500+鈣 60粒,每粒含肌醇500毫克，含量充足,1398.0,2
7440342,衛采俏正美BB蜂王飲50ml_10入,4714534070113,1398.0,2
7523514,CINQUAIN草本滋養光澤精華乳100ml,4713696629641,1398.0,2
7203523,吉列鋒速3刮鬍刀片8入裝,更鋒利刀片,1398.0,2
7199232,Dr.CARE深海藍寶石全效保濕舒敏水150ml,"台韓共研的Dr. CARE,不僅擁有韓國的保養品技術,更結合了台灣的特性、天氣,成就一種最適合台灣人所使用的",1398.0,2
8609605,【廠商直送】KINYO藍牙聲霸音箱-兩色任選,雙喇叭、雙震膜，立體環繞音效，猶如身臨其境。,1398.0,2
7243328,OMORY玻璃吸管水瓶1200ML附揹袋-清涼杯,高硼硅耐熱玻璃，無毒溶出最安心。,1396.0,4
8172938,多芬結構修護護髮精華230ml玻尿酸浸潤,針對敏弱頭皮及缺水乾燥髮絲，注入10萬億高純度玻尿酸分子，實現秀髮2倍柔順水潤透亮,1396.0,4
7703227,日本門簾-開運六福貓(紅),多功用開運風水簾,1396.0,4
7907909,【廠商直送】PROFUSION 12色眼影盤 - 摩卡奶茶盤,PROFUSION 12色眼影盤 - 摩卡奶茶中混搭巧克力夢幻色，加上甜甜奶茶氣氛，經典配色，經典重現，午茶時光典雅高貴，不失休閒氣息，眼妝必備單品，零死角裸妝，持久上妝，持久顯色，讓你整天都美麗無限。,1396.0,4
8236985,日本味王C收蔓越莓口含錠60粒,,1396.0,4
7108499,富麗絲泡泡染系列-煙燻玫瑰粉,8種氨基酸滋潤及藍睡蓮萃取成分,1396.0,4
7087853,歐森好立善德國水解膠原蛋白粉150g,分子小好吸收,1396.0,4
7097827,型色家植萃添加護髮染髮霜-687霧感抹茶綠,免漂髮也能染出霧感髮色,1396.0,4
7049899,霓淨思玻尿酸保濕眼霜15ml,三胜肽舒緩肌膚緊張，有效撫紋。,1396.0,4
7914471,爵戀iP海洋精華集中修護髮膜200g,4971710523652,1396.0,4
7946627,日本味王C收蔓越莓口含錠60粒,蔓越莓好C收，女性私密青春守護,1396.0,4
7832750,UnimatRiken乳酸菌青汁3gx30包,4903361640341,1396.0,4
8533524,陽光家族-鋁合金折疊鋼繩曬架32夾,,1396.0,4
7252777,風倍清浴廁抗菌消臭劑6ml*2-山谷微香,45天持續清新: 抗菌+消臭+防臭,1395.0,5
7090137,高露潔抗敏專家牙膏-修復琺瑯質110g,首創含Pro-Argin™配方的牙膏，能有效迅速及持久舒緩敏感酸痛。,1395.0,5
7253711,妮維雅北海道玫瑰淨白雙層卸妝水400ml,來自珍貴的北海道的玫瑰精萃，具36倍抗氧化的功效,1395.0,5
7253521,ST雞仔牌多用途乾燥劑12入,獨立小包裝,1393.0,7
7660907,普惠醫用口罩成人25入莫蘭迪奶茶,4712123642987,1393.0,7
7891045,統潔醫療成人平面口罩30入,單片獨立包裝.衛生安全,1393.0,7
7083811,ES永恆珍愛奢華香水潤髮乳600ml,多層次香調,1393.0,7
7108473,巴斯康美香精浴劑-茉莉香550g,台灣製造,1393.0,7
7832965,LENOR蘭諾衣物芳香豆_晨曦玫瑰455ml補充包,4987176116109,1393.0,7
7108438,依必朗抗菌沐浴露清爽健康1000ml,含獨特Chlorhexidine抗菌配方BR添加維他命E精華 維持肌膚滋潤,1393.0,7
8051813,一心一罩大童小臉3D醫用口罩蠶絲透白10入,4712937973284,1393.0,7
7108530,澡享BODY愛抗菌沐浴乳900g-綠茶茶樹,成分*95%以上源自天然,1393.0,7
7488921,巧易收日式三層櫃收納盒-橫式,簡約設計高質感,1393.0,7
7307824,善存3效順暢益生菌粉末顆粒7包,7種益生菌：幫助維持消化道機能,1393.0,7
7392414,絲膚潔私密沐浴露2 in 1 100ml,"法國市占第1, 高達41%",1393.0,7
7088692,Biore極緻精華油沐浴露500ml-白桃與粉玫瑰,膚觸改變的關鍵時刻，你需要專屬的清透「植萃精華油美容」,1393.0,7
7751109,富麗絲染髮系列135ml-經典黑曜藍,1. 8種氨基酸滋潤及葵花籽油萃取成分,1393.0,7
7486928,1028 野罌粟絨霧嫩頰彩,細緻粉體能輕鬆暈染，輕刷立現美肌色澤。,1393.0,7
7397994,Satto-360°平板拖把組合頭-白色,360°旋轉刷頭，讓你清潔無死角。,1393.0,7
7781846,【J′ADORE】正韓316醫療針鎖珠耳環星芒,【J′ADORE】精品,1393.0,7
7064316,肌研毛穴對策洗顏乳100g,日本樂敦嚴選雙重酵素精華，能促進角質代謝，深入清潔並收斂毛孔,1393.0,7
8534034,依必朗抗菌沐浴乳1000g水嫩紅藜,添加抗菌配方Ｃhlorhexidine，溫和不易刺激，能徹底清潔並於肌膚上形成保護膜，增加肌膚抵抗力、給肌膚最自然的保護。,1393.0,7
7072838,優您事動物衛生套12入-瘋狂企鵝三合一,來自歐爸的最愛,1393.0,7
7044524,森田藥粧竹炭臉部去角質霜 130ml,深層潔淨毛孔油脂、污垢,1393.0,7
8116463,妮維雅純萃身體乳350ml-天然有機大麻籽油,純萃保養身體水凝乳系列,1393.0,7
7419473,【廠商直送】日式雅蓆兩用床墊-圓點普普,舒適雅蓆床墊,1393.0,1
7425442,日清咚兵衛油豆腐烏龍麵 _碗麵,4902105241103,1392.0,16
7252780,風倍清浴廁抗菌消臭劑6ml-山谷微香,45天持續清新: 抗菌+消臭+防臭,1392.0,8
8006870,LG喜馬拉雅粉鹽胖瓶牙膏285g-天山雪蓮,韓國原裝進口特殊劑型按壓式牙膏，時尚包裝讓人隨時守護完美形象，可單手方便操作，每次按壓是一次用量，節省牙膏浪費。,1392.0,6
7053650,刷樂纖柔潔白牙刷9支入,<0.01mm 3D長短纖柔毛 深入清潔牙齦溝,1390.0,10
7873348,汽車男童三角褲3枚組-顏色隨機出貨,汽車男童三角褲3枚組,1390.0,10
7318993,300D天鵝絨九分刷毛褲 M-XL,"輕量質感,觸感舒適柔軟",1390.0,10
7861656,蘋果香生理褲,吸濕排汗，高透氣防水布，蘋果香生理褲,1390.0,10
7944176,美吾髮晨曦草露清新洗髮露700ml,0矽靈 無人工色素,1390.0,10
7432634,麗白薏仁保濕潤膚乳400ml按壓瓶,4513574029606,1390.0,10
7461876,美吾髮黑髮靈補色膏-自然黑褐 12g,少量白髮但又還不到需要染髮的程度,1390.0,10
8185696,三多健康紅麴膠囊60粒,品質穩定:嚴選台灣專業發酵生產之原料。,1390.0,2
8170141,精彩假期24吋/28吋  ABS加大 行李箱 旅行箱（顏色隨機出貨）限宅配,,1390.0,1
8514600,手工鑄造鐵鏟專用炒鍋 36cm 限宅配,,1390.0,1
8509373,舒潔Viva抽取式廚房紙巾110抽3包,直立設計，空間省60%,1389.0,11
7425169,KIRIN午後紅茶-檸檬紅茶500ml,4909411084875,1386.0,42
7278906,DARLIE好來含氟牙膏140g-亮白,"天然薄荷成份,讓口氣清新自然",1386.0,14
7245921,曼秀雷敦水份潤脣膏-無香料-3.5g,深度潤澤保水力  溫和無香料,1386.0,14
8119596,我的心機高效EX美白抗痘洗面乳120ml,深度抗菌EX配方，添加法定成分繖花醇(Isopropyl Methylphenol),1386.0,14
7620393,韓國AROUND ME香水護手霜60g-蜜桃雪松,韓國製造精品級香水護手霜,1386.0,14
7091839,OTTOG韓國不倒翁Q拉麵110g*5入-多款任選,火鍋或湯麵都可使用,1386.0,14
7245773,OMORY-304不鏽鋼韓式便當匙-2入組,可以選擇男生款 女生款 2入隨機出貨,1386.0,14
7620400,韓國AROUND ME香水護手霜60g-麝香亞麻,韓國製造精品級香水護手霜,1386.0,14
8177897,日藥本舖醫用平面口罩25入深迷霧紫,4713072041296,1386.0,14
8496137,Shea Solutions乳油木果修護髮膜170g,美國熱銷品牌,1386.0,14
7053658,刷樂專業護理漱口水袋裝12ml*10入-多種任選,約會必備!水蜜桃香氛 氣息不尷尬,1386.0,14
8122870,樂品果凍足弓七分墊-高跟鞋用,●防滑穩固，行走不疲累,1386.0,14
8036040,orionjako韓國海苔12入-麻油,小包裝攜帶方便,1386.0,11
7097861,舒妃馬油髮質深層修護霜800ml,補充頭髮所需之養份及水份，徹底改善乾燥受損現象,1386.0,7
7134975,Udilife優選 大家庭和樂5件組洗衣網,細密網目緊密縫合，柔韌耐用完整保護。,1382.0,8
7092180,風倍清浴廁抗菌消臭劑6ml(清爽皂香),45天持續清新: 抗菌+消臭+防臭,1381.0,9
7931952,佐賀者豚骨風味辛拉麵2人份162g,,1380.0,20
7565657,添寧護妳墊26片微量型30cc,提供瞬間微量漏尿的保護,1380.0,20
7404045,Pelican淨味皂85g_3P,4976631478111,1380.0,12
7123046,威猛先生疏通劑960ml-馬桶排水管用,擊退頑固有機阻塞,1380.0,12
7055436,Biore含水防曬美白水凝露 90ml,SPF30與UV-A防禦效果PA++，有效防禦日常紫外線,1380.0,6
7042102,(已結束合作)倫敦芮魅Rimmel 就是有型立體眉彩盤 (新舊包裝隨機出貨),可以填補眉間空隙，修出層次感,1380.0,6
7882472,凱婷 粹選眼影盒,可從108種色彩中自由組合顏色，製作原創眼影盤的專用眼影盒,1380.0,6
7931777,葵緹亞TheNaive極上淨膚沐浴乳500ml,,1380.0,5
8560749,【廠商直送】巧奇馬卡龍成人口罩10入10包組,夾鏈袋設計!每袋10入同色系~外出攜帶好方便👍,1380.0,2
8581597,【廠商直送】Caldo 卡朵生活-清韻316不鏽鋼泡茶保溫瓶330ml-四色任選,底部止滑墊，避免瓶底長久使用磨損,1380.0,2
7109762,FaceQueen玫瑰粉嫩白保濕護足膜10入,超密著襪套式足膜 X珍稀玫瑰嫩白精華,1380.0,2
7425666,Fujiko乾爽蓬蓬粉8.5g,4589474242674,1380.0,2
8119769,我的心機3%酯化維C極光淨白精華30ml,衛署粧製字第008074號,1380.0,2
7061329,mod’s hair  Smart25mm新一代完美智能直髮,特殊防燙端設計，可快速散熱約30%,1380.0,1
7808199,【廠商直送】迪士尼｜Disney 冰雪奇緣Elsa-經典書包,華麗的冰雪奇緣Elsa書包來啦 ♡ ♡ ♡,1380.0,1
8094270,【廠商直送】Style格調-五層收納櫃四大二小  - 多色任選,安全封邊，承重力強，堅固耐防脫落式抽屜，抽取不滑落,1380.0,1
8494025,【廠商直送】SOLAC-人體感應陶瓷電暖器-多色任選,活性炭除味濾網,1380.0,1
7567322,【廠商直送】茉娜-除臭抗菌彈性棉調整型內衣,低位低脊心> 舒適不壓迫,1380.0,1
7821565,【廠商直送】晶工牌3.5L陶瓷慢燉電鍋JK-6035,3.5L家庭專用,1380.0,1
8119086,1028 ARTISAN 細節暈染刷 E17,尖端小巧厚彈刷毛，可少量多次於眼褶處上色增強飽和度，亦可於小區塊細節暈染。,1377.0,9
8582137,EDGEU凝膠美甲貼設計款-602 YUMMY SMILE,愉悅的HAPPY HAPPY黃色和俏皮的微笑,1377.0,3
7160012,freeplus高滲透瞬效保濕噴霧化粧水165g,添加胺基酸美容保濕成分,1377.0,3
8584249,EDGEU凝膠美甲貼設計款-212 BLACK SUGAR BONBON CHOCOLAT,紅棕色大理石與鵪鶉蛋,1377.0,3
8489196,【廠商直送】cocodor聖誕老人擴香禮盒-白麝香,內容物:擴香補充瓶200ml、擴香空瓶、擴香棒5支、造型擴香棒1支、圍巾1入、漏斗1個、裝飾花材1入,1377.0,3
7822545,Natural Look HAIRFOOD 超柔順抗毛躁滲透膜400ml,提供最大保護和光亮同時排除毛躁和靜電。,1377.0,3
7633552,防塵歐巴機車防塵套二件式-長版-黑,防日曬雨淋,1377.0,3
8119226,露得清Rainbath美國進口沐浴露1182ml 好市多熱銷款,,1377.0,3
7406498,阿久師臺灣100％純米星星餅20g-紫心地瓜口味,"星星造型,可愛童趣,增加食用趣味",1375.0,11
7088677,花王洗髮精750ml-深層柔潤型,溫和洗淨，使髮絲柔順不打結,1374.0,12
7714677,卡樂芙優質染髮霜-落雨冷棕(新舊包裝隨機出貨),顯色度+58%有感超顯色,1374.0,6
7553915,舒適水次元5Premium刮鬍1刀把2刀片,"日本包裝全新上市,外盒使用100% 再生紙",1374.0,6
7111224,美吾髮卡樂芙染髮霜-巧克力 50gm,顯色度+58%有感超顯色,1374.0,6
7108662,沙宣深層滋潤洗髮乳500ml,"源於沙龍靈感,有效修護為造型打底",1374.0,6
7292722,高級附套直剪(TL-0922),附套子 直刀口剪刀,1372.0,28
8506924,Hello Kitty紙手帕10抽15入,壓紋密實柔韌細緻最貼心,1372.0,28
7053338,LOTTE樂天蛋黃派6入,採用新鮮雞蛋及低甜度蛋黃奶油等上等原料，外層是精緻蛋糕，內餡是濃郁的蛋黃奶油，無添加任何人工味精及防腐劑。,1370.0,18
7425224,小兒利撒爾Quti軟糖(藻油DHA)10顆,4716511025888,1368.0,36
7049836,珂潤Curel 逆齡彈潤精萃水140ML,蘊含高滲透長效補水配方[潤浸保濕Ceramide成分*、桉葉精華、羅漢柏枝植萃滋養成分],1368.0,2
7426377,HelloKitty抑菌柔濕巾70抽,4715664503700,1365.0,35
8022069,EMO除濕王乾燥劑 60g 5包入,,1365.0,35
7385370,蘇菲超熟睡超薄細緻棉柔14片28cm,日本首創 超大蝴蝶扇尾,1364.0,22
7098901,曼秀雷敦洗髮精550ml-頭皮去味,創新油垢溶解技術，輕輕按摩即可帶走油脂髒污，徹底潔淨頭皮,1361.0,9
8549123,妖制 拇指迷你氣墊粉撲 蛋黃派/菠蘿派,彈性PU寬緞帶設計 貼合手指,1360.0,16
7990352,1028 ARTISAN 極淨睫毛梳 T11,特規半弧形極細密齒刷，梳開多餘纖維，打造根根分明乾淨翹睫。,1360.0,8
7091004,Za潮色微醺腮紅 (多色任選),獨特霜轉粉技術,1360.0,5
7057670,16 BRAND甜心少女雲霧粉餅,調和適合亞洲人的米色調，一拍上就融合皮膚，不會過度顯白有粉感,1360.0,4
7661040,Kanebo_SUISAI淨透酵素粉N買大送2小組,4711934296785,1360.0,2
7942488,【廠商直送】正官庄活蔘28D100ml10入,高麗蔘活力飲,1360.0,2
8504049,【廠商直送】Ladoore蕾朵兒 純慾愛戀 性感開襠連身衣,L'adoore 純慾愛戀 性感開襠連身衣,1360.0,2
7048727,SOFINA iP土台美容液 90g,洗臉後的第一步:土台美溶液，賦活美肌<高濃度的碳酸微米氣泡美容液>,1360.0,1
8532069,MEXX晨曦冥想男性淡香水50ml,晨曦冥想淡香水系列含有90%以上天然成份且不含動物原料是一款純素香水。,1358.0,2
7203477,吉列鋒護冰爽系列4刀片,吉列史上最薄5刀片,1358.0,2
7229062,我的心機．馬油滋養修護足膜(1雙入),充分浸潤雙足，成分溫和不刺激,1357.0,23
7917130,靠得住冰菓棉11片(23cm)-百香果香,微涼舒爽配方,1357.0,23
8120192,嬌生美體主張24小時乳液500ml-多款任選,維他命E x 蜜桃果香,1356.0,4
7063498,Perfect專科完美面膜5片-舒緩淨白,添加蠶絲蛋白保濕精華、珍珠精華、雙重玻尿酸保濕，密集美白補水。,1356.0,4
7432666,卵肌本舖 蛋殼膜Q彈面膜泥170g,4589906250420,1356.0,4
7822541,Natural Look HAIRFOOD 超柔順抗毛躁洗髮精300ml,毛躁維護計畫中特殊設計的成員，尤其為了滑順和清潔頭髮。,1356.0,4
7291949,曼秀雷敦強效防蚊噴霧60ml,"有效防各種蚊種長達8小時(斑蚊, 家蚊, 小黑蚊)",1356.0,4
7097856,舒妃7萃有機草本護色修補菁華150ml,染後護色補色,1352.0,8
8524329,木槿花草本暖腳套2雙入-生薑,貼心穿套式設計,1352.0,8
8283067,古寶無患子沐浴精華露600g櫻花紫羅蘭,搭配來自日本的吉野櫻萃取，淨白柔嫩肌膚，含有機薰衣草花水，調理肌膚，使清爽潔淨感。含積雪草萃取，舒緩調理肌膚，肌膚洗淨不緊繃。細緻櫻花紫羅蘭香氣，溫柔泡泡包覆著每一寸肌膚，讓您身浸於活力舒壓草本氣息中 ，洗淨同時好好享受日本吉野櫻花的細緻香氛。,1352.0,8
7148032,NAILTONE 持久引力指甲油 (多款任選),新導入4種頂級維他命營養補充，維他命H（美甲修護）、 維他命F（營養補給）、維他命B5（預防乾燥）、維他命E（抗氧化）。,1352.0,8
7403701,日進_鼻呼吸舒眠貼30枚,4955574781755,1352.0,8
8536671,逸萱秀5效煥髮菁華油60ml鈴蘭&橙花,逸萱秀 5效煥髮菁華油 限定香氛款,1352.0,8
7108451,百利餐具專用菜瓜布3片,輕鬆去垢不刮傷,1350.0,18
7799262,雙子星浴帽2入組-粉,三麗鷗正版授權,1350.0,18
7139337,歐樂B抗敏護齦牙膏90g-專業修護,長效抗敏,1350.0,10
7688876,Perfect專科超微米透亮潔顏乳100g,宇治抹茶精華平衡油脂，清爽無負擔，添加蠶絲蛋白精華，5倍超濃密泡泡,1350.0,10
8494341,THE LADYWORE×ARTiS指甲油15ml,與人氣服飾品牌THE LADYWORE聯名,1350.0,10
7245918,曼秀雷敦男士冰振活炭潔面乳150ml,"升級黃金備長炭, 含大量微米極細孔, 強力吸附多餘油脂及污垢",1350.0,10
7574788,ARTiS di Voce彩色指甲油 15mL  18清透貝殼光,百搭的Artis裸色系指甲油,1350.0,9
7078059,御之味白果(銀杏)150g,大孩子懂，小孩子更應該認識的滋味。苦中回甘的老味道，一顆接著一顆，涮嘴!!小小包裝，外出旅遊吃飯逛街都方便。,1350.0,9
7433021,悠斯晶A乳霜40g攜帶型,4987353190014,1350.0,9
7719764,慢式 x ARTiS指甲油 (SA系列)-多款任選,Slow Manner 慢式 飛行五年看過世界各種美好,1350.0,9
7088493,蔴鑽農坊 黑琵牛蒡茶 130g,,1350.0,9
7709737,AHC微導壓力面膜3入-迷迭香,[超強貼合力] 緊密貼附防滑設計，提供+10倍的摩擦阻力*，緊密貼合肌膚不易滑落，幫助肌膚完整吸收精華,1350.0,5
8581591,【廠商直送】Caldo 卡朵生活-法式單層雙耳造型便當盒-多色任選,附活動隔板，食物味道不混雜,1350.0,3
7991733,VISEE輕霧渲染頰彩,【商品特色】,1350.0,3
7443061,OMORYx柴語錄-304不鏽鋼泡麵碗850ml-藍,《柴語錄》X OMORY_療癒感聯名設計~,1350.0,3
8261156,【廠商直送】美德彩色醫用防護口罩50入3盒-尬電紫,▪️經防潑水處理，阻擋飛沫及顆粒粉,1350.0,3
7059995,施巴5.5痘淨系列潔面慕斯150ml,溫和潔顏，煥發健康水嫩零荳肌！,1350.0,3
7054591,日本味王金盞花葉黃素膠囊30粒/盒,3C、低頭族必備，精彩生活每一天,1350.0,3
8568477,【預購】克蘭詩紅魔超S勻體精華200ml,9200000000686,1350.0,1
7098770,TUNEMAKERS原液保濕美容液30ml,NMF天然保濕因子,1350.0,1
7440292,正官庄高麗蔘精everytime 30入禮盒,8809332399507,1350.0,1
8173970,【廠商直送】AAA-輕型四層波浪架-黑色-90x45x150cm,每層平均載重約50KG,1349.0,1
7125498,美吾髮植優護髮染髮霜40+40ml-自然淺棕4,"花植菁萃溫和配方,減少頭髮傷害",1347.0,3
7386686,樂扣樂扣優質矽膠提帶水壺700ml/薄荷,瓶身為食品級TRITAN(共聚酯)，不含塑化劑和雙酚A。,1347.0,3
7414978,Lilybyred心境調色四宮格眼影盤,#零廢色                 從打底色到眼線色  一次搞定,1347.0,3
8534860,【廠商直送】MONG YA孟亞-新LIPEXEL指緣油(茉莉橙花)15ml,針對指緣、關節目,1347.0,3
7125508,美吾髮植優護髮染髮霜40+40ml-霧面亞麻,"花植菁萃溫和配方,減少頭髮傷害",1347.0,3
8088538,彼得兔竹纖浴巾-多色任選,正版比得兔授權，標籤上皆附有防偽雷射標籤,1347.0,3
8243160,DARLIE好來抗敏感牙膏120g-亮白,含PNS抗敏感活性成分，為全球牙醫普遍使用。,1346.0,14
7105862,多芬植萃橙花清爽淨化洗髮露470ml,秀髮散發夢幻蝴蝶蘭花香調,1345.0,5
7274621,LUCIDO倫士度頭皮去味洗髮精 450ml,1.深層潔淨配方，可以去除堆積在毛孔裡的成人黏膩油脂,1345.0,5
7105850,多芬日本植萃蜂蜜輕盈柔亮洗髮露500g,1.100%天然由來的植物精華油配合,1345.0,5
7053415,自白肌美白熊果素激光化妝水250ml,段式美白科技 X 散發透亮光澤感,1345.0,5
7098881,莉婕泡沫染髮劑108ml-金沙淺棕色(新舊包裝隨機出貨),1. 配方新升級，深色髮也能輕鬆上色，打造出沙龍級柔和透亮髮色。,1345.0,5
7234994,舒芙蕾 輕氧呼吸內衣,．舒適無痕：無鋼圈輕盈舒適零壓迫,1345.0,5
7445032,身體幻想-清新白麝香香氛噴霧94ml,前味:鈴蘭、紫丁香、小蒼蘭,1345.0,5
8099675,白雪姬完美腋下不羞羞美白晚安霜30g,清爽舒適的凝露霜質地，塗抹在腋下也不黏膩，美白成分,1345.0,3
7042079,Solone大藝術家玩色F03修容刷,1. 顯色的濃密膠狀質地，「 清晰感眉妝」。,1344.0,6
7138843,奈良彌亞護髮染-M13馬卡霧感奶茶40g*2,不添加 PPD,1344.0,6
7327022,好奇純水嬰兒濕巾加厚型70抽-限定版迪士尼,飲用級純水: 寶寶無負擔,1343.0,17
7059827,蕾妮亞零觸感特薄衛生棉16片日用25cm(包裝隨機出貨),0.1cm超激薄x2倍吸收,1343.0,17
7098393,上好佳原味薯條18入,迷你版薯條餅乾、小巧攜帶方便,1343.0,17
7298749,一匙靈極淨除垢洗衣精1.5kg補充-抗菌EX,超越日曬等級 99.9%除菌力,1343.0,17
7137870,Ora2me微觸感牙刷-中性毛(隨機出貨不挑色),微觸感系列的刷毛更柔軟更細緻，不論對牙齒或是牙齦都能有溫柔的使用感。,1343.0,17
7864363,瑪榭速乾除臭氣墊防磨襪-多款任選,超速乾、超透氣、超輕量,1343.0,17
7251755,妮維雅純萃潤唇膏4.8g-多款任選,100%天然成分,1341.0,9
7088384,妮維雅 止汗爽身乳液 無印乾爽50ml,獨特無印乾爽止汗效果,1341.0,9
7088380,妮維雅 止汗爽身乳膏 高效柔滑40ml,長效止汗乾爽效果,1341.0,9
7523307,日本獅王趣淨洗手慕斯250ml_清新果香,4903301240990,1341.0,9
7704666,妮維雅 止汗爽身乳膏40ml-乾適活力,長效止汗、持久乾爽效果,1341.0,9
7088387,妮維雅 止汗爽身乳膏 無印乾爽40ml,獨特無印乾爽止汗效果,1341.0,9
7135826,澳寶一分鐘密集修護焗油225ml-極速修護,產品新升級,1341.0,9
7185032,W993摺疊木鏡YG-4,暖色系桌鏡，原木紋路,1341.0,9
7083533,NAIRIA沙龍級專業鎖水護髮霜1000ml,"富含深層鎖水因子, 鎖水能力強, 保濕效果長久",1341.0,9
7063312,Bref妙力懸掛式馬桶清潔球50g*2-蘋果蓮花,"香氛變幻: 沖水前後變化不同香氛(前香-清爽蘋果香,後香-優雅蓮花香)",1341.0,9
7092177,好自在Radiant液體衛生棉幻彩系列9片(量多31.7cm),尾端凹槽3D FIT超貼合身體,1341.0,9
7253656,JINYU 加大褲型絲襪3雙入-多色任選,腳尖強化織造防脫減摩擦,1341.0,9
7062759,歐碧棉條普通16條入,德國原裝進口，獨特絲柔表層置入更容易,1341.0,9
7478440,角落小夥伴女童精梳純棉內褲2入,手感柔順、透氣吸汗,1341.0,9
8565136,【廠商直送】巧奇暗色成人口罩30入3盒-多色擇一,符合國家醫療器材品質管理系統準則，認證字號QMS5159 號 符合國家檢驗標準CNS 14774.14775,1341.0,3
7432261,樹之惠天然樹液足貼-含鈦30入,4975729200870,1339.0,2
7426449,蘇菲彈力超薄夜用超薄潔翼_28cm12片,4710054151127,1336.0,34
8538077,超消臭導氣減壓氣墊襪-M-多色任選,360度無死角全導氣網織法,1335.0,15
8167603,Dailix愛麗絲超柔軟褲型衛生棉2入-M~XL,超彈腰腿圍 一拉輕鬆穿,1335.0,15
7094889,舒酸定專業抗敏護齦牙膏100g-沁涼薄荷,臨床證實雙效舒緩牙齒敏感幫助改善牙齦健康,1334.0,6
7425246,日清合味道海鮮味杯麵,4897878230013,1332.0,37
7260308,蔻絲媚影溫和指甲油去光水250ML,保護指甲不易變白能徹底卸除的去光水,1332.0,12
8512310,KOZI平衡保濕精華30ml,全方位超效補水、鎖水、修護，恢復肌膚屏障健康。,1332.0,1
7833008,Saborino早安面膜CICA積雪草28入,4515061189398,1331.0,3
7097363,京都念慈菴枇杷潤喉糖60g-原味,漢方草本精心煉製,1330.0,14
7369549,安多精品 頂級皇家免洗褲男仕型 4入,"合身版型,符合人體工學",1330.0,14
7790166,I’M MEME我愛甜點極霧烤茶唇膏 10豆沙烤茶,I'MMEME X 韓國超人氣文創品牌Malling Booth，最萌的bebe熊跟hato兔，打造聯名甜點系列，讓生活增添可愛的色彩！,1328.0,4
7751823,dejavu 就是自然輕盈眉彩膏-多色任選,極小刷頭不易沾到肌膚 獨有的薄膜技術，溫水即可卸除,1326.0,6
7523756,易利氣2000磁力貼12粒,4902522673563,1325.0,5
7105736,樂扣樂扣純淨抗菌保鮮盒/1.3L/正方/粉色/B1C6,上蓋密封矽膠圈可拆洗，防止膠條發霉,1325.0,5
7432882,全方位Clean抗菌洗手乳250g,4710186360121,1323.0,27
7098349,SWISS MISS巧克力粉280g-香醇,經典牛奶巧克力升級 可可比例再提升,1323.0,9
7044904,SWISS MISS巧克力粉280g-雪花,最經典的牛奶巧克力可可粉,1323.0,9
8591247,ORIHIRO新春蒟蒻果凍_葡萄白桃青葡萄24入,4571157252384,1323.0,7
7105501,最乾淨竹炭浴巾-隨機出貨,材質:9%聚酯纖維(竹炭紗)、91%棉,1323.0,7
8065907,麗仕柔亮護色洗髮乳750g-2022版,全新設計 奢寵秀髮護色修護,1323.0,7
7940786,【廠商直送】男款精梳棉加厚毛巾底中筒襪-多色任選,加厚毛巾底舒適材質,1323.0,3
7257762,琨蒂絲彈性透明短襪3雙入-多色任選,"襪身細緻緊實服貼又好穿,適合上班族穿著",1320.0,24
7752164,白蘭酵素極淨超濃縮洗衣精補充1.5kg淨味,24小時長效除臭 室內晾出陽光味,1320.0,12
8597577,日方面達母軟膏28g_KT授權版,4979949001996,1320.0,11
7298745,一匙靈超濃縮洗衣粉1.8KG-抗菌EX,除臭 - 去除汗味、霉味與悶臭味,1320.0,8
8051507,日清拉王豚骨味非油炸速食麵5入,4897878760107,1320.0,8
7261479,Nature Tree賦活黃金乳霜30ml,黃金導入 透亮肌,1320.0,4
7224683,待刪除-Tal蒂愛麗密集修護足部龜裂修護霜75ml,凝膠質地鎖水超保濕,1320.0,4
7064461,Melano CC高純度維他命C美白化粧水170ml,高純度維他命Ｃ，能深入肌底抑制麥拉寧色素，預防斑點，實現淨白水潤的透明感美肌,1320.0,3
7345193,【廠商直送】Playful Toys 頑玩具 彩色磁性大畫板,磁性畫板無粉塵,1320.0,2
8582298,【廠商直送】林邊砲彈蓮霧3斤裝,,1320.0,2
8271060,【廠商直送】巧奇-回熱衣-莓果紫F,【六大功能】,1320.0,1
7432573,KOSE極上活妍特濃彈力修護日用精華100g,4971710386967,1318.0,2
7213484,好自在熊抱安睡褲2片-L,蜜桃形剪裁貼臀型，表層舒服透氣,1317.0,17
7484642,hold黏-通用型膠黏補充包60周3入,菱形膠紙好撕取,1317.0,13
8077943,SOMEBYMI蜂膠B5光澤修護精華液50ml,24K皇家蜂蜜金箔,1317.0,3
7048652,立朵舒私密潔浴露加倍修護250ml,加強防禦，舒緩不適,1317.0,3
7937262,【廠商直送】Hangten 純棉背心2入組,100%棉,1317.0,3
7162895,Persil 寶瀅強效淨垢洗衣凝露1L,"全新深層淨垢技術,還原淨白呵護纖維 30 天連續散發清香,一顆輕鬆搞定",1316.0,7
7626498,水舞醫療成人平面口罩10入-賞月Meow,MIT，雙鋼印,1316.0,7
7060831,護妍天使淨痘淡印玩美無瑕組,平撫痘痕 立體護水網緊緻表皮結構,1316.0,4
7822551,Natural Look HAIRFOOD 色亮護色護髮素375ml,色亮護色系列含有無色指甲花，是無色的天然有機蛋白質。,1316.0,4
7228888,我的心機火山礦物平衡淨膚黑泥膜150g,獨特泥凍劑型，凝凍MIX泥膜技術,1316.0,4
7821923,【廠商直送】Ronever ELITE多功能遊戲鍵盤,人體工學設計可調式底座，可依照需求調整，有助於緩解手臂肌肉疲勞,1316.0,4
7833053,ROSETTE牛乳特濃潤澤水光敷膜110g,4901696540282,1316.0,4
8553467,【廠商直送】日本John’s Blend除臭噴霧280ml-多款任選,添加植物性萃取消臭配方,1316.0,4
7088409,妮維雅清爽防曬隔離乳50ml-抗油光SPF50,高效抗油光配方 吸收多餘油脂，防止脫妝,1316.0,4
7729443,PUMA 男襪口滾邊毛巾底船襪-多色任選,耐用耐洗,1315.0,11
8506414,双養沖繩黑糖薑黃糖22顆,4710341329185,1314.0,6
7931512,美麗佳人成人平面醫療口罩30入午夜藍,,1314.0,6
7555319,吉室無染大衣棉被洗衣袋-菱網75*100cm,超大型: 寢具清洗大幫手,1314.0,6
7643429,Artis di Voce香氛保濕護手霜40g-甜梨麝香,[柔嫩雙手]- 富含滋養成分，柔化舒緩疲倦的肌膚。以絲滑輕盈且易吸收的質地來滋潤保護雙手。,1314.0,6
7703173,OMORY-EVA寬版厚底防水拖鞋-藍27cm,一體成形不斷裂,1314.0,6
7053345,美麗日記超能淨化毛孔面膜5入,創新法國專利毛孔調理成分百里香,1314.0,6
8515306,【廠商直送】OT SHOP羊羔毛漁夫保暖盆帽-多色任選,顯臉小遮臉,1312.0,4
7108246,樂品三明治內衣褲洗衣袋-雙格,通過美國及歐盟測試標準，防護升級,1311.0,19
7162900,Bref妙力懸掛式馬桶清潔球50g-薰衣草,"4種功效 : 自動清潔, 防止水垢, 去除汙垢, 持久芳香",1311.0,19
7427238,日本獅王濃縮洗潔精220ml_檸檬,4903301249184,1311.0,19
7211583,VOLA 加長透氣網止滑手套-多色任選,"手心防滑顆粒設計,讓您備感安全",1311.0,19
8237298,洗顏專科超微米彈潤潔顏乳n_限定版150g,,1311.0,9
7263482,GATSBY蜜粉式清爽吸油面紙70枚入,超細緻滑嫩的強力蜜粉式吸油面紙,1309.0,11
7685657,airpower超吸水速乾毛巾2入-兩款任選(粉紫、灰藍),吸水速乾,1309.0,11
7090937,Za純淨眼唇卸粧液90ml,專研完美比例的水油雙層配方，輕鬆卸除眼妝及唇妝。,1309.0,7
7094870,Solone持久美型旋轉眉筆,適用於各種膚質，軟硬適中的筆蕊不起屑、不黏膩。,1309.0,7
7997414,【廠商直送】Tsuvimi 姿慧美 第二代不沾杯持久唇彩 (15色任選),無香精不沾杯+專屬潤唇卸妝液,1309.0,6
7088641,Biore抗菌洗手慕絲280ml-沁檸橙香,全新升級，抗菌按壓頭！,1308.0,12
7224193,JINYU 超耐1/2休閒襪4雙入-多色任選,精選面料超耐磨,1308.0,12
7243310,VOLA  消臭船形全導氣3入-尺寸任選,德國專利除臭抑菌紗,1305.0,9
7407552,唯白草本抑菌棉8片日25.5cm-美少女戰士,檸檬草SOD精華 淨嫩透白,1300.0,13
7049857,BB水光EX極效光透亮白安瓶精華8ml,添加高濃度美白科研成分 2%傳明酸，與多種亮白植物萃取，,1300.0,5
7094468,碧歐斯三效水養睡美人面膜50g,肌膚飽滿Q彈,1300.0,5
7795723,澳潔蕬玫瑰天竺葵保濕洗髮精500ml,"嚴選有機大馬士革玫瑰純露、千葉玫瑰精萃等頂級有機成分,為乾燥受損帶來飽滿生命力。",1300.0,4
7064479,Melano CC維他命C美白淡斑凝露100g,嚴選雙重維他命亮白精華，維他命C誘導體、維他命E誘導體，能深入肌底抑制麥拉寧色素，預防斑點，實現淨白水潤的透明感美肌,1300.0,2
7523649,榮進製藥少女茶花錠60錠,4560184393061,1300.0,2
7306411,DR.WU極效全能防曬乳SPF50+50ml,有效隔離UVA及UVB，阻擋紫外線，全面預防曬黑及曬老。運用獨特交聯折射技術，更全面保護肌膚，達到高效防護且清爽不黏膩,1300.0,1
8214834,NOTORIOUS運動強化B群90顆,選用全天然原料，專利藜麥B群、硒酵母、鋅酵母提供來自原態食物的維生素及礦物質，並搭配多樣草本精華，包括：美國專利馬卡、西班牙透納葉、專利瓜拿那及紅景天萃取，一日三顆增強活躍體力,1299.0,1
7690473,大衛貝克漢旅程系列淡香精100ml-探索自然,"探索自然從徒步旅行的寧靜與大自然的活力之美完美融合而汲取的靈感,散發出一種強大寧靜的感受",1299.0,1
7140098,工業級鋁合金4開8座電源延長線-2.7M,過載防護開關,1299.0,1
7897341,霓淨思積雪草B5修護精華1+1加贈組,95%高純度積雪草苷，舒緩泛紅,1299.0,1
7149952,侏羅紀世界-戰損暴龍,擬真的皮膚紋理，可活動的四肢關節，可操控嘴巴咬合動作，押下背部按鍵出現擬真的撕裂傷痕，讓打鬥變的更真實。,1299.0,1
8123257,超消臭止滑童襪-多款多尺寸任選,親膚乾爽透氣,1298.0,22
7408663,韓國立體菱形格紋素色中筒襪-多色任選,韓國襪子,1298.0,22
7323655,Lumina攜帶型迷你睫毛夾,1.平移施力，施力桿可收，輕巧方便攜帶。,1298.0,22
7245729,VOLA 韓系1/4襪-多款任選,多種可愛圖紋獨家設計,1298.0,22
7467156,韓國樂天玉米脆角67g-甜辣味,"自1983年銷售至今,仍在韓國市場上屹立不搖",1298.0,22
7598690,韓國潮流襪口英文中筒襪-多色任選,潮流必備,1298.0,22
7064642,萊雅活力緊緻抗皺緊緻修護日霜 50ml-2022版,針對亞洲女性最在意的8大老化問題,1298.0,2
8203203,AVEDA肯夢氣囊木質髮梳(大)/隨行按摩梳(小) 氣墊梳,,1298.0,2
7042086,Solone大藝術家玩色E04圓頭暈染刷,1. 零暈染，超強抗淚、汗、水、皮脂功能。,1296.0,9
8247040,角落刺繡釣魚手套-蜥蜴鐵灰,最可愛的角落小夥伴陪你療癒過冬！刺繡工藝呈現可愛的角落小夥伴角色。,1295.0,5
7258024,瑪榭防潑水觸控機能手套-多尺寸任選,使用抗拉伸防潑水面料，機能再進化!,1295.0,5
7512733,凱婷 綻電光感雙色眼影盒,2種相異的閃耀質感，宛如火花碎裂綻放的光芒，打造燦爛奪目的眼眸印象。,1292.0,4
7436407,匠心醫用級美型口罩20入櫻粉橘,4719872074212,1290.0,10
7404134,MIYOSHI 無添加潤絲精-補充包300ml,4904551200314,1290.0,10
8127610,多芬清爽水嫩潔膚塊90g*4,含有1/4乳霜，溫和洗淨肌膚並保有肌膚水分,1290.0,10
7931780,牛乳石鹼美肌滋潤沐浴乳補充_優雅花香400ml,含乳木果油、玻尿酸、膠原蛋白3種美肌成分，無論誰都可以輕鬆搓出的超彈力濃密泡沫，給妳SPA級沐浴奢華體驗，好好享受一個人的沐浴時光！,1290.0,10
7342171,翠果子Hello Kitty綜合米果14g*14入,獨立包裝,1290.0,10
7122326,GATSBY造型髮雕霜200g-強黏,1.強力塑型超持久,1290.0,10
7929971,舒活布拖-方格-多色任選,3M吸濕排汗中底布，乾爽、舒適,1290.0,10
7053347,我的心機拋光去皮亮澤足膜(1雙入),添加膠原蛋白、蘆薈、小黃瓜加強肌膚潤澤保濕，滋潤粗燥肌膚，溫和軟化脫去厚硬腳皮。,1290.0,10
7088383,妮維雅男士全效控油潔面泥150ml,一瓶完整提供臉部肌膚全方位清潔、保養,1290.0,10
7478433,粉紅豬小妹女童純棉內褲2入,手感柔順、透氣吸汗,1290.0,10
7098691,SKIN CHECK奈米離子美顏嫩膚蒸臉機,負離子滋養 ，提升皮膚活力，適合所有類型皮膚,1290.0,1
7665457,3CE透明系列九宮格眼影盤（多款任選）,3CE MULTI EYE COLOR PALETTE #BUTTER CREAM,1290.0,1
7890080,【廠商直送】 E-books D39 經典款木質支架藍牙喇叭,高質感經典木紋設計,1290.0,1
7433068,日本UTENA佑天蘭_瞬效直髮凝膠mini,4901234305663,1289.0,11
7246913,曼秀雷敦花園香氛護手霜50g-薰衣草,"乳木果油 x 橄欖油 x 葵花籽油, 深層滋潤雙手, 給肌膚潤澤保濕",1287.0,13
7393066,惡名昭彰3/4氣墊運動襪-多色任選,透氣排汗.舒適彈性.天然素材,1287.0,13
8500612,奈森克林L型牙間刷8+2入-M,輕鬆去除牙齒隙縫殘渣,1287.0,13
7098333,麥維他巧克力豆消化餅276g-焦糖風味,酥脆的麥維他餅乾加上36%天然燕麥，讓人一口接一口停不下來,1287.0,13
8526174,水舞醫用成人口罩10入-雪樹銀花,1.符合台灣CNS14774口罩品質規範,1287.0,13
8166481,碧歐斯男仕去角質煥膚潔面膠100g,修護肌膚對抗肌膚衰老,1287.0,13
7128860,澡享補充包650g-甘橙花梨木,甘橙花梨木：淨化配方,1287.0,13
7097348,星太郎超寬條餅大盛巨人包185g-雞汁,超人氣、超話題的超寬條餅，讓人一口接一口停不下來,1287.0,13
7427136,風倍清浴廁用抗菌消臭防臭劑1入_清爽皂香,4987176030344,1287.0,13
7523170,P&G_Ariel超強潔淨4D洗衣膠球12P本,4987176062703,1287.0,13
7754919,POP POP 玩色主義護甲油 12mL(凝膠感、快乾、霧面),,1287.0,13
7620352,SOMEBYMI茶樹三酸30天奇蹟面霜60g,EWG green grade 認證產品,1287.0,3
7275810,黛絲恩完美奇蹟雙護精華60ml,"用1次分叉復合!以精梳機測試,能修護90%以上的分叉",1287.0,3
7098429,正福堂黑糖桃酥325g,"香脆好吃,添加黑糖增加香氣",1286.0,14
7963611,棉花共和國 CR 暖男發熱背心,高效鎖熱阻冷,1286.0,6
7309446,Tryall全分離乳清蛋白35g-草莓乳霜,"市場最高蛋白質含量 ,每包含有 28g 蛋白質",1285.0,26
7063311,Bref妙力懸掛式馬桶清潔球50g*2,"4種功效 : 自動清潔, 防止水垢, 去除汙垢, 持久芳香",1281.0,9
7978274,Solone榛果訂製圓弧眼影刷-AC11,,1280.0,10
7933621,【廠商直送】JWAY 磁吸充電防水搖搖杯JY-JU202-抹茶綠,●磁吸感應式充電 快速充電防水耐用,1280.0,1
7224764,薇佳微晶3D全能美白精華30g,3%傳明酸抑制黑色素的形成,1280.0,1
8532363,【廠商直送】VIIDA｜Wasser 不鏽鋼內瓷保溫瓶360ml -多色任選,鈦陶瓷塗層內膽設計，耐腐蝕、抗酸鹼，好健康,1280.0,1
7840249,【廠商直送】infoThink 小熊維尼系列公仔藍牙喇叭,美味蜂蜜罐造型適合當桌面擺飾,1280.0,1
7928678,【廠商直送】JWAY 磁吸充電防水搖搖杯JY-JU201-白色,●磁吸感應式充電 快速充電防水耐用,1280.0,1
8168611,【廠商直送】Pingo Lady A9陶瓷加長電棒-天使棒-兩種規格任選,由於商品機身為白色，請務必等待商品冷卻後再進行收納，使用或保管時請特別注意避免放在黑色或深色隔熱/收納袋或是布上面，預防造成機身染色,1280.0,1
8022277,TRUU蜂王乳極潤修護精華露150ml,,1280.0,1
7114958,安多精品 女童純棉免洗褲4入,市場唯一,1279.0,13
7263817,媚點 優雅柔光頰彩WT-01,自然高雅，優雅柔光腮紅；無須技巧，打造自然紅潤感,1278.0,6
7089086,媚點 濃密睫毛膏,提升印象感,1278.0,6
7875156,IM電眼貼魅力M型-72枚,3M醫用透氣膠帶,1276.0,44
7322603,Pentel飛龍 直液後壓白板筆-三色任選,Pentel專利後壓式油性筆,1276.0,29
7432268,伊露恩草本染髮霜6濃栗色50g+50g,4989834201653,1276.0,4
7164254,氧顏森活雪絨花長效鎖水面膜3入,有機雪絨花：來自阿爾卑斯山，可強化抵抗外界環境之防禦力，維持肌膚平衡與健康。,1276.0,4
7164253,氧顏森活西洋接骨木花新煥修護面膜3入,有機西洋接骨木花：有效修護疲勞脆弱膚質，安撫因壓力、彩粧、環境而生的不適，幫助肌膚形成保護膜，呈現彈性與光澤,1276.0,4
8581903,寶寶絨記憶舒壓頸枕-多色任選,,1276.0,4
7056016,台灣名物大溪豆乾丁210g,台灣道地傳統美食，讓您不僅可以當喝茶聊天的零嘴，也能佐菜配飯當小菜！,1275.0,15
7366081,PALDO八道火山辣雞鐵板炒麵140g*5入,香辣讓您一口接一口，就算再辣也要嘗試的美味拉麵,1275.0,5
7047875,1028 閃閃輪廓打亮刷,高規親膚刷毛 細緻放閃,1275.0,5
7089294,塔利雅沙龍級白髮用快速染髮霜-4亮澤棕,,1275.0,3
7089293,塔利雅沙龍級白髮用快速染髮霜6黑褐棕,新生髮際補染首選，不易滴落的乳霜質地,1275.0,3
7089296,塔利雅沙龍級白髮用快速染髮霜-5A深亞,新生髮際補染首選，不易滴落的乳霜質地,1275.0,3
7254104,妮維雅涵氧控油淨白卸妝水200ml,創新涵氧淨膚科技MicellAIR，能有效提升卸妝後肌膚5倍含氧量，卸出健康透亮肌,1272.0,8
7114790,綠的抗菌沐浴乳1000ml-鳶尾花精萃,柳蘭萃取抗菌成分及Chlorhexidine抗菌配方。,1272.0,8
7588008,Kesho SE 護髮染髮霜40g-霧感咖啡金CG1,不添加 PPD 彩染系列,1272.0,8
7436274,ELLE 菱格簡約女隱形襪3雙入-多色任選,舒適、吸汗透氣，超優品質,1272.0,8
7253477,妮維雅 止汗爽身乳液 修護美白50ml,長效止汗乾爽效果,1272.0,8
7433081,洗顏專科超微米深層潔顏泥n_120g,4713410900346,1272.0,8
7088666,MEN’S Biore 痘痘調理沐浴乳750g,控油．防禦同時啟動 輕鬆對抗外部髒污 重現男人活力光采,1272.0,8
7740266,MEN’S Biore爽身控油沐浴精750g-威士忌,10倍炭控油配方: 源自天然竹炭吸油成分，吸附髒污、深層洗淨毛孔的皮脂污垢，長時間控油，有效改善出油肌!,1272.0,8
7042107,MEKO 極塑流線眼線膠筆(共3色),一筆描繪 深邃大眼,1270.0,10
7049307,PALLADIO光燦珍珠立體調光盤,一盤3種 打亮色彩,1270.0,5
7097468,來復易男性漏尿用棉墊14片多量型200cc,防漏消臭、輕薄舒適！,1267.0,7
7688898,【廠商直送】Leocrema 完美勻體系列-活力撫紋霜200ml,完美勻體系列成分當中含有植物幹細胞,1266.0,3
7579859,POYA脆脆芝麻夾心米餅35g,全素、無麩質、無添加,1265.0,23
7278918,高露潔自然之萃純粹潔淨牙膏120g,96%成分來自天然來源呵護您的口腔健康,1264.0,16
8245874,【廠商直送】露奇亞蜂王胜肽膠原蛋白粉30入,高濃度10-HDA蜂王乳精萃調節生理,1264.0,1
7254723,曼秀雷敦Acness天然麻吸油面紙100片,柔軟不易破的薄膜材質,1260.0,18
7094417,曼秀雷敦Acnes痘痘貼-綜合型(新舊包裝隨機出貨),"採用親水性敷料, 能有效吸收分泌物, 加速青春痘復原",1260.0,15
7748436,PUMA 女撞色船襪-多色任選,耐用耐洗,1260.0,12
7260872,曼秀雷敦潤唇凍膏-薄荷8g,能有效針對乾燥、乾裂雙唇提供保濕滋潤，並萃取草本精華-「薄荷」，舒緩乾燥不適，使唇色自然明亮,1260.0,9
8032068,樂品螺旋型紙軸棉花棒200支罐裝 *4罐,100%天然棉花,1260.0,7
7140117,HELLO BUBBLE泡沫染髮劑-11R玫瑰金,韓國流行時尚大勢髮色,1260.0,6
7931067,I DEW CARE膜法喵喵爆水嫩面膜80ml,膜法喵喵爆水嫩面膜：撕除式爆水嫩面膜，敷完後忍不住讚嘆太水嫩啦！水嫩Q彈肌瞬間GET！紅寶石粉Ruby Powder與天然玫瑰水添加，一敷讓你成為水嫩甜心給予全臉肌膚爆水透亮光澤~,1260.0,2
7604163,I DEW CARE檸檬香蕉C雙效凝霜50ml_升級版,檸檬 X 香蕉 雙成分雙倍鎖水不黏膩,1260.0,2
7094457,I DEW CARE瑜珈喵喵淨化泥膜75ml-魚腥草,添加滿滿植萃，清潔毛孔再鎮靜舒緩,1260.0,2
7783682,聲寶-手持式蒸氣掛燙機AS-Z2110WL,30秒快速加熱,1260.0,1
7403964,Pelican宇治抹茶皂80g,4976631478241,1258.0,32
8198341,【廠商直送】Avier-COLORMIX10000行動電源 - 兩色任選,USB-C支援雙向快充，最高20W傳輸電力，設備迅速滿電,1258.0,2
7105715,樂扣樂扣耐熱分隔玻璃700ML1+1絕配組,採用耐熱400℃玻璃材質，烹調保鮮一手包辦,1258.0,2
7048651,立朵舒私密潔浴露250ml-亮肌柔滑,粉嫩暗沉，粉嫩肌膚,1257.0,3
7063519,艾惟諾燕麥水感保濕乳350ml,輕盈滋潤配方，含天然燕麥萃取，質地如羽毛般輕透，能迅速吸收，鎖住水分，給予肌膚長效深層保濕，重視肌膚健康。,1256.0,4
7658318,A.P雨傘字母運動印花針織平口褲,100%棉質地輕柔光滑,1255.0,7
7088661,莉婕頂級涵養髮膜染髮霜-5自然棕色,遮白x輕齡 非白時尚 輕齡有感,1255.0,5
7601886,台塑恆采固色潤絲乳升級版530g,鎖色保護膜，髮色持久更顯色,1255.0,5
7425220,小兒利撒爾Quti軟糖(牛奶鈣)10顆,4716511022917,1254.0,33
7134990,波蜜一日蔬果100% 250ml*6入-三款任選,,1254.0,11
7083902,嬌生嬰兒活力亮澤洗髮露500ml,JOHNSON'S活力亮澤洗髮露蘊含摩洛哥堅果油及蠶絲蛋白，搭配獨特ActiveKidsTM技術能有效提升髮絲亮澤感，令頭髮如絲般滑順,1254.0,6
7162097,李施德霖全效護理抗敏感漱口水500ml,六效合一，深入源頭、舒緩並保護敏感性牙齒。,1254.0,6
7278416,麗仕清爽香氛沐浴乳-沁涼石榴1L,國際品質香氛 2X加倍清爽,1253.0,7
8169340,ADK奈米銀毛巾3入,奈米抗菌纖維，超強抗菌除臭及排汗特性,1253.0,7
7828845,北歐菱格雙層洗滌籃27cm-多色任選,鑽石切面外型可當外盤端出,1253.0,7
7567482,瑪榭吸排貼身平口褲,彈性及排汗性極佳 親膚舒適,1253.0,7
8178835,Farcent香水室內擴香瓶-漫舞玫瑰,香水奢養，療癒香氣,1253.0,7
7064285,Simple清妍溫和毛孔調理潔顏凝露 150ml,無添加水楊酸及酒精，溫和不含皂配方，肌膚不乾燥,1253.0,7
7320865,黃金口福15+2五榖牛軋棒450g,多種天然穀物結合的米捲口感酥脆，搭配濃濃牛奶風味的牛軋醬內餡，營養健康又美味，每一口，都是讓人難以忘懷的好滋味。,1253.0,7
8178823,Farcent香水室內擴香瓶-日光茉莉,香水奢養，療癒香氣,1253.0,7
8593875,伊露恩玫瑰植萃染髮霜100g黑褐色7G,50g+50g大容量包裝,1253.0,7
7335182,堤娜蜜-六角網無痕褲,氧化鋅褲底抑菌效果達99.9%彈力無痕褲,1251.0,9
7835421,美吾髮馬鞭草柚香清新沐浴露700ml,清爽透亮配方 / 洗後舒適不黏,1251.0,9
7775401,大王elleair油切清潔廚房紙巾80抽3入,吸收油炸物油分&擦拭廚房周邊,1251.0,9
7791870,堤娜蜜-蕾絲飄飛無痕褲,氧化鋅褲底抑菌效果達99.9%彈力無痕褲,1251.0,9
7835423,美吾髮琥珀檀香雪松精油沐浴露700ml,檀香菩提精粹香氛,1251.0,9
7136251,美琪抗菌沐浴乳680ml-海洋,海浪潮迎面而來的清新爽朗香調,1251.0,9
7098827,Biore高彈潤沐浴慕絲補充瓶450ml-自然,520萬顆細緻微米泡泡 減少肌膚摩擦 洗後保濕不緊繃,1251.0,9
7515403,漂亮女孩純棉胸衣,吸濕排汗安心標章純棉胸衣,1251.0,9
7668870,Persil寶瀅3合1洗衣膠囊13入-護色,百萬去污因子,1251.0,9
7652128,淨 男士平衡控油沐浴露720g-海洋調香,男人的肌膚是不同的,1251.0,9
7835411,美吾髮經典葵花洗髮露700ml,Ｏ％無矽靈．無皂鹼 弱酸親膚,1251.0,9
8552416,EDGEU沙龍護甲封層凝膠10g-亮面,展現出真正凝膠美甲的厚度和亮度,1251.0,3
7274076,艾瑪花園忍冬舒壓甜睡沐浴膠500ml,橄欖萃取能給予肌膚最溫和的滋潤，並提供肌膚深層的保濕，忍冬精華能徹底肌膚表面毛孔內的髒汙。,1250.0,5
7105572,艾瑪花園絲柏頭皮SPA養護柔絲洗髮精500ml,舒緩頭皮壓力淨化頭皮、同時增加頭髮的強韌度,1250.0,5
7688981,艾瑪花園深層保水香氛身體乳300ML,堅持溫和草本的成份，溫和保養肌膚,1250.0,5
7406517,阿久師有機100％純米小泡芙40g-原味,"渾圓小泡芙造型可愛童趣,增加食用趣味",1250.0,5
7440207,金壕營養多補乳酸菌錠50粒,4903361681269,1250.0,5
8581808,樂事樂連連Snoopy保鮮盒組合箱,風靡全球No.1洋芋片品牌，誘人薯香的美味黃金洋芋片，讓人想一口接一口,1250.0,5
7048759,澳洲天然神奇萬用木瓜霜 25g,Pure Paw Paw Ointment 澳洲國民必備 美妝聖品,1250.0,5
8582054,百事多力多滋奇多禮盒206g,,1250.0,5
7688984,艾瑪花園高效舒緩香氛身體乳300ML,堅持溫和草本的成份，溫和保養肌膚,1250.0,5
7800907,KOSE Q10活齡護手霜80g-賦活,細緻的乳霜能迅速滲透至角質層深層，有效預防乾燥及龜裂現象,1250.0,5
7436541,不二新創醫用平面成人口罩50入紫,4719883345110,1250.0,5
7105576,艾瑪花園利尻昆布黑髮亮澤洗髮精500ml,舒緩書溪易斷裂髮質，柔軟保濕調理髮質,1250.0,5
8582012,百事歡樂綜合箱151g,風靡全球No.1洋芋片品牌，誘人薯香的美味黃金洋芋片，讓人想一口接一口,1250.0,5
8134054,【預購】Tiffany&Co_RoseGold護手霜75ml,9200000000664,1250.0,1
8568469,【預購】BYREDO_Blanche返樸歸真護手霜30ml,9200000000680,1250.0,1
8022689,瑪榭立體膠印五趾短襪-多色任選,脫掉鞋子也能驚豔全場！,1248.0,12
7665245,艾諾琪-大師系列-M123遮瑕刷,可搭配膏、液、霜狀遮瑕產品局部遮蓋瑕疵、斑點，刷型適合遮痘痘、痘疤。,1248.0,8
7256969,AIVA大面積三段式過濾蓮蓬頭-灰,大面積面板.高密度PP棉,1248.0,3
8250311,尼克加大石墨烯毛巾底1/2襪-多色任選,使用黑金石墨烯素材,1246.0,14
7140181,待刪除-台塑胺基酸清爽肌沐浴乳-黃800g,採用胺基酸洗淨成分，溫柔呵護細嫩膚質,1245.0,5
8166687,Kneipp日本限定護手霜75ml-橙花,天然精油香氛護手霜,1245.0,5
7445177,我的心機高效安瓶全能賦活輕盈乳120ml,"[神經醯胺] 高滲透高保濕力,深度潤澤補水",1245.0,5
7222027,樂扣樂扣簡約濾網玻璃冷水壺1.3L-白,內含濾茶網，適合裝茶飲、各式飲料,1245.0,5
8212436,韓律植萃修護漸變色潤唇膏4g-蜜桃烏龍,保濕滋潤、荷荷巴油&巴西棕櫚萃取、修飾唇色,1245.0,5
7961415,A.P雨傘素色雅緻休閒襪2雙入-2款任選,舒適、吸汗透氣、超優品質,1245.0,5
7122332,Lucido-L摩洛哥護髮精華油60ml-滋潤型,1.打造絲緞般的柔軟滑順秀髮,1245.0,5
8539918,震旦AURORA-12位稅率計算機DT-600-多色任選,12位數超大型顯示螢幕,1245.0,5
7254148,Caravan理髮剪刀1入,"\"\"\"可搭配披肩及梳子輔助使用。",1245.0,5
7375253,Batiste乾洗髮200ml極致修護(新舊包裝隨機出貨),角蛋白成分加護  幫助修護染燙髮,1245.0,5
7440289,日本味王蔓越莓口含錠升級版60粒,4710829656260,1245.0,5
7365880,VOLA 九分保暖褲襪-M~L,天然純棉抗靜電,1245.0,5
7931808,Mirolu原木氣墊按摩梳,,1245.0,5
7089897,西班牙西妍院天然燕麥舒敏修護沐浴凝乳 1250ml,採嚴選燕麥配方，在清潔時能幫助肌膚鎖住水分,1244.0,6
7752408,白蘭含熊寶貝洗衣精補充1.6kg-鼠尾草,含熊寶貝馨香精華，萃取天然植物精油,1243.0,11
7136859,清淨園韓式大醬湯醬130g,體驗韓國道地大醬湯風味,1242.0,18
7063313,Pril淨麗小蘇打高效洗碗精750ml-草本(新舊包裝隨機出貨),小蘇打獨家配方 +40%*UP高效清潔,1242.0,8
8056147,舒芙蕾-莫代爾無縫加加大褲,立體緹花，無縫編織 彈性腰頭，不捲邊不滑落,1240.0,8
7122312,Lucido-L保濕整髮造型乳150g,1.所有髮質與造型皆適用,1240.0,8
7342520,Daily Boost手作蛋白餅乾15g*12入-原味奶香,原味奶香 每份 碳水 56g 、熱量 72 kcal 、蛋白質 51g,1240.0,4
7655480,Dr.Groot養髮秘帖洗髮精385ml-青檸羅勒,健髮、控油、長效持香,1240.0,2
7440326,遠東三藻舒眠王30粒,4715614010333,1240.0,2
8133865,【預購】CharlotteTilbury四色眼影盤5.2gPillowTalk,9200000000478,1240.0,1
8132772,湯姆貓與傑利鼠 山茶花洗手慕斯250ml,清新香氛舒適好心情,1239.0,21
8539770,ALX有機棉隱形襪套-多色任選,採用合格認證有機棉原料,1239.0,21
7260579,雪曼妮魔法雙眼皮貼膠-S72回,採用美國進口3M高透氣貼膠材質，適用眼部柔嫩肌膚,1239.0,21
7291541,MEKO 彈力超廣角3D睫毛夾/X-055,獨特剪力設計施力均勻,1239.0,21
7105434,湯姆貓與傑利鼠 蔚藍玫瑰洗手乳300ml,綿密泡沫與深層潔淨力洗淨不乾澀，洗後散發清新柔美花香。,1239.0,21
7596813,韓國條紋純色捲邊無痕中筒襪-多色任選,簡單有型,1239.0,21
7506060,超細涼感D止滑襪-3雙入組,好穿舒適,1239.0,7
8586126,待刪除-【廠商直送】Tangle Teezer王妃梳 英倫時尚梳-黑色,英國專利護髮梳，熱銷全球,1239.0,3
8561397,德冠醫用平面口罩 新台幣鈔票款 18入新年 過年口罩,,1236.0,7
8144773,魅尚萱完美修護護髮噴霧150ml,噴霧劑型的免沖洗護髮,1236.0,4
8254625,Farcent香水消臭易-玫瑰鈴蘭350ml,添加日本植物消臭因子,1235.0,13
8058424,I’M MEME 我愛光透柔焦蜜粉餅,超強去黃校色因子，一抹仙女級透明肌！,1235.0,5
8558546,(已結束合作)RIMMEL緋聞女王5色眼影盤,多效折射粒子讓眼妝在任何光線下都耀眼動人,1235.0,5
7098348,SWISS MISS可可粉272g-濃情棉花糖,五倍獨家迷你棉花糖 加量香濃可可 內含棉花糖及可可粉各8包,1232.0,7
8566488,小手拍拍益智遊戲卡-搶拍動物萌,本產品是一款幼教知識卡牌，讓孩子在遊戲過程中得到樂趣的同時增加對動物的認識、單詞的拼寫能力、記憶力和手眼協調能力。益智教育遊戲在限定的時間內，激勵玩家不斷地挑戰自己，不管大人小孩都可以參與，趕緊來體驗這款卡牌的14種遊戲方式，測試自己的反應能力水平吧！                              本系列有數字、動物兩款主題卡牌可供選購，為了增加遊戲的刺激性，可多副卡牌(增加更多人數和難度)來進行遊戲。,1232.0,7
7104821,CHIC CHIC日本製造型抓夾-3款任選,跟著日本流行趨勢走~~高貴典雅，百搭精選,1230.0,10
7707812,PlayBoy閃爍星空浴巾(70x140cm)-兩色任選,純棉材質(使用美國棉)，優等材質.柔軟好吸水,1230.0,2
7874930,日本獅王OCTO清屑舒癢洗髮精320ml,保濕成分：添加甘草萃取物，保濕滋潤效果，調理頭皮及維護頭髮的健康。,1227.0,6
7380685,鍋寶304不銹鋼內塗層陶瓷杯490CC-黑色,陶瓷易潔層，各類飲品適用，保持原味,1227.0,3
8525846,蘭諾LENOR衣物芳香豆180ml-清晨草木,日本銷量No.1衣物芳香品牌,1225.0,15
7302698,日本BN好神器美甲速乾接著劑SOP-46,有刷毛，指甲甲片黏著劑,1225.0,5
7258057,白金級QB抗異味潔淨皂 80g,抗菌、洗淨,1225.0,5
7701849,米森乳酸菌咬咬蜂蜜優格10g*5入-恐龍,米森與國際大廠合作，採用超低溫急速冷凍技術,1225.0,5
7231474,綠貝Tritan果漾彈蓋水壺-350ml,Tritan材質無雙酚A塑化劑,1225.0,5
7042089,(已結束合作)莎莉韓森專業保養硬甲油13.3ml,能幫助減緩指甲斷裂,1224.0,8
7665254,艾諾琪-大師系列-雙層點彩刷(小),適用於各式蜜粉、腮紅、修容、打亮及眼妝暈染！,1224.0,4
8593922,Moonlight植物活性洗髮精400ml柔亮順澤,多重活性精萃，針對頭皮髮絲問題加強保養,1220.0,4
8499603,heme 三色眉粉盤 3g,隨手打造立體有神眉型,1219.0,5
7816695,LuLuLun大女孩濃密保濕面膜升級款7入,4582305068887商品名稱:LuLuLun大女孩濃密保濕面膜升級款7入,1218.0,6
7105925,台灣製-起泡綿密沐浴球,SGS檢測，無塑化劑,1215.0,25
7139373,歐樂B抗敏護齦牙膏90g-極速抗敏,極速抗敏,1215.0,9
7094387,曼秀雷敦極淨抗痘控油潔面乳 150ml,"添加IPMP及水楊酸, 能深入毛孔有效預防痘痘",1215.0,9
7260880,曼秀雷敦深層保濕潤唇膏4.5g-青檸,"能有效預防唇部乾燥等現象, 卓越保水力可賦予唇部",1215.0,9
7305892,麗仕植萃香氛沐浴露550g-天竺葵與石榴,清甜天竺葵與果漾石榴香氣,1214.0,7
7661161,薄燒脆片蒜香風味50g,4902775067669,1209.0,31
7050147,J-Lin美妝蛋-雅緻妝感,軟Ｑ材質、回彈力強，拍打在臉上十分舒適。,1208.0,8
7063606,龜田揚一番米果100g,日本原裝進口,1207.0,13
7088650,花王潤髮乳750ml,均衡配方，全面滋養秀髮且形成保護膜，溫柔保護髮絲，撫平風吹、染燙後的頭髮毛燥,1207.0,10
7111851,美吾髮植優護髮染髮霜40+40ml-橄欖亞麻5G,"花植菁萃溫和配方,減少頭髮傷害",1207.0,3
7349967,樂扣樂扣EZLock密封保鮮盒/520ML/3件組(黃),食品級PP材質不含塑化劑及雙酚A,1206.0,9
7400987,星之冠皇后假睫毛膠10ml,,1205.0,15
7098832,美吾髮卡樂芙泡沫染髮劑50g+50g-甜美杏桃棕,染髮、護髮、玩髮一次完成,1205.0,5
7980187,OMORY防油防水桌巾-麋鹿137*180cm,餐桌好搭配，防水防油整潔好清理。,1203.0,7
7723218,森田藥粧植萃淨涼洗顏乳120g,零油光  沁酷涼,1200.0,16
8049016,全方位GABA晚安鎂發泡錠10錠,4719890100023,1200.0,10
7055450,Biore頂級深層卸粧棉補充包44片-清爽淨膚型,水狀卸粧油質地，深入毛孔溶解彩粧後迅速蒸散，維持肌膚清爽透氣感。,1200.0,8
7480154,双養加味四物60g,4715404060944,1200.0,8
7083851,艾瑪絲5α捷利爾頭皮淨化液CC80ml,揮別頭皮常見的出有異味，扁塌，頭皮屑癢困擾，從髮根活出蓬鬆迷人的生命力！,1200.0,8
7088700,逸萱秀清爽防油光潤髮乳700ml,毛鱗片屏護科技,1200.0,6
7907908,【廠商直送】PROFUSION 比佛利系列 電眼刷具組 3件式,Profusion經典千鳥紋外觀，獨一無二絕美設計，打造比佛利名媛的優雅及幹練， 羽絨般輕盈觸感，妝感輕柔，濃密柔順的刷毛、設計精巧弧度，打造完美貼合眼部曲線。,1200.0,6
7739004,SPORT衛生套12入-超薄型,超薄體驗,1200.0,5
7425994,新Homei可剝凝膠指甲油9ml_NE48平安夜,4712939401167,1200.0,4
7426037,Homei可剝凝膠指甲油9ml_A23水晶雨,4712939200234,1200.0,4
7307871,ONE煥采控油美肌皂135g,深層潔淨，清爽控油,1200.0,4
7425917,新Homei可剝凝膠指甲油9ml_NE42粉紅米,4712939401129,1200.0,4
7436810,達特世醫用4D立體口罩TN95莫蘭迪四色20入,4719881663735,1200.0,4
7064216,PAIR沛醫亞皮脂調理化妝水160ml,能改善毛孔粗大、粉刺、痘痘問題，並調理肌膚油脂分泌。,1200.0,4
7099582,珂潤Curel溫和潔淨洗髮精420ml,溫和洗淨，不易造成頭皮乾燥困擾，保持頭髮與頭皮健康。,1200.0,3
7099660,義美生醫-鈣D加30包,鈣D加響應Clean label，成分單純無多餘添加,1200.0,3
7398251,甘百世88%黑巧克力70g*8入,甘百世精心研磨製成,1200.0,2
7951646,全日營養野菜番茄_番茄紅素粉末30包入,4960867008952,1200.0,1
7440130,全方位維他命PLUS 葉酸錠 (孕婦專用)90粒,4966486600720,1200.0,1
7292625,蜂王黑砂糖香皂80g*4入,熱銷超過大半個世紀的蜂王黑砂糖香皂,1199.0,11
7434148,KANGOL素色男中長襪-多色任選,經典時尚造型,1199.0,11
7088386,妮維雅 男士止汗爽身乳液 無印乾爽50ml,獨特無印乾爽止汗效果,1199.0,11
7660960,普惠醫用口罩成人韓版10入文青藍,4712123642772,1199.0,11
7708211,氧顏森活巴卡拉黑玫瑰抗老面膜25ml,消費者實測肌膚緊緻、細紋淡化度92%有感!,1199.0,11
7083963,茶樹莊園茶樹抗菌洗手慕斯500g-檸檬,超細緻綿密泡泡，蘆薈萃取潤澤不乾澀,1199.0,11
8568495,【預購】CharlotteTilbury四色眼影PillowTalkDream,9200000000684,1199.0,1
8554112,【廠商直送】多立康葡萄糖胺MSM鯊魚軟骨120粒,每份鯊魚軟骨900毫克,1198.0,2
7209932,御膳坊 花崗岩紋平煎鍋 28CM 粉綠,適用瓦斯爐,1198.0,2
7187294,Eni Mani立裁拼接網布瑜珈長褲,極佳彈性，伸展自如,1198.0,2
8610583,【廠商直送】KINYO小巧無線藍牙耳機-兩色任選,續航力200小時 UP,1198.0,2
8051235,S_FREE極上頭皮SPA按摩養護美容液100g,4936201106479,1198.0,2
8608356,【廠商直送】KINYO聲控夜光木紋掛鐘-12吋,聲控感應 拍手即亮,1198.0,2
7909403,【團購廠出】41度C御守款蒸氣眼罩5片四入組-綜合(贈薰衣草眼罩),快速升溫、豐沛蒸氣、安全控溫,1198.0,2
7393910,MARO男士起立 3D草本強髮精華液150ml,,1198.0,2
7228579,304-樂扣樂扣我的不鏽鋼保溫杯/500ML/白色,寬大瓶口設計,1198.0,2
7523509,CINQUAIN3D光感精華粉底30ml_好氣色,4713696627975,1198.0,2
7581768,【廠商直送】ASHIYA肌因活細胞面霜30ml,鎖水鎖紋鎖齡,1198.0,2
7308299,統欣生技TX女性綜合維生素60粒,天然來源維生素與初乳來源母乳益生菌添加:提升吸收力,1198.0,2
7703017,WB 2步驟面膜&洗卸潔顏露6片-保濕,"含有70餘種天然蔬果成分,無添加17種有害皮膚成分,並且通過皮膚刺激檢測,任何膚質安心使用",1198.0,2
8243188,HairRecipe 髮的食譜 米糠溫養保濕洗髮露350ml,櫻花肉桂香氛,1198.0,2
7279092,舒妃柔護泡沫染髮液320ml-1號亞麻棕,縮短久候時間,1198.0,2
7271836,三多鋅美妍膜衣錠60錠,"膠原蛋白+牛奶賽洛美,二者隨時間加速流逝需加強補充,Q彈好吸收,潤澤保護力",1198.0,2
7279091,舒妃柔護泡沫染髮液320ml-5號自然黑褐,縮短久候時間,1198.0,2
7440136,全日營養有勁馬卡黑蒜膠囊30粒,4960867007443,1198.0,2
7436816,【我的健康日記】原味 六效乳酸菌30入,<三重順暢配方>,1198.0,2
8561510,凱蒂娃娃喝采三色眼影盤2g (多款任選),三種不同色系，啞光、珠光、閃光的細緻質地，能輕鬆疊擦、自然服貼，讓眼眸炯炯有神、明媚耀眼。,1197.0,3
7432909,肌研光透潤亮澤緊緻面膜6入,4719865615194,1197.0,3
7581397,USii透氣輕柔機車雨衣,上億透氣微孔，透氣不悶熱,1197.0,3
7098688,我的心機雙效智能微導音波洗臉機(甜心粉紅),0.7mm細柔抗菌毛刷，親膚柔軟更細膩,1197.0,3
7689693,Nature Tree凍齡蜂王乳眼霜30ml,添加蜂王乳成分,1197.0,3
7228674,小日時超輕防曬自動傘-(4色可選),"手柄舒適好握 ,輕巧好攜帶",1197.0,3
7098729,三多男性B群+鋅硒糖衣錠60錠,對象族群:男性保健、滋養根本、調節生理機能、營養補給,1197.0,3
7739665,KLORANE 蔻蘿蘭控油洗髮精 200ml,蕁麻萃取，去油功效優異,1197.0,3
7593942,艾詩萊浪漫調情潤滑液74ml-甜蜜草莓,100%水溶性，親膚易洗。,1197.0,3
8059015,【廠商直送】Hello Kitty衛生棉4+1組-蝴蝶結藍,瞬吸透氣設計解決悶熱不透氣困擾,1197.0,3
7291154,粉紅小豬大浴巾75X150cm,柔軟舒適,1197.0,3
7421249,凱蒂娃娃香水乳液150ml-紅色法則,,1197.0,3
7224318,MIT回彈釋壓 E加E乳膠進化拖鞋-多色任選,專利設計EVA與乳膠鞋墊的結合,1197.0,3
7281690,呂 滋養韌髮人蔘染髮劑-4.5淺棕色,染髮不只同時保護秀髮與頭皮，還可滋養秀髮,1197.0,3
7445402,Baby Foot寶貝腳3D立體足膜-宇治抹茶,60分鐘深層版抹茶香氣PH3.6安全、去除老厚腳皮,1197.0,3
7063561,露得清水活保濕賦活精華水150ml,濃縮-革命性超透氣科技，承載比以往更多濃縮精華,1197.0,3
7403878,Cocoegg卵殼膜保濕面膜泥150g,4573206428511,1197.0,3
7698000,CINQUAIN思珂 完美淨化嫩膚卸妝油,全膚質適用，一瓶卸全臉,1197.0,3
8530430,蜻蜓牌高級素色紳士有機棉浴巾-多款任選,台灣本土品牌經典款式再升級,1197.0,3
7230768,法鬥浴巾-兩色任選,材質:100%棉,1197.0,3
7500284,蔻蘿蘭淨透輕盈洗髮精400ml,香櫞果實萃取 髮絲輕盈,1197.0,3
7307860,ONE保濕平衡洗髮精480ml,ONE尋訪世界各地原萃，以美麗的秀髮來自健康的頭皮為概念，針對全髮質提供保濕滋養，同時平衡頭皮油脂，達到溫和洗淨頭皮、健康髮絲的新革命性產品。,1197.0,3
8582111,Relove私密衣物手洗精220ml-兔年限定,衣物洗後形成奈米抗菌防護膜,1197.0,3
7364224,Cocoegg卵殼膜保濕凝露180g,4573206421222,1197.0,3
7134499,黛絲恩奇蹟光感護色精華噴霧,髮色保護｜防止毛躁｜染後受損髮適用,1197.0,3
7594652,碧歐斯BIO光透櫻花粉采亮白精華30ml,以日本櫻花萃取實現肌膚透明、粉嫩好氣色，搭配以環保先進技術萃取之濟州島星型花，高效提亮肌膚，並提升肌膚含水量,1197.0,3
7990084,艾森絲限定愛戀星空刷具組,一眼就愛上它超Q的粉嫩星空設計，加上金色的配色，不管送禮還自用都超適合，臉部和眼部刷具一次擁有，完美妝容就靠它,1197.0,3
7049914,霓淨思9重玻尿酸水嫩白皙面膜5片,酯化維他命C-改善膚色暗沉不均，淨白肌膚,1197.0,3
8117118,ALPRON乳清蛋白粉250g可可風味,4571194860221,1197.0,3
7436813,利捷維有酵維生素D3錠60錠,720IU D3 調節生理機能、調整體質。,1197.0,3
7140193,台塑逆齡喚黑洗髮精580g,受損修護、強化髮色,1197.0,3
8127330,【廠商直送】【pure.tiful 純淨妍】胺基酸潔顏霜100ml,肌膚有感呼吸-溫和洗淨不過度清潔,1197.0,3
8187819,Naming絲絨怦怦腮紅 (多款任選),細緻粉質 優雅色調,1197.0,3
7321570,Pentel飛龍 自動極速耐水鋼珠筆0.5-多色任選,Pentel專利極速快乾墨水,1196.0,23
7432357,休足時間清涼舒緩貼片18枚入,4903301138525,1196.0,4
7253872,妮維雅男士水活保濕精華乳液50ml,防禦乾燥+深度保濕: 24小時長時間保濕,1196.0,4
7294227,日本AB隱形塑眼膠水(速效)-蝴蝶版,＊單眼皮或內雙者，可打造雙眼皮效果，讓雙眼更迷人,1196.0,4
7122033,CAROME自然纖長睫毛膏6ml,獨家設計、反覆塗刷不結塊，刷量，刷頭，以黃金配比精心設計之睫毛膏。添加山茶花油與獐牙菜萃取：增加亮感並防止斷裂。摩洛哥油與人蔘根萃取：保護睫毛增加濃密度。,1196.0,4
7140129,POWER SWING俐落歐巴髮油80g,簡單造型 持久不黏膩,1196.0,4
7832962,LENOR蘭諾衣物芳香豆_晨曦玫瑰520ml,4987176116024,1196.0,4
7915502,我的心機西班牙粉泥透亮身體去角質200g,採自西班牙的玫瑰岩礦土，含有豐富的礦物質與微量元素。,1196.0,4
7915275,我的心機輕盈涼感美腿按摩霜120ml,S型曲線瓶、V型按摩角度，舒緩疲勞沁涼清爽,1196.0,4
7610235,麗莎&卡斯柏成人輕量室外拖-白、黑-多尺寸任選,成人雙絆帶拖鞋,1196.0,4
8051205,PsCICA積雪草保濕沐浴乳1000mL,4582400833458,1196.0,4
8544849,【即期品】Karadium炫彩珠寶盒眼影-02 (效期:2023/09/27),炫彩珠寶盒眼影 Bling Fit Bijou Box Shadow,1196.0,4
7064254,凡士林透亮防曬修護潤膚露SPF24 400ML,夏天首選，含維他命B3且含防曬成分，抵禦UVA&UVB，維持細嫩肌,1196.0,4
7432144,尿素+馬油保濕乳霜80g,4562104036126,1196.0,4
7298889,糖鼎經典禮盒360g-黑糖烏龍,頂級純正台灣黑糖，搭配天然真材實料， 定期310項SGS檢驗合格，不含農藥、糖精、微生菌等化學成分，採密封夾鏈外包裝，每顆茶磚均獨立包裝，衛生乾淨，方便隨身攜帶。,1196.0,4
8117126,Loshi馬油修護保濕潤膚乳霜40g,4936201106516,1196.0,4
7310877,Gliss極致賦活修護護髮噴霧200ml,來自海洋能量修護，免沖洗護髮素,1196.0,4
7089484,蒂沐蝶金盞花修護植萃洗髮精500g,蘊含歐洲有機認證成分，不含矽靈，無添加Parabens防腐劑及合成著色劑,1196.0,4
7596384,韓國ShowerMate蜂膠沐浴乳1000ml-杏桃,萃取自高品質杏桃果仁，含有許多對護膚有幫助的天然維生素A、C、B群，能針對疲憊與暗沉肌得到改善，穩定肌膚，帶來健康光澤。成分細緻能很快被肌膚吸收同時提供長效滋潤。,1196.0,4
8229696,A.P雨傘圓領雙面磨毛保暖衫-黑,雙面磨毛，柔軟細緻,1196.0,4
7538578,古寶無患子沐浴露500g-檀木薰香,來自大自然的無患子皂素，含有豐富的細緻泡沫，溫和洗淨肌膚的髒污及油脂。,1196.0,4
7781817,【J′ADORE】正韓316醫療針鎖珠耳環皇冠,【J′ADORE】精品,1196.0,4
8036197,樂扣樂扣真空氣密SAN儲物罐/850ML/黑,一鍵鬆開，輕鬆拿取新鮮食材,1196.0,4
7135261,Vitami機能補給植感沐浴露-淨化抗菌550,添加冰川紅泥，能深層洗淨肌膚，去除肌膚老化角質；協同歐盟認可抗菌劑，淨化肌膚並達到防護效果。,1196.0,4
7261938,OMORY 304保溫隨行杯500ml-藍,單手開蓋 即可飲用,1196.0,4
7083948,沙宣FIRM N FLEX隨性定型噴霧-200ml,髮絲蓬彈不僵硬,1196.0,4
8119754,我的心機極致奢華全效眼霜15g,添加超級植萃抗老成分，溫和植物性類A醇,1196.0,4
7346663,NewAnna保濕馥芳按摩油200ml-彈潤珍珠,仙體按摩精油,1196.0,4
8121454,熊寶貝精油香氛蠟燭120g-平靜舒心,讓香氛，溫柔呵護身心，帶給你 美好的療癒時光。,1196.0,4
7431413,我的心機草本淨涼頭皮調理精華65ml,和的極致養護，管理髮的根本，養成健康頭皮,1196.0,4
7261892,OMORY 304保溫隨行杯500ml-灰,單手開蓋 即可飲用,1196.0,4
8237420,伊露恩日本植物菁萃洗髮精_德島柚子500ml,,1196.0,4
7542638,ON THE BODY SPA死海泥沐浴乳-清新佛手柑500ML,奢華死海泥浴 養成柔嫩絲綢肌,1196.0,2
7116686,加厚胖胖排水彈力減壓舒適拖鞋- 多色任選,緩解行走時腳趾帶來的壓力，加厚，舒適減震，給您更優質的穿鞋體驗!戶外、居家皆適合穿著!,1195.0,5
7087760,好立善超級B群發泡錠(20錠),超高劑量B群配方，適合現代忙碌的上班族補充元氣，提升工作效率，精神旺盛，活力充沛。,1195.0,5
7105881,淨 男士去屑洗髮乳750g-強韌健髮淨爽,CLEAR淨專為男士設計，男士強韌健髮淨爽型去屑洗髮乳,1195.0,5
7798390,舒酸定漱口水500ml-酷涼薄荷,清新潔淨,1195.0,5
7270479,1028 銀河系限量四色眼彩盤,精選雪絨霧面、蜜晶珠光與流星亮片等質地，搭配出多層次的好感眼妝。,1194.0,6
8051818,一心一罩大童小臉3D醫用口罩經典香草10入,4712937973185,1194.0,6
7432631,白雪美精 馬油保濕雪花皂(洗臉·身體用)100g,4560101979910,1194.0,6
7108683,飛柔柔順茉莉 香氛潤髮精華 530g,添加義大利香氛精油黃金比例秀髮持久留香,1194.0,6
7212147,一次性馬桶座墊加長款-10入,採用優質壓敏膠黏貼，有效黏牢馬桶蓋,1194.0,6
7816929,碧菲絲特溫和即淨眼唇卸妝液145ml,4902806213614,1194.0,6
7053378,我的心機臉部去角質120ml-酷涼青檸薄,薄荷沁涼淨顏X高效保水平衡因子，一瓶解決惱人粉刺、毛孔問題。,1194.0,6
8155346,艾爾絲成人4D醫療口罩8入-LINE皮革,口罩國家隊製作，搭配上精美印刷，帶的舒適又安心,1194.0,6
7062766,李施德霖兒童漱口水500ml-莓果,不含酒精，口感溫和，專為6歲以上學齡兒童設計的漱口水。含氟化物，配合正確刷牙習慣，能幫助強化牙齒，幫助預防蛀牙問題,1194.0,6
7425341,益生堂_羅漢果隨身包,4713510534113,1194.0,6
7639546,美國原裝柏詩克萊溫和凡士林369g,多功能護膚商品,1194.0,6
7735022,Hello kitty香氛洗髮露1800ml-甜蜜桃,從髮根滋養到髮絲末端，滲入髮芯,1194.0,6
7237230,依洛嘉磁石晶澈白皙眼膜5入裝-白,添加維他命C、薏仁萃取,1194.0,6
7404125,HO馬油洗髮精600ml,4513574012752,1194.0,6
7114950,OUTDOOR 無縫貼身平口褲,1.運動用寬版織帶,1194.0,6
7114962,藍盾騎士 乾爽U型立體平口褲,XL–5X腰臀加大穿著體感更舒適,1194.0,6
7050873,NAILTONE 速乾厚感護甲油 (8mL),快乾迅速入手果凍感水亮厚度,1194.0,6
7111218,美吾髮卡樂芙染髮霜-金莎亞麻 50gm(新舊包裝隨機出貨),顯色度+58%有感超顯色,1194.0,6
8030552,百齡護牙周到牙膏110g-牙齦強化,中化製藥專業團隊，針對國人日常牙周護理需求研發，100%台灣製造,1194.0,6
7404139,HO馬油保濕雙效洗髮精600ml,4582400830020,1194.0,6
7139796,masklab成人KF立體口罩10入裝-黑,KF韓式立體口罩的貼合性、密封性更勝一般平面口罩，立體造型讓臉部和口罩中間多了呼吸空間，穿戴起來更為舒適，女士們也不必再因為口罩沾染口紅而影響妝容。,1194.0,6
7135263,Farcent香水旅行組-微醺小蒼蘭(控油),前中後調層次香水香氛,1194.0,6
7108680,潘婷乳液修護去屑洗髮乳700ml(新舊包裝轉換中 隨機出貨),"微小綿密泡沫,深入清潔,帶走雜質。",1194.0,6
7426674,marumanPROSONIC3音波振動牙刷-粉1入,4957669690751,1194.0,6
7106164,瑪榭3次元防護護腕-單入,關節防護，給予穩定支撐，加強保護,1194.0,6
7406943,貝印貓咪養髮氣墊按摩梳,圓頭梳針，可溫和按摩頭皮,1194.0,6
7832966,LENOR蘭諾衣物芳香豆_青檸紫羅蘭455ml補充,4987176116116,1194.0,6
8212549,樂家巧克力杏仁糖113g-多款任選,,1194.0,6
7403696,”亞迅”鼻腔擴張貼片(未滅菌)標準款膚色12枚,4566322160007,1192.0,8
7268385,寵愛之名水能亮保濕精華水體驗版30ml,噴霧形式精華水，可隨時隨地為肌膚補充大量水分,1192.0,8
7824256,卡翠絲完美濾鏡遮瑕膏 (多款任選),全新升級小圓罐遮瑕!!,1192.0,8
7432528,KOSE光映透美肌職人薏仁透亮面膜7入,4971710390803,1192.0,8
7959398,沙威隆抗菌保濕沐浴乳850g-鳶尾花,安心抗菌  歐盟認可ICP專業抗菌成分,1192.0,8
7243493,露得清深層淨化透亮洗面乳175g,胺基酸溫和潔淨因子：提供細緻泡沫，深人毛孔智慧潔淨髒污、殘妝及多餘油脂，不帶走肌膚應有脂質保護。,1192.0,8
7723345,Tilley皇家特莉經典皂220g-檀香&佛手柑,澳洲百年香氛品牌 皇家特莉,1192.0,8
7076996,曼寧烏龍菊花茶15入,菊花純粹花色與甘美滋味,1192.0,8
7105401,蠟筆小新睡衣派對地墊,吸水性佳，舒適觸感,1192.0,8
8175421,【廠商直送】mauve-全面防護防水透氣生理褲-黑F,*透氣不悶熱 *安心防側漏,1192.0,8
8604277,YABY造型速乾髮帽-多款任選,萌趣可愛造型.珊湖面料.不掉棉絮.觸感親柔.親膚舒適,1192.0,8
7083856,舒妃型色家頭皮隔離防護霜35ml,有機植萃添加， 染燙前隔離，為頭皮多一道防護,1192.0,8
7397971,Satto 鋁管伸縮組合專用杆(顏色隨機出貨),可隨意調節長短，只需輕輕一轉就可固定。,1192.0,8
7108654,沙宣清盈柔順高效護髮精華150ml,"輕盈易塑成份,令髮質柔滑,更易塑型",1192.0,8
7658834,煙斗絲光棉時尚平口褲,絲光棉超細柔質感、透氣舒適,1192.0,8
7349930,旅行衣物收納袋小-多色任選,高質感面料,1192.0,8
7122604,英倫格紋真草蓆拖-4款任選,沉靜家居-優質沙發布鞋面，經典不敗花色,1192.0,8
7066015,She’s預防老化乳液 700ml,添加天然樹液，具保濕、滋潤之功效，及多種維他命A、C、E，保濕因子能滋養皮膚並減少老化留下的痕跡,1192.0,8
7590622,non-no 天然無撚毛巾-3入,,1192.0,8
7088686,莉婕頂級一按即梳染髮霜-3NB焦糖戚風棕色,輕鬆完美遮蓋可見白髮免煩惱日本全新開發一按即掩輕鬆染,1192.0,4
8490738,凱婷 雙色漸層眉筆 (0.2g),「蓬鬆立體」、「俐落線條」自由掌控,1192.0,4
7091171,I’M MEME我愛柔霧磚土系唇膏,添加維他命E呵護雙唇,1192.0,4
7484843,百研-背心式垃圾袋-黑色-60張,背心提手設計，提取收口皆方便,1190.0,14
7069935,義香珍桃酥(香港)300g,香酥美味、入口即化,1190.0,14
7279105,舒妃乳油木特潤護髮霜800ml,燙染受損髮專用,1190.0,10
7041933,essence零失誤24H持久眼線液1.2ml,全霧面妝效的眼線液,1190.0,10
7555317,吉室無染加大內衣洗衣袋-菱網16*18cm,加大型: 完美漂浮、創造更多洗淨空間,1190.0,10
7048917,IH櫻桃肌粉餅撲,乾濕兩用的粉餅專用粉撲。,1190.0,10
7108445,3M無痕中型掛鉤3入裝,使用3M獨家專利無痕膠條，黏貼時粘著穩固，去除時不傷粘著表面，不留殘膠。,1190.0,10
8541213,KOKUBO室內芳香劑200g*2入組-多款任選,優雅玫瑰香增添好心情/淡雅花朵香舒適好心情/清新花香朝陽好心情,1190.0,7
7089091,媚點 勻透煥光粉餅,立即展現明亮美顏,1190.0,5
8208794,kid-O 日清 奶油/巧克力/檸檬 三明治120G,,1189.0,41
7426743,EBiSU-41孔六列優質倍護牙刷1入,4901221800003,1188.0,12
7836568,柰森克林-牙間刷10+2入-4S,刷頭頸部具彈性可彎曲，清潔齒縫輕鬆上手,1188.0,12
8166443,碧歐斯男仕竹炭控油深層潔面霜100g,仙人掌萃取，天然涼感配方，舒緩肌膚不適,1188.0,12
7088415,妮維雅北海道玫瑰淨白泡沬潔面乳100ml,來自珍貴的北海道的玫瑰精萃，具36倍抗氧化的功效,1188.0,12
8526169,水舞醫用成人口罩10入-雪之國度,1.符合台灣CNS14774口罩品質規範,1188.0,12
7053343,自白肌特濃玻尿酸保濕旅行組,人氣保濕保養旅行組,1188.0,12
7660945,日藥本舖x達特世成人醫用4D口罩炫耀黑10入,4719881664794,1188.0,12
8020908,順易利醫用平面口罩 成人/兒童 50入 藍/綠/粉/黃/紫/白/蜜桃,,1188.0,12
8025099,淨新醫用成人平面口罩50入 MIT台灣製 MD雙鋼印 撞色系列,,1188.0,12
7323628,Lumina達人系粉刺夾組,1.精密製程。可針對臉部面皰粉刺全方位處理。,1188.0,12
7095886,3M克淋濕防水透氣繃10片,完全防水、高效透氣、幫助傷口癒合,1188.0,12
8177893,日藥本舖醫用平面口罩25入迷霧紫,4713072041241,1188.0,12
7432180,SH-TB馬油護手霜,4582400833137,1188.0,12
7714174,ELLE HOMME 菱格寬口休閒襪-多色任選,是紳仕也是休閒襪，穿著不需換鞋,1188.0,12
7044757,花仙子去味大師鞋內消臭劑 220ml,日本植物消臭萃取液，有效中和分解異味，散發清香,1188.0,12
7473236,Mdmmd私密抑菌青春水100ml-涼感,專屬於敏弱私密肌噴霧,1188.0,3
7379076,16 BRAND五件刷具組,刷毛柔軟不札膚，一組搞定全臉，涵蓋多種功能刷具，包括眉刷、眼線刷、睫毛刷、眼影刷、腮紅刷、修容刷、打亮刷，出外旅遊更方便。,1188.0,2
7581752,【廠商直送】妍之初蜂子芝麻素30粒 x2盒,好睡眠好膚質好氣色,1188.0,1
7186845,樂扣樂扣矽膠提帶水壺470ml,瓶身為Tritan(改質PCT)材質，材質輕巧安全，不含塑化劑及雙酚A。,1187.0,3
8050905,【廠商直送】Prodigy波特鉅-3合1午休趴枕-多色任選,辦公室、學校使用,1186.0,1
7090329,Kesho柔護抗菌濕式衛生紙80抽,◆添加春黃菊萃取、羊毛脂萃取、蘆薈萃取,1185.0,15
7298771,蕾妮亞零觸感特薄量多日用20片22.5cm,0.1cm超激薄x超能吸,1185.0,15
7111990,纖妍吸水擦髮巾33*90cm-3色任選,超細纖維，吸水速乾,1185.0,15
7230823,帕瑪氏全效修護精華油60ml,"帕瑪氏全效修護精華油,以突破性RAS吸收科技,",1185.0,3
7390368,棉花共和國 CR Function暖漾光 抗菌蓄熱圓領男長袖發熱衣,遠紅外線發熱纖維蓄熱保暖,1185.0,3
7427598,帕瑪氏天然椰子脂極緻保濕凝脂170g,位於陽光肆溢的玻里尼西亞群島上的天然椰子油是當地人保養肌膚的良方,1185.0,3
7423847,舒芙蕾 厚棉男衛生衣,蓄熱保暖 輕盈舒適 輕量柔軟 舒服觸感,1183.0,7
7090133,高露潔抗敏感牙膏120g-牙齦護理,臨床證實可以快速及有效舒緩敏感疼痛,1183.0,7
7944412,艾森絲零負擔蜜粉餅,全新系列，專為敏感肌膚打造的系列,1183.0,7
7668752,威滅滅蟑隊8入-居家裝潢,除蟑第一品牌 經典熱賣款,1183.0,7
7228403,樂品304不鏽鋼兩用腳搓板,304不鏽鋼耐用雙面雙效效果佳,1183.0,7
7105325,舒芙蕾 愛妹妹無縫植物棉內褲,科技創新 天然植物棉織製，輕薄柔軟，透氣排汗,1183.0,7
7432403,美源花果香快速染髮霜5D(深棕色)40g*40g,4987205051432,1183.0,7
8084763,好自在熊抱安睡量多夜用7片2入425mm,1. 超吸透氣，升級防漏超安睡,1183.0,7
7596820,韓國柴犬日常系列中筒襪-多色任選,童趣可愛,1180.0,20
7057384,樂品隨身包卸妝方巾10枚*6入 (新舊包裝隨機),小包裝方便使用，隨身攜帶。,1180.0,20
7948764,文青風刺繡人物純色中筒襪-多色任選,文青必備,1180.0,20
8499468,永和三美人 美妝蛋 水滴型 1入,• 粉餅乾用，減量輕彈，預防卡粉,1180.0,10
7320208,美肌護腳套2雙入-多色任選,有彈性好戴.柔軟舒適,1180.0,10
8512149,【廠商直送】Kamera-真空保溫隨行杯500ml-簡約白,一體成形316不銹鋼醫療級無縫內膽,1180.0,2
7636767,【廠商直送】康朵頂級純水濕巾80抽*12包,飲水級純水 乾淨又衛生,1180.0,2
8020206,ATTA 40厚均壓散步拖鞋-黑色,柔軟材質 回彈超有感,1180.0,2
8520456,【廠商直送】小米有品-小猴28合1精修螺絲刀套裝,小米有品 28枚起子頭 磁吸收納盒,1180.0,2
8184357,【廠商直送】台塑生醫醫之方 兒童綜合成長高鈣口嚼錠 (60錠/瓶),幫助骨骼與牙齒的生長發育,1180.0,2
7650917,【廠商直送】德律風根玻璃隨行果汁機_橄欖綠,USB充電設計，可隨身攜帶。,1180.0,1
8077405,【廠商直送】Queen Chef - 美國華福萬用收納IH可拆式不沾鍋3件組(26CM煎炒鍋+16cm雪平湯鍋+可拆式把手),美國華福不沾、兩道安全設計手柄,1180.0,1
7984028,【廠商直送】悠活原力 SNQ認證 吳淡如代言 金盞花萃取葉黃素+蝦紅素（30顆/盒）,游離型葉黃素，分子小，好吸收,1180.0,1
8261186,好立善蔓越莓+維他命C發泡錠20錠,德國原裝進口，發泡錠最強品牌 - 好立善,1178.0,5
7248551,德國法克漫-高級紅酒開瓶器,輕鬆旋轉拉起軟木塞,1177.0,11
7280911,韓國isLeaf香氛順盈護髮油-拈花惹草100ml,改善各種秀髮受損困擾,1175.0,5
7265423,白雪姬10秒透白無痕美頸奇蹟霜40g,每天只要塗抹十秒鐘,1175.0,3
7777516,YPLUS 兒童花生蠟筆(12/24色任選),自然礦物提煉安全無味,1174.0,6
7997429,【廠商直送】Tsuvimi 姿慧美 閃亮彩色睫毛膏 (24色任選),24小時抗暈染,1174.0,6
7224283,瑪榭隱形足弓機能襪L-多色任選,透氣網設計、舒適不悶熱,1173.0,17
7095879,3M耳塞#1100,附透明攜帶盒,1173.0,17
8055128,樂品3段速淨防變形洗衣網-角型L,格紋密織比粗網更防護面料,1173.0,17
8582043,EDGEU凝膠美甲貼素色款-504 SPARKLING WINE,成熟的葡萄酒蘊含著優雅的紫紅色與暖灰色,1173.0,3
8584996,EDGEU凝膠美甲貼素色款-111 CHIFFON GLOW,柔軟的半透明糖果粉搭配閃閃發光的玫瑰金光亮片,1173.0,3
7426549,Dent-Inn寬頭超細毛牙刷_軟毛1入,4538604000455,1170.0,30
7094890,保麗淨口腔護具清潔錠36片,有效減少細菌孳⽣、牙菌斑堆積，減少牙套或維持器異味以及避免引起口腔問題**,1170.0,6
7252886,舒芙蕾 沁涼無痕性感背心,專利8字型連體罩杯：下厚上薄，按摩顆粒杯膜設計，美胸更集中，穩定不位移，罩杯可拆式，清洗更方便,1170.0,3
7746114,【廠商直送】Ladoore蕾朵兒 濃妝派對 珍珠蕾絲性感腿套吊帶-黑,L'adoore 濃妝派對 珍珠蕾絲性感腿套吊帶,1170.0,3
7925612,【廠商直送】零度空間五折口袋傘,超輕量只有205g，輕巧好攜帶,1170.0,3
7432984,白雪姬亮白如雪黑膝蓋掰掰去角質霜50g,4533213673847,1170.0,3
7098749,【即期品】TUNEMAKERS原液保濕水-清爽型120ml(效期:2025/01/01),富含高效玻尿酸的保濕水，水狀質地更好吸收，調理肌膚紋路，同時能舒緩肌膚乾燥不適。天天使用，肌膚維持飽水透亮,1170.0,2
8406512,Farcent香水奇蹟洗髮露600ml日光麝香,用Farcent保養你的秀髮，添加臉部保養級雙金粹，永久花蠟菊X頂級蜂王乳，為髮絲注入生命力，用Farcent保養你的秀髮。,1167.0,3
7083967,Farcent香水奇蹟護髮素600ml-同名花語,前、中、後調層次香水香氛,1167.0,3
7470869,Chandelle澎蓬黑潤髮粉_深棕,4906781490497,1164.0,2
7098825,逸萱秀清爽防油光洗髮精補充包550ml,毛鱗片屏護科技,1161.0,9
7053386,我的心機杏仁酸去皮煥白足膜1雙入,添加杏仁酸及乳酸，雙重淨亮，維他命B5加強肌膚潤澤保濕，滋潤粗燥肌膚，溫和軟化脫去厚硬腳皮。,1161.0,9
7556424,malie媄莉面膜10入-多款任選,集中護理補水，使肌膚有光澤有彈性,1161.0,9
7227911,國際鹼性3號4+2(紅卡),日本銷售第一,1161.0,9
7088707,BioreGUARD手部抗菌清潔液 隨身型175ml,79vol%酒精 x 專業防護配方 保濕不乾澀,1161.0,9
7984168,Solone琉光訂製飾底油 (多款任選),0,1161.0,9
7254276,小蜜媞修護唇膏10g-薄荷糖口味,日曬前、唇膏塗抹前後、滑雪時、夜間修護時或雙唇乾燥脫皮時均於塗抹雙唇，即刻擁有水潤Q彈完美唇情。一年四季適用。,1161.0,9
8237555,日本獅王NONIO終結口氣漱口水_亮白600ml,,1161.0,9
7097864,舒妃玫瑰果晶亮護髮油100ml,【染燙受損髮質適用】,1161.0,5
7426378,HelloKitty酒精柔濕巾30抽,4715664503731,1160.0,40
7108443,依必朗抗菌洗手露-蘆薈+小黃瓜630ml,特別添加維他命E、蘆薈及小黃瓜精華，保護滋養手部肌膚，維持雙手細緻柔嫩。,1160.0,8
7795842,【廠商直送】Ladoore蕾朵兒 天使之吻性感縷空無痕內褲,・L'adoore 天使之吻 性感縷空無痕內褲,1160.0,4
7105518,Batiste秀髮乾洗噴劑200ml純淨微香(新舊包裝隨機出貨),英國原裝進口，熱銷60多國,1160.0,4
7224685,Tal蒂愛麗潤白雪絨花無香精護手霜75ml,"推薦給長期有皮膚困擾,手部極度乾燥等不適狀況",1160.0,4
8504052,【廠商直送】Ladoore蕾朵兒 心動快遞 舒適彈性無痕丁字褲,L'adoore 心動快遞 舒適彈性無痕丁字褲,1160.0,4
7420216,【廠商直送】蕾朵兒Ladoore 多彩炫麗 法式蕾絲精品小褲 (藍),選用柔滑彈性材質呵護妳細緻的肌膚,1160.0,4
7659162,【廠商直送】Ladoore蕾朵兒 美麗人生高質感精品歐式小褲,・嚴選宮廷古典蕾絲　剪裁最適合東方女性版型　用心打造完美臀型,1160.0,4
7746116,【廠商直送】Ladoore蕾朵兒 蕾絲煙圈 蕾絲大腿襪-2色任選,L'adoore 蕾絲煙圈 蕾絲大腿襪,1160.0,4
7746133,【廠商直送】Ladoore蕾朵兒 致命情網 吊襪帶式性感大腿網襪-黑,L'adoore 致命情網 吊襪帶式性感大腿網襪,1160.0,4
7523438,薇佳速效抗痘調理潔面乳100g,4713968884082,1160.0,2
7368906,Moonlight 3%進化版健髮豐潤洗髮精 400ml,育髮，要從根做起，補充養分，才能有感豐盈,1160.0,2
7291467,行李桿專用手提包-2色任選,1.容量大。,1158.0,2
7106152,瑪榭速乾除臭前後防磨襪M-多色任選,超耐磨,1157.0,13
7346755,日本貝印Pretty安全修毛刀L型,細緻安全刀片的 L 形刀片，非常適合眉毛部位護理。,1157.0,13
8523802,護妍天使淨瑕修護貼12入,添加淨瑕雙因子-傳明酸 x 積雪草,1157.0,13
7254448,春風旅行包衛生紙60抽3入,"\"\"\"60抽衛生紙隨身剛剛好",1157.0,13
7320073,日本inomata濕紙巾收納盒 -白色,"產品外蓋可阻絕空氣,可延緩濕紙巾變乾,內蓋十字蓋設計抽取方便",1157.0,13
8237863,森永鹽味牛奶糖_小72g,,1157.0,13
7425376,纖Q好手藝黑豆水2g*30入,4713945911732,1156.0,4
7434873,PLAYBOY 潮流短襪3雙入-多款任選,高含棉量有助吸濕，保持乾爽,1156.0,4
7140164,呂 薄荷強效控油潤髮乳400ml,加強效的頭皮髮根髮絲5重營養修護效果,1156.0,4
7656238,1028 復活草即救保濕精華液 30ml,✓ 嚴選南非復活草等12種珍稀花萃*活性成分，透過極佳的抗氧修護力溫和滋養肌膚，使乾燥的肌膚恢復水亮光澤。,1156.0,2
7351666,上山採藥龍膽草深層去角質洗顏乳100g,"龍膽草根萃取精華,能舒緩保護、預防肌膚受損",1155.0,11
7089533,綠的抗菌皂100g*3-茶樹清香,植物油脂製成，純淨溫和，不刺激肌膚。,1155.0,11
8181998,【廠商直送】美德醫用口罩HEPA機能運動型40入-沉靜藍,▪️3層結構防護，高濾效果,1154.0,4
7978279,Solone榛果訂製鉛筆點綴刷/AC12,,1152.0,9
7097857,舒妃北海道馬油強效保濕護髮膜240ml,浸潤並滋養乾燥髮絲,1152.0,8
7042084,Solone大藝術家玩色E02眼影暈染刷,1. 極致濃黑色澤升級，印象派魅眼雙眸立即呈現。,1152.0,8
7122448,成功刺蝟型足底筋膜按摩球2入,耐重120KG，加強穴道按摩 球體有彈性，均勻刺激腳底,1152.0,4
7309733,Tryall全分離乳清蛋白35g-靜岡抹茶,"市場最高蛋白質含量 ,每包含有 28g 蛋白質",1150.0,23
8156858,【廠商直送】櫻桃小丸子極吸柔護好眠褲3片-6入,彈力伸縮 360度全面貼身防護,1150.0,2
7411216,凱婷 極致大眼雙效筆 EX-1,以象牙白和裸粉色,1149.0,3
7098720,赫本染髮劑7N亞麻淺棕色 (170ml/盒),"健康染髮,染劑富含植物配方",1149.0,3
8552431,EDGEU沙龍凝膠卸甲精華液30ml,富含植物殺菌的芬多精精華,1149.0,3
8175574,【廠商直送】AAA-輕型三層波浪架-白色-90x45x90cm,每層平均載重約50KG,1149.0,1
8173998,【廠商直送】AAA-輕型四層波浪架-白色-60x45x180cm,每層平均載重約50KG,1149.0,1
7341927,THE FACE SHOP肌本博士積雪草水凝霜50ml,"添加積雪草萃取,能舒緩敏感躁動肌膚、保護脆弱肌膚並重建健康屏障",1148.0,1
8508387,【廠商直送】永恆系列 100%天絲 沉穩灰 枕套床包組-單人,60支高級天絲，絲滑柔順,1147.0,1
7419464,【廠商直送】日式抗菌透氣床墊5cm-多色任選,美國Microban抗菌床墊,1147.0,1
7245890,OMORY-304不鏽鋼法式餐具組附袋-深藍,#304不鏽鋼鏡面拋光,1146.0,4
7824119,卡翠絲自我愛戀打亮餅-010,具有三種柔和色調的獨特混合，帶有淡淡玫瑰色的細緻光澤感,1145.0,5
7832967,滴露消毒藥水750ml,5000158064331,1145.0,5
8611243,【廠商直送】Style格調-透明抽屜式50面寬五層收納櫃-兩色任選,全大抽款式 輕鬆收納,1145.0,1
8050892,【廠商直送】Prodigy波特鉅-涼感防蚊抬腿枕-L-多色任選,美腿神器-靜脈曲張、消水腫,1145.0,1
7372146,安多精品 兒童免洗短襪 4入,"合身版型,符合人體工學",1140.0,12
8013160,日光生活森木作橡膠木砧板28cm,圓弧形邊角，避免碰撞,1140.0,10
8182005,【廠商直送】美德醫用口罩HEPA機能運動型40入-競速,3層結構防護，高濾效果,1140.0,4
7432220,CIELO宣若EX染髮霜6深栗棕,4987205284663,1140.0,3
7104148,Unlabel植物高保濕化妝水500ml-清爽型,保濕力UP快速滲透導入清爽不黏膩,1140.0,3
7105464,CIELO宣若EX染髮霜-4RU紫棕色,簡單一按，不用攪拌，淡雅香味不刺鼻,1140.0,3
7435369,Za美白煥顏兩用粉餅9g_20,4531632407685,1140.0,3
7436814,利捷維有酵女性綜合維生素_鐵60錠,維生素A：有助於改善暗處視覺,1140.0,2
7563580,【廠商直送】sNug給足呵護-健康五趾除臭襪-棗紅-三雙入(多尺寸任選),健康無毒,1140.0,1
7577340,【廠商直送】sNug給足呵護-健康五趾除臭襪-黑灰-三雙入(多尺寸任選),健康無毒,1140.0,1
7558807,統欣生技TX維生素B群60粒,天然來源維生素與初乳來源母乳益生菌添加：提升吸收力,1138.0,2
7722536,Dr.AV智能藍牙體重計-BT102i,藍芽自動傳輸，健康管理更方便,1138.0,2
7068656,廣穎 電量顯示輕巧行動電源10000mAh(粉),電量顯示,1138.0,2
7381708,Cocoegg卵殼膜保濕美容原液50ml,4549339704143,1138.0,2
7291148,MN-DC003 米妮系列大浴巾75x150cm,柔軟舒適,1137.0,3
7774677,【廠商直送】KS-蠶絲親膚超薄中腰褲3件組,專利蠶絲透氣乾爽,1137.0,3
7059826,蕾妮亞極吸好眠晚安褲褲型衛生棉2片 M-L(新舊包裝隨機出貨),極薄0.25cm速吸層 翻睡超安心,1136.0,16
7697986,OMORY原創防潑水收納袋-北歐森林60*40cm,大容量收納衣物、棉被、床包。,1134.0,6
7327408,貝印新本格附套曲面指剪M,特色：,1134.0,6
7250345,樂扣樂扣-EZLock保鮮盒3件組1150ML-長方,可收納概念設計讓空間充分使用。,1134.0,6
8065902,麗仕柔亮清爽洗髮乳750g-2022版,全新配方 奢寵秀髮 髮絲光澤清爽,1134.0,6
8065905,麗仕柔亮直順洗髮乳750g-2022版,全新配方 奢寵秀髮 髮絲光澤柔順,1134.0,6
7254199,妮維雅男士全效清爽保濕凝凍 75ml,極清爽凝凍質地，暢透不黏膩、快速吸收,1134.0,6
8523807,OMORY享自然防潑水收納袋-星球60x40cm,大容量收納衣物、棉被、床包。,1134.0,6
8065938,麗仕柔亮絲滑潤髮乳650g-2022版,全新配方 奢寵秀髮 髮絲光澤水潤,1134.0,6
8155196,ELLE HOMME 簡約全方位機能襪2雙入-多色任選,舒適、吸汗透氣，超優品質,1134.0,6
7159513,舒酸定速效修護抗敏牙膏100g-亮白配方,給想快速舒緩敏感且亮白牙齒的你,1134.0,6
7060030,施巴嬰兒護唇膏4.8g,植物萃取精華，溫和滋潤嬰幼兒唇部肌膚，提供長效保護,1134.0,6
7832611,碧菲絲特毛孔即淨卸妝棉46張,4902806405507,1134.0,6
7404896,逸品日式泡麵90g*4入-東京醬油風味,"逸品日式泡麵-東京醬油風味 醬油拉麵為最古老的拉麵口味之一,在這相當經典的口味中,",1133.0,11
8218937,韓國isLeaf抗菌洗手慕斯500ml玫瑰,,1130.0,10
7518604,【廠商直送】美國Sundown日落恩賜 游離型超級葉黃素+山桑子軟膠囊(60粒x2瓶)組,最終葉黃素有效純度高達90%,1129.0,1
7403702,日進Leader雙頭紙軸黑棉花棒150支,4955574821130,1128.0,21
7446437,OTTOGI韓國不倒翁番茄醬200g,1.韓國原裝進口,1127.0,23
8589928,待刪除-【廠商直送】Tangle Teezer王妃梳 劍橋完美梳(新)-千禧粉,綁馬尾、盤髮髻做造型梳髮神器,1126.0,2
7083837,綠的潔手乳1+1,精典商品，防疫首選,1125.0,9
7608241,韓國原辰輕薄面膜3入-藍色小分子補水,"8重玻尿酸- COMPLEX 高中低分子的複合玻尿酸, 為肌膚不同層面提供所需水分, 高分子形成保護膜,中分子填滿肌膚水分,低分子賦予皮膚彈性,讓肌膚長時間的維持水潤狀態",1125.0,9
8161092,金舒樂兒童醫用口罩50入-蜜桃粉,日本技術生產,1125.0,9
8051506,日清出前一丁黑蒜油豬骨湯味速食麵5入,4897878140305,1125.0,9
7392453,西雅圖濾泡咖啡10g*10入-多款任選,深烘焙咖啡香氣濃郁,1125.0,5
8138703,DARIYA芭露蒂風格彩染霜-奶茶杏棕,大容量染髮霜，一瓶即可染出美麗秀髮。,1125.0,3
8138743,DARIYA芭露蒂風格彩染霜-魅柔灰棕,大容量染髮霜，一瓶即可染出美麗秀髮。,1125.0,3
7054160,風倍清織物除菌消臭噴霧370ml-綠茶清香,日本熱銷NO1空氣清新專家,1123.0,7
8227513,【廠商直送】(箱購)拭拭樂柴語錄潔膚柔濕紙巾(消失的V領)80抽x24包,◎ 特殊貼紙設計，邊說趣味故事邊讓小朋友學會貼好濕巾貼紙。,1123.0,1
7889897,1028 胺基酸健康淨潤潔顏乳,˙26%高濃度胺基酸與PH值5.4親膚弱酸配方，溫和清潔同時長效潤澤。,1122.0,6
7410982,待下架-【廠商直送】日式侏羅紀草原天絲枕套床包組-加大,舒適天絲,1122.0,1
7598674,韓國QQ捲邊純色中筒襪-多色任選,有型穿搭,1121.0,19
8589710,設計款Babybear刺繡中筒襪-多款任選,可愛刺繡,1121.0,19
7105127,台製桃心沙夾12入玳瑁-3款任選,100%台灣製造,1121.0,19
7397814,小海豹-地板除菌濕拖巾20張,柔韌材質不易破裂，清潔汙垢無死角,1121.0,19
8237367,立得清廚房去汙濕巾30抽,,1121.0,19
8237110,HelloKitty涼感甜睡衛生棉夜用特長34cm5片,,1121.0,19
7083577,蘇菲彈力貼身潔翼18片日用23cm(新舊包裝隨機出貨),超瞬吸小孔表層,1120.0,20
7250001,樂扣樂扣-P&Q微波保濕蓋-23CM,食品級PP耐熱100°C，材質輕巧安全，不含塑化劑及雙酚A,1120.0,12
7386172,撒隆巴斯直貼4片裝-腰背用,"\"\"\"連續6小時約40度溫熱效果，可以溫暖患部，改善不適感。",1120.0,8
8005492,樂品扁細滑牙線棒45支 *4包,使用科技線材不斷裂,1120.0,8
8032086,樂品雙效型塑軸棉花棒200支罐裝 *4罐,100%天然棉花,1120.0,8
8212594,【廠商直送】THE LOEL皮革保養清潔劑45g,可輕鬆清除皮革上的發霉,1120.0,8
7055464,Biore卸粧兩用洗面乳120ml,洗臉同時卸粧，乾淨有效率,1120.0,7
8585597,【廠商直送】Moschino熊芯未泯2迷你瓶5ml,小香皆為沾式(無噴頭)，輕塗抹於頸部、手腕、耳後跟等脈搏跳動處，可散發香味。,1120.0,5
7122449,成功花生按摩球(大顆粒),環保材質通過歐盟檢測，花生球造型設計穩定性高,1120.0,5
8026536,成功石墨烯遠紅可調式護腰-2尺寸任選,搭配遠紅外線 效果更加倍,1120.0,1
8245258,【廠商直送】日本John’s Blend 免沖洗香氛瞬效護髮精華乳120ml 白麝香,髮絲柔順亮澤 所有髮質均適用,1118.0,2
7778089,YPLUS 兒童花生蠟筆-36色,不髒手-繪圖不沾手,1118.0,2
7049859,我的健康日記蜂王膠原飲50ml-6入,"10,000毫克小分子膠原蛋白",1118.0,2
7294328,曼秀雷敦Acnes痘痘貼30入-隱透型,0.01cm創新薄邊設計,1117.0,7
7404002,EARTH-CHEMONPO生薑碳酸溫浴入浴錠(4種×5錠),4901080556011,1116.0,4
7083928,海倫仙度絲0%矽靈洗髮乳微米淨透水潤500ml,"MICELLAR微米科技,有效淨化頭皮油脂和頭屑",1116.0,4
7140178,台塑受損修護洗髮精580g,熱塑燙會使頭髮流失水分及蛋白質髮質容易變得乾燥本品運用頂級修復胜肽可修補髮質，因高溫及化學藥劑而產生之受損搭配賦活角蛋白及維他命B5將養分帶入髮芯由內而外維持秀髮彈力光澤延長捲度維持。,1116.0,4
7611109,妮維雅水感極護防曬凝乳70ml-抑黑透白,"NO.1德國領先防曬科技:全球NO.1防曬品牌、超過80年德國領先科研,全面防禦UVA/UVB紫外線,並能抵禦穿透力強的長波UVA,預防曬黑、曬傷、曬斑、曬老等問題",1116.0,4
8265766,蘭諾LENOR衣物抗菌芳香豆490ml-陽光森林香,72小時長效抗菌,1116.0,4
7421127,猫狗-Amo Petric沙棘果潤腳膏10ml,純天然有機植物萃取精華，溫和高效能,1116.0,4
7114952,安多精品 免洗毛巾 2入,乾淨衛生,1114.0,16
7088418,妮維雅涵氧淨白透亮卸妝水200ml-玫瑰,嚴寒極地玫瑰精萃,1113.0,7
7064235,蕊娜制汗爽身噴霧150ml-5款任選,全新蕊娜含獨特動能感應科技,1113.0,7
8114406,短篇寓言AllinOne,生動有趣的寓言故事，自然萬物都有了生命,1113.0,7
7164249,氧顏森活珍珠花阿里山玉露青春面膜3入,玉露綠茶：經由特殊綠色製程技術，通過十道嚴格工序精萃高濃度兒茶素，超強抗老維持青春彈性,1113.0,7
7253513,妮維雅止汗噴霧美白精華150ml-多款任選,5天有感美白,1113.0,7
7325825,VOLA 防風手套-素面黑 L/男款,外層防潑防風面料,1113.0,7
7325847,VOLA 防風手套-反光黑 M/女款,外層防潑防風面料,1113.0,7
8177137,蔓尼草本平衡身體乳液330ml-玫瑰,添加玫瑰果油，保濕潤澤柔嫩觸感,1113.0,7
7618781,時尚拼格棉麻風室內拖鞋-5款任選,透氣材質,1113.0,7
7426799,Jacks齒間刷L型10入-1號SSS,4973227308326,1113.0,7
7425275,有點濃高鈣牛奶片150g_原味,4711436782816,1113.0,7
7362680,獅王細潔無隱角EX牙刷2入-牙周專護,無隱角全新升級!!齒周問題對策。,1112.0,8
8088435,彼得兔竹纖毛巾-多色任選,正版比得兔授權，標籤上皆附有防偽雷射標籤,1112.0,8
7341064,待刪除-糖鼎冰糖菊花30g*7入,遵循傳統技藝手工熬煮,1112.0,8
7835419,美吾髮小蒼蘭梨萃香水沐浴露700ml,英式香浴、經典香氛,1112.0,8
7832646,GATSBY潔面濕紙巾_控油型超值包42張,4902806486742,1112.0,8
8524314,木槿花草本暖宮貼3入-綜合,45度溫泉享受10小時持續溫暖,1112.0,8
7835408,美吾髮鼠尾草海鹽沁香沐浴露700ml,高濃度玻尿酸 強效潤澤,1112.0,8
8031653,ALX-新彈力魔術褲襪-多色任選,無檔片設計:獨特加大不佳檔片的立體織法,1112.0,8
7231112,Kameria濟州島粉紅蘆薈保濕噴霧150ml,5無添加,1112.0,8
7136414,水平衡香水潤澤護髮精華油65ml-現正戀愛中,一抹柔順，瞬效滋養,1112.0,8
7602239,Curél潤浸保濕屏護力BB霜35g-自然膚色,成分溫和，使用無負擔,1112.0,2
7602241,Curél潤浸保濕屏護力BB霜35g-明亮膚色,成分溫和，使用無負擔,1112.0,2
7600226,曼秀雷敦柔光防曬飾底凝露80g-小美人魚,SPF50+/ PA++++ 最強防曬力 * (*與曼秀雷敦品牌產品相比),1107.0,3
7105717,樂扣樂扣耐熱玻璃保鮮盒/圓形/870ml/白,採用耐熱400℃玻璃材質，烹調保鮮一手包辦,1107.0,3
8581482,格力高歡樂袋著走禮盒,,1107.0,3
7620350,SOMEBYMI茶樹三酸30天奇蹟身體乳250ml,EWG green grade 認證產品,1107.0,3
7440316,順天本草芙蓉之四物養美包10入,4713469763442,1107.0,3
7048718,SHILLS很耐曬防曬冰鎮噴霧SPF50+(寶寶適用),『六大功能』：具隔離、防護、防曬、白皙、潤色、保濕的六大功能。,1107.0,3
7931773,Farcent香水胺基酸沐浴露780g_癮誘粉漾,,1107.0,3
7588650,non-no 耐穿不易破鋼絲襪-2雙入-多色任選,半透明網織「鋼絲」褲襪,1106.0,7
7122338,GATSBY強豎IN挺髮泥75g,1.就是夠IN挺，蓬鬆不黏膩,1106.0,4
7566018,INTEGRATE 光燦甜星眉眼盤限定組 (兩色可選 限量發售),載眼影、眉粉，以及打亮、鼻影和眼線色的聰明設計，一盒就能完成質感光采、自然立體的眼妝！,1106.0,2
7164134,良澔酥爆海苔-唐辛子口味36g,"嚴選大自然海域中的紫菜,",1104.0,16
7417446,日本進口NOYL髮夾-多款任選,,1104.0,16
7094904,Mosi-Out法柏天然草本驅蚊罐1入,氣味溫和不刺鼻，體積輕巧不佔空間，調整蓋設計可調整擴散強度,1104.0,8
8070968,旺昌國際 醫用成人口罩 50入,,1103.0,7
7138053,Ora2me淨澈氣息口香噴劑6ml,預防口臭、氣氛爽快,1100.0,10
7084181,瑪宣妮保濕髮妝水250ml,,1100.0,5
7432844,&honey蜂蜜亮澤修護護髮乳445g,4589546890765,1100.0,2
7432842,&honey蜂蜜亮澤修護洗髮乳440ml,4589546890758,1100.0,2
7672028,CAROME 絕不掉色極細眉筆 (多款任選),追求輕鬆描繪感的筆芯,1100.0,2
7936962,【廠商直送】Hang Ten BRATOP細肩背心2入組,柔滑舒適觸感,1100.0,2
7936957,【廠商直送】Hang Ten BRATOP坦克背心2入組,柔滑舒適觸感,1100.0,2
8226316,BOTANIST植物性夏季洗髮精490ml清爽,含清爽薄荷，可感受潔凈溫和清涼,1100.0,2
8169247,Lovita愛維他蜂膠滴液30ml,50%天然蜂膠,1100.0,2
7309262,Avene 雅漾24H保濕水凝霜 50ml(新舊包裝隨機出貨),"一瓶6效: 保濕, 澎潤, 緊緻毛孔, 透亮, 舒緩, 撫紋",1100.0,1
7341949,【即期品】CNP分子酊極潤保濕液150ml(效期:2024/11/30),"內含CNP多礦分子酊配方,使肌膚蛻變為光滑水嫩、撫平肌膚紋理的化妝水內含3種玻尿酸,能即刻地賦予粗糙肌膚水分,帶來水嫩肌膚",1100.0,1
7211557,寵愛之名全能神經醯胺角鯊化妝水150ml,高效潤澤型精華化妝水，一滴補滿細紋乾癟肌膚渴求養分與水分！,1100.0,1
7063569,大衛貝克漢同名淡香水90ml-超越經典,前 味： Mojito雞尾酒、豆蔻、葡萄柚,1099.0,1
7231339,大衛貝克漢同名淡香水75ml-天生無懼,前味:鳳梨、泥炭蘚屬、月桂葉,1099.0,1
8144641,【廠商直送】◎箱購-樂米穀場花蓮富里產初雪美姬1.5kg*6入,日本牛奶皇后改良獨特風味品種,1099.0,1
7553906,舒適水次元5刀-4刀片,"日本包裝全新上市,外盒使用100% 再生紙",1098.0,2
7900791,【廠商直送】秘之湧水美媒進化版 160ml 2瓶,礦晶離子能量加倍，再添加珍貴布列塔尼晶鹽，一次提升吸收力、保水力、續航力，成分升級、效果加倍。啟動代謝、滋養活化，立即噴立即有效，解決所有肌膚問題，促進皮膚代謝，油水平衡，保持毛孔清潔，引導保養品成分深層吸收，將水、氧、營養成分導入肌膚，直接補充肌膚所需水分，讓肌膚由內而外散發自然光澤。,1098.0,2
8608353,【廠商直送】KINYO靜音日曆掛鐘-12吋,LCD面板數位顯示日期、星期、農曆,1098.0,2
7135455,KAFEN亞希朵酸性蛋白保濕滋養霜500ml,柔順光澤Ｘ輕盈透亮Ｘ保濕鎖水,1098.0,2
7448898,絲芙蒂膠原蛋白彈力卸粧洗顏霜190g,細緻泡沫能卸除難卸彩粧及毛孔髒污，1次就能清潔乾淨,1097.0,8
8212956,CB莫蘭迪辮紋觸控雙層手套-海褐,CB經典鹿身刺繡，搭配簡約立體交織紋路，質感加倍。,1096.0,4
8585619,【廠商直送】Anna Sui綺幻飛行迷你瓶5ml,小香皆為沾式(無噴頭)，輕塗抹於頸部、手腕、耳後跟等脈搏跳動處，可散發香味。,1096.0,4
8166902,熊寶貝精油室內擴香100ml-舒適愜意,讓香氛，溫柔呵護身心，帶給你美好的療癒時光。,1095.0,5
7105930,多芬胺基酸輕盈蓬鬆潤髮乳700g(新舊包裝隨機出貨),強韌髮絲: 配方添加小分子胜肽修護因子，修護細軟扁塌髮,1095.0,5
7094841,美麗日記蘋果多酚毛孔緊緻面膜8入,主打毛孔緊緻，專攻年輕族群,1095.0,5
7403324,瑪榭高保溫保暖9分褲襪-尺寸任選,裏起毛厚地保溫，蓄熱保暖禦寒效果佳,1095.0,5
7959730,Biore GUARD抗菌沐浴慕絲草本香540ml,抗菌保濕 x 溫和慕絲質地,1095.0,5
7306984,溫和漢淨化黑頭溫感酵素凝膠30g,惱人的粗糙草莓鼻！3大秘訣一次KO清光光,1095.0,3
7278413,蒂沐蝶髮的森林浴洗髮精450g佛手柑豐盈,1/ 日本特有の樹種 明日檜木萃取,1095.0,3
7410986,待下架-【廠商直送】日式凡人歌天絲枕套床包組-雙人,舒適天絲,1095.0,1
8133016,Saborino速乾潤澤瞬效潤髮乳400ml,無需靜置等待時間，濃潤處方，瞬間修護受損髮絲！讓每天的頭髮保養更輕鬆，快速有效打造美麗秀髮。,1094.0,2
7602023,POYA抱抱米香棒33g-鮮採海苔,使用優質台灣米,1093.0,15
7114779,多芬櫻花香氛沐浴乳1000g,蘊含櫻花精華與喜馬拉雅粉鹽,1093.0,7
7055429,MEN’S Biore 深層控油洗面乳100g,源自天然竹炭吸油成分，吸附髒污、深層洗淨毛孔的皮脂污垢，長時間控油，有效改善出油肌!,1090.0,10
7434150,KANGOL男短襪-多色任選,經典時尚造型,1090.0,10
7094814,立朵舒私密潔浴露60ml-亮肌柔滑,粉嫩暗沉，粉嫩肌膚,1090.0,10
7279640,蕾妮亞輕潔抑菌0.1衛生棉7片3入25cm,輕薄瞬吸99%抑菌  瞬效淨味抑菌二合一,1090.0,10
7088652,Biore抗菌洗手慕絲280ml-自然清香,全新升級，抗菌按壓頭！,1090.0,10
8259998,瑪榭無縫抗菌提耳短襪-多色多尺寸任選,腳跟提耳設計，防磨彈性佳,1090.0,10
7134972,Udilife玩美應援衣架6入(新舊包裝隨機出貨),"上方圓弧吊掛桿：可掛領帶,皮帶",1090.0,10
7380440,澳洲Wiltshire雙面複合多用途砧板,雙面皆可使用，一面適合處理肉類，另一面適合處理蔬果或起司。,1090.0,1
7432425,曼秀雷敦Acnes藥用抗痘洗面乳100g,4719865605294,1089.0,11
8051828,日藥本舖醫用三次元柳葉口罩10入海棠橘,4713072041654,1089.0,11
7523388,Balea綠茶眼部緊緻抗皺精華素7入_綠,4010355585578,1089.0,11
7290654,潘婷高濃保濕膠囊髮膜12ml*2-輕盈水潤,,1089.0,11
7931615,日藥本舖x達特世成人醫用4D口罩櫻花粉10入,,1089.0,11
7114959,安多輕旅行 型男免洗平口褲3入,寬邊褲腰織帶 服貼度提升,1089.0,11
7063546,露得清深層淨化柔滑去角質露100g,JOHNSON'S牛奶純米潤膚乳蘊含豐富牛奶蛋白與純米精華,1089.0,11
7179307,自白肌美白熊果素激光潔顏乳100g,360度多重美白調節科技,1089.0,11
8189000,Altapharma鈣發泡錠檸檬味20錠,4305615614335,1089.0,11
8201759,寶可夢大臉珠鍊吊飾 - 多款任選,"絨毛材質 ,柔軟舒適",1089.0,11
7083530,台塑染前頭皮隔離液20g,於染前使用，能預防染劑對頭皮造成之刺激與傷害，提高頭皮肌膚之抗氧化能力與保濕度，降低頭皮不適感。,1089.0,11
7426590,日本獅王浸透護齦EX牙膏_溫和草本,4903301101833,1089.0,11
7265359,日本獅王NONIO口氣淨涼噴劑5ml-澄橘薄荷,隨時滋潤口腔，幫助淨化口臭,1089.0,11
7114956,安多精品 免洗浴巾1入,乾淨衛生,1088.0,12
8276738,Za新魔睫一刷驚艷睫毛膏(溫水可卸型),Za新魔睫：一刷驚艷睫毛膏，實現濃密、纖長、根根分明3效合一，大眼速現!,1088.0,4
7425718,KISSME專屬型色眉彩膏8g_08霧灰棕,4713268274545,1088.0,4
8153119,【廠商直送】D’s PROSSA 日本減壓自在蠶絲超軟鋼圈內衣,伸縮彈性材質 合身舒適,1088.0,1
7055428,Biore 水嫩亮澤洗顏慕絲 更替瓶 160ml,溫柔包覆溶解髒污，深入洗淨毛孔，同時留住肌膚關鍵水分,1085.0,7
7091868,UCC冠軍監修甘醇橙香濾掛咖啡10g*10入,由世界盃虹吸咖啡⼤賽冠軍調配,1085.0,5
8065917,麗仕柔亮修護洗髮乳750g-2022版,全新設計 奢寵秀髮 保濕修護髮絲,1085.0,5
7580723,SKB復古按動鋼珠筆 G-1202-6色組,復古色系與按鍵式出芯設計，使鋼珠筆時尚、好書寫!,1083.0,19
7426357,哈嘍24h_酒精擦濕紙巾20抽,4710898900219,1080.0,24
7271358,小林蜂蜜檸檬餅256g,嚴選蜜蜂工坊蜂蜜添加,1080.0,9
7222114,樂扣樂扣輕鬆手提 PET 冷水壺1.5L-白,輕巧透明的PET環保無毒材質,1080.0,8
7087768,歐森好立善鈣+D3發泡錠20錠,相當於兩杯牛奶鈣含量(500mg)，輕鬆補鈣，不擔心乳糖不耐症困擾! 維生素D3促進鈣吸收，助骨骼與牙齒生長發育，有效幫助長者與孩童。,1080.0,6
7433358,BANDA蠟筆小新入浴球Ⅲ75g,4549660081487,1080.0,6
7146238,用心杏仁奶利樂包200ml*6入,嚴選整顆杏仁現磨，杏仁中含有不飽和脂肪酸、蛋白質、維生素、礦物質,1080.0,6
7433226,日本芮芙茹零矽靈養護洗髮精_頭皮保養500ml,4560314703388,1080.0,4
7414977,Lilybyred 持久捲翹睫毛膏,創新的空氣球塗層設計，可在塗勻後立即固定並修復，從而將最初的色捲翹固定到末端。,1080.0,4
7832697,武田愛喜C500mg加鈣60錠,4714504110641,1080.0,3
8490606,獅子寶寶嬰幼2in1洗髮沐浴泡泡露500ml,0~3歲小童再升級，金盞花舒緩保濕系列，嬰幼兒2in1洗髮沐浴泡泡露,1080.0,3
8616402,EDGEU凝膠美甲貼-設計款317 CHEWY PUDDING,半月形藝術,1080.0,2
8214817,NOTORIOUS綜合B群x維生素90顆,選用全天然原料，專利藜麥B群、胡蘿蔔A、西印度櫻桃C、蘑菇D、納豆菌發酵K提供來自原態食物的優質維生素；專利深層海水濃縮粉及紅藻萃取物蘊藏海洋礦物元素，一日三顆完善營養補給,1080.0,1
7143826,WOW!恐龍來了新版,本產品以立體劇場的方式重現恐龍的風采，藉由立體劇場、恐龍小知識的介紹，幫助孩子了解恐龍的外形、特徵和生長環境。,1080.0,1
7956849,百洛身體乳液175ml雙效組,打造絲滑牛奶肌,1080.0,1
7697912,【廠商直送】歌林雙層316不銹鋼快煮壺KPK-MN2021,壺膽、內蓋採用醫療級SUS#316不銹鋼材質。,1080.0,1
7732107,【廠商直送】Ladoore蕾朵兒 熱情艾蜜莉絲柔蕾絲睡袍,・L'adoore 熱情艾蜜莉 極致寵愛絲柔蕾絲睡袍 早晨陽光灑落床沿 一頭微亂的髮絲 慵懶的起身 跟著蕾朵兒內衣體驗妳的專屬寵愛,1080.0,1
7105771,薇佳微晶3D全能眼霜15g,清爽無油質地,1080.0,1
7563571,【廠商直送】sNug給足呵護-休閒短筒除臭襪-棗紅-三雙入(多尺寸任選),健康無毒,1080.0,1
7563567,【廠商直送】sNug給足呵護-休閒短筒除臭襪-紅藍-三雙入(多尺寸任選),健康無毒,1080.0,1
7971325,CNP膠原玻尿酸彈力密度精華組,含有CNP嚴選玻尿酸與膠原蛋白、具有細紋改善的機能性成分-腺苷，,1080.0,1
7989524,【廠商直送】sNug-柴語錄聯名除臭襪-三雙入-多尺寸任選,健康無毒,1080.0,1
8022264,TRUU 琥珀酸喚膚粉刺泥膜120g,,1080.0,1
7658317,A.P雨傘船錨運動印花針織平口褲,100%棉質地輕柔光滑,1079.0,6
7443833,A.P雨傘運動印花針織平口褲-滿版黑,精製腰帶柔軟舒適無勒痕,1079.0,6
7271356,有賀-韓式竹鹽海苔5g*3包,嚴選生長環境佳的海菜,1078.0,22
7055346,樂品隨身包化妝棉70枚*6入 (包裝隨機出貨),特殊壓紋，有效清除毛孔髒污及老廢角質,1078.0,22
7633429,PERFECT香氛擴香補充瓶100ml-多款任選,"本產品為補充液,內附新的擴香棒,全新配方香味更強,持續散發4-6週,散發效果佳,讓室內空間持續芳香.",1078.0,12
8198377,【廠商直送】Avier-COLORMIXPD3.0雙孔電供器 - 多色任選,單孔輸出 30W 大功率，輕薄筆電也能用,1078.0,2
7376685,Relove私密胺基酸潔淨凝露120ml,"添加高等級胺基酸屬於植物性弱酸清潔,能給私密肌膚清爽的洗淨以及保濕日本獨家紅柿萃取,可抗私密處的異味",1078.0,2
7406315,優倍多A+五味子B群複方軟膠囊60粒,"B群+礦物質等20種營養成份,",1078.0,2
7214308,舒芙仕女除毛刀片(乾燥肌用)-乳木果油 (新舊包裝隨機),獨特潤膚皂,1077.0,3
8144669,魅尚萱完美造型持久潤髮乳680ml,補充營養、光澤、保濕,1077.0,3
8143773,魅尚萱完美深層修護潤髮乳680ml,極度損傷髮也能變得柔軟光澤,1077.0,3
7140180,台塑豐盈喚黑護髮素250g,洗髮後濕髮抹於髮絲及頭皮，幫助頭皮代謝調理,1077.0,3
7376681,Relove私密衣物手洗精220ml-柔情,"天然植萃配方,低敏不傷手及私密衣物,輕鬆洗淨無負擔",1077.0,3
7224718,橘之屋-多功能刨蔬果器,附有3款切片刀；3款刨絲刀；1片花型切片；1片磨蓉磨漿。,1077.0,3
7307876,施華蔻怡然植萃染髮霜 3.0經典黑棕,人蔘精華 呵護頭皮,1077.0,3
7507576,多芬植萃石榴防斷修護洗髮露470g,強韌髮 ·受損易斷髮質適用,1076.0,4
7044478,上山採藥茶樹抗痘疑膠 20g,含IPMP抗菌成份,1076.0,4
7339419,身體幻想-幸福花嫁香氛噴霧94ml,前味:蘋果花、克里邁丁紅橘、覆盆子,1076.0,4
7488163,1028 野罌粟絨霧輕唇釉,頂級絲絨緞霧質地，如雲朵般輕盈貼合唇瓣不乾不黏，舒適綻色。,1076.0,4
7053420,自白肌微分子玻尿酸保濕修護精華水250ml,獨家成分CPAQUA™ X 微分子精準高滲透科技，使肌膚煥發年輕光采,1076.0,4
7105851,多芬日本植萃蜂蜜輕盈柔亮潤髮乳500g,100%天然由來的植物精華油配合,1076.0,4
7665748,CINQUAIN思珂 微醺緋紅唇頰露(番茄漿果/伯爵奶茶),顯色滑順零乾紋,1076.0,4
8223240,CINQUAIN思珂 3D極細仿真毛流水眉筆(4色任選),防水抗汗，持久不暈染~,1076.0,4
7559962,淨 日本專業養護洗髮露370g-蓬鬆水潤,毛髪科学と皮膚科学の融合,1076.0,4
7619130,雙調室內外拖鞋-多款任選,時尚設計,1075.0,5
8185659,點胭脂台灣山櫻大福型斜切美妝蛋3入組 贈清潔劑 (包裝樣式隨機出貨),• 點胭脂透過原生系列，讓您看見台灣的特有原生花卉,1075.0,2
7773245,我的心機防曬噴霧SPF50 90ml-香氛亮白,台灣法定最高規格SPF50PA++++,1074.0,6
7260440,熊寶貝香氛室內擴香100ml-多款任選,蘊含天然植萃精油,1074.0,6
8024427,廣源良絲瓜保濕活膚霜100ML,,1074.0,6
7088364,妮維雅 止汗爽身噴霧150ml-美白系列,DryPlus雙重止汗配方,1074.0,6
7375193,淺履素面襪套3入-膚,止滑膠不易掉跟,1074.0,6
7111865,卡樂芙漾彩護色控油洗髮精540ml,AC ColorplexPF護色成分大升級髮色更持久,1074.0,6
7323107,Lumina A24雙功能基礎粉底刷,1.極細纖維刷毛，緊密而柔韌性佳，使妝感均勻透亮。,1074.0,6
7083969,絲蘊無矽靈水潤02潤髮乳750ml,蘊含高保濕透明質酸因子,1074.0,6
7319507,櫻花馬克杯350ml-白(內彩粉),圖案可愛,1074.0,6
8552426,LINEFRIENDS點心變裝公仔鑰匙圈盲盒,商品為盲盒隨機1款出貨，恕無法挑選款式,1074.0,6
7224491,無縫蕾絲邊小可愛,,1074.0,6
7931483,P&G_Bold衣物柔軟4D洗衣膠球花香22P補,,1074.0,6
8542779,盒玩公仔-卡娜赫拉的小動物-甜點時光-6入,共推出以下六款可愛的甜點款式,1074.0,1
7137583,INTEGRATE 透潤柔光粉底凍Hello Kitty 限定版,超可愛的Hello Kitty限量版,1072.0,2
7325814,勁威衛生套24入-超薄型,衛署醫器輸字第012919號,1071.0,9
7415411,雪蕾兒 純棉提臀三角褲,"質地細柔,純棉提臀褲",1071.0,9
7222106,樂扣樂扣PP經典水杯690ml-莫蘭迪綠,安全無毒 不含塑化劑、雙酚A,1071.0,9
7385084,琨蒂絲高密度彈性半統襪6入-多色任選,"琨蒂絲高密度彈性半統襪,襪身細緻緊實服貼又好穿",1071.0,9
7751753,dejavu 凝睫捲翹定型睫毛膏 (黑色),凝水聚合體將導致睫毛下垂的水分減量，提高薄膜纖維的附著力,1071.0,3
8200962,氧顏森活鳶尾花日月潭紅玉抗痕面膜2入,適合有細紋、想改善老化痕跡肌膚,1070.0,6
7800957,LuLuLun面膜升級款7入-高效保濕,1.添加保水力絕佳的高效成分,1070.0,5
7049873,澳佳寶B + C /60's,一錠補足活力防護力,1070.0,2
7122818,ACE SUPER KIDS機能Q 14入-維他命D,100%無添加人工色素、人工香料、防腐劑,1069.0,9
8137488,美琪抗菌沐浴乳補充包600ml白麝香,質感白麝香，佐浪漫清新植物香氣,1068.0,12
7278433,麗仕絲蛋白精華沐浴乳補充包650ml-水嫩柔膚,LUX麗仕柔膚香氛沐浴乳 水嫩柔膚,1068.0,12
7558749,百濟蠟筆小新海苔酥50g-什錦海鮮,來自韓國老字號海苔,1068.0,12
8050832,獅子寶寶精油防蚊貼12片(新舊包裝隨機出貨),嬰幼兒及成人皆適用,1068.0,12
7090132,DARLIE好來幻彩摩力牙刷3入+3入,•  摩力潔舌器，有助於去除舌頭上引起口腔異味的細菌,1068.0,12
7426687,日本獅王固齒佳珍珠亮白牙膏_柑橘薄荷130g,4903301205760,1068.0,12
7240644,1/2男女運動氣墊襪3雙入-多款任選,運動氣墊 舒適好穿,1068.0,12
7105168,雅絨平版自黏髮帶-4款任選,固定瀏海，方便在卸妝、洗臉時使用,1068.0,12
7469197,KISSME花漾美姬細睫控360°零死角睫毛膏,★ 3.9mm三角極細刷頭,1068.0,3
7581257,樂品韓版KF94四層成人口罩9入-莫蘭迪3色,獨立呼吸空間,1067.0,13
7078001,前田製果乳球燒果子,日本原裝進口,1066.0,13
7263822,媚點 優雅柔光頰彩PK-03,自然高雅，優雅柔光腮紅；無須技巧，打造自然紅潤感,1065.0,5
7229838,高絲涵萃潤肌精卸粧油145ml,精選3種和漢植淬油，輕鬆卸除彩粧及髒污,1065.0,5
7419420,待下架-【廠商直送】日式天絲涼被5X6.5尺-邂逅-灰,舒適涼被,1065.0,1
8504370,#1028 幼咪咪化妝棉-40入,雙面雙效，保養/清潔一棉兩用。,1064.0,14
8283065,古寶無患子沐浴精華露600g白茶椿花,搭配來自法國的有機茉莉純露與有機綠茶萃取，調理肌膚，使清爽潔淨感。特別添加抗菌成份CHG，徹底洗淨並於肌膚上形成保護膜。含積雪草萃取，舒緩調理肌膚，肌膚洗淨不緊繃。清新白茶香氣，溫柔泡泡包覆著每一寸肌膚，讓您洗淨同時宛如身處在白茶園採收前的寧靜的美,1064.0,6
7105467,CIELO宣若EX染髮霜-5RU深紫棕,簡單一按，不用攪拌，淡雅香味不刺鼻,1064.0,3
7522420,Solone螺旋兩用耳扒,螺旋端360度設計全面清潔，人體工學好握省力設計。,1062.0,18
7105915,威拂超保水濕拖巾清新花香-12枚,雙集塵網:富含水份的雙集塵網，好推小小力，輕鬆抓取灰塵毛髮與餅乾屑，食漬也簡單清除。,1062.0,18
7596809,韓國卡通食物中筒襪-多色任選,可愛必備,1062.0,18
7952872,樂品無染壓縮毛巾8入x2包,通過SGS檢驗無螢光，安心使用,1062.0,9
7984128,Solone柔嫩滋養護手霜 (多款任選),,1062.0,9
7426633,me淨白清新漱口水460ml-白茶花香,4901616010956,1060.0,4
8212600,【廠商直送】THE LOEL皮革保養乳液200ml,一鍵按蓋式設計，使用方便,1060.0,4
7809092,【廠商直送】VIIDA｜Joy便攜式矽膠圍兜 - 動物款I任選,大口袋設計，用餐食物不漏接！,1060.0,2
7931709,Sana豆乳美肌緊緻潤澤妝前乳50g,,1059.0,3
7122820,ACE SUPER KIDS機能Q 14入-33e益生菌,100%無添加人工色素、人工香料、防腐劑,1058.0,9
7633563,【廠商直送】康朵衣物快速去漬噴霧220ml*3瓶,▲衣服、羽絨衣、鞋子皆可使用，一瓶多用,1058.0,2
7636544,【廠商直送】奇檬子洗衣膠球44顆*2包-粉戀花香,‧潔淨、柔護、除臭、抗菌、香氛五效合一,1058.0,2
7636976,【廠商直送】康朵五合一洗衣膠囊20顆*3盒-英國梨小蒼蘭,潔淨、柔護、除臭、抗菌、香氛五效合一,1058.0,2
7993497,凱蒂娃娃 魔法嫩白防曬乳138ml,適用於全身，防潑水，SPF50 PA+++提供紫外線防護，塗抹後立即提亮您的皮膚。無論您從事室內或戶外活動，都不會粘膩。,1058.0,2
7522453,Solone絕對上色雙頭眼影棒/6入,極佳沾粉、釋粉力，使眼影飽和、顏色分明，打造迷人眼彩。,1056.0,22
7576893,綠貝316不銹鋼隔熱白金碗-多款任選,頂級316不鏽鋼，抗鏽耐酸鹼,1055.0,5
7426436,布丁狗_純水柔濕巾70抽,4715664507715,1053.0,27
7298743,AttackZERO超濃縮噴槍洗衣凝露400g,"0異味*:日本研發抗菌因子,有效抑制異味菌生成,達到小時室內晾衣防臭效果",1053.0,7
8209702,Mine Acc. x ARTiS 指甲油 (MA系列),與人氣飾品品牌Mine Accessory聯名,1050.0,7
8210515,ARTiS di Voce 濃厚型上層指甲油,裸膚粉底:適合不同膚色的人使用,1050.0,7
7097339,天仁茗茶烏龍茶100入,純天然飲品,1050.0,7
8200986,氧顏森活玫瑰美人茶多酚保濕面膜2入,適合缺水、乾燥肌膚,1050.0,7
7055412,Biore 高防曬乳液 SPF48 50ml,加強隔離強烈紫外線UV-A和UV-B,1050.0,7
8236994,銳偵家用新冠肺炎抗原快速檢測試劑1入,,1050.0,7
7223271,舒柔仕女輕便刀敏感肌用3入,潤滑條加蘆薈及維他命E,1050.0,6
8487912,【團購】一匙靈抗菌EX植萃低敏洗衣精瓶裝2.4kg(預計出貨日1/11),超越日曬等級 99.9%除菌力,1050.0,6
7140126,HELLO BUBBLE泡沫染髮劑-8O日落橙,韓國流行時尚大勢髮色,1050.0,5
7341953,CNP粉刺分手極凈鼻膜組3入,無痛式和惱人粉刺徹底分手!,1050.0,3
7094449,I DEW CARE冰淇淋面膜100g-水水面膜蛋糕,史上最高效水洗式面膜,1050.0,3
7085567,典雅玩色女用拉鍊長夾-3款任選,愛心流蘇拉頭甜美風格多功能性夾層滿足收納需求特製晶鑽愛心鑲崁、My Beauty典雅設計,1050.0,3
7436109,Za潮色邂逅唇彩3.6g柔霧款_OR520,4531632456829,1050.0,3
8246960,雨之情防曬輕鋁威風折傘(2色可選),威風折傘，滿足你晴雨天需求,1050.0,3
8585786,待刪除-【廠商直送】TIGI提碁 (新)霧髮纖 57g,蜂蠟配製創造紋理感,1050.0,2
7436654,萬特力護具高透氣型膝部M,4987067477609,1050.0,2
8568560,【預購】雅詩蘭黛年輕無敵膠原霜5ml_3入,9200000000715,1050.0,1
8064209,【廠商直送】RICO baby抗菌濕紙巾20抽*15入/箱,通過5種殺菌能力測試,1049.0,1
8543964,妖制 透氣粉撲 (三入組),全款式乾濕兩用 打濕使用底,1047.0,9
7049844,Mdmmd.B5珍珠玻尿酸沐浴乳655g-3款任選,深度清潔抗菌-調理肌膚，暢通毛孔，去除多餘油脂,1047.0,3
7170667,舒妃型色家植萃護髮染髮霜-4/0植柔自然黑褐,完美遮蓋-專為灰白髮設計,1047.0,3
7818614,舒妃型色家 植萃添加護髮染髮霜-4/0自然黑褐,完美染護‧出色持久‧不乾澀,1047.0,3
8544922,媚比琳 煙燻柔霧奶霜唇膏_煙燻木質裸色,全新特調煙燻木質裸色系！,1047.0,3
7404203,ECONECO 繪子貓夢幻馬戲團玩偶吊飾-緞帶Unita,4549549885120,1047.0,3
7432290,Purevivi日本金賞皇后卸妝水500ml,4580397175001,1047.0,3
7309410,OMORY-304寬底把手杯420ML附匙-綠色,˙霧面質感杯身，簡約時尚。,1046.0,4
7278928,高露潔纖柔牙刷4入,溫和潔淨 不傷牙齦,1045.0,11
7979580,OMORY小香風輕奢收納面紙盒-酪梨綠,抽取面紙方便，節省空間。,1045.0,5
8234342,SUNLIFE森萊富B群+電解質發泡錠20錠,符合歐盟規範，安心有保障!,1045.0,5
7214310,舒柔仕女除毛刀片2入,浮動刀頭設計,1045.0,5
8534265,日本WashLab泡沫式廚房清潔劑400ml,日本原裝進口,1045.0,5
7230580,Comefree冰熱兩用敷袋(6吋-小)CF9986-(顏色隨機出貨),冰溫兩用敷袋採用特殊防水材質，觸感舒適,1045.0,5
7122330,Lucido-L摩洛哥護髮精華乳150g,1.濃厚的密集修護,1045.0,5
7907914,【廠商直送】PROFUSION 比佛利系列 經典晚宴20色附鏡眼影盤,Profusion經典千鳥紋外觀，獨一無二絕美設計精選20色絲絨霧面及金屬珠光質地，迷人的千鳥紋造型展現高雅的名媛氣質。,1045.0,4
8081902,【廠商直送】Tsuvimi 姿慧美 彩妝組合 Q21夏日日常,Q21 夏日日常 彩妝5件組,1045.0,1
7088392,妮維雅止汗爽身乳液 舒敏系列50ml,無香味,1043.0,7
7478443,角落小夥伴女童彈性內褲2入,手感柔順、透氣吸汗,1043.0,7
8013151,韓國燒肉剪,ABS手柄，輕便方便使用,1043.0,7
8248737,溫太醫一條根貼布6入-葡萄糖胺,"採用草本植物配方,不易過敏,低不良反應。",1043.0,7
7097858,舒妃抹茶櫻花固色護髮膜240ml,減緩染後顏色脫落的速度,1043.0,7
7083534,NAIRIA沙龍級毛鱗片修護護髮霜1000ml,富含髮絲所需要的營養,1043.0,7
8507116,我的心機薰衣草精油臉部去角質凝膠100ml,搭配薰衣草精油，可舒緩肌膚同時放鬆，同時使用天然珍珠岩，溫和去除老廢角質。,1043.0,7
7404075,COSMETEX 甜酒小町 酒粕米糠護手乳80g,4936201102259,1043.0,7
7083535,NAIRIA沙龍級染髮受損護髮霜1000ml,"適合長期染燙髮導致髮質受損, 富含有效的脂肪酸",1043.0,7
7105321,舒芙蕾 涼感蠶絲貼合內褲,天然蠶絲 褲底採100%天然蠶絲 ， 富含18種胺基酸 ， 親近肌膚,1043.0,7
7707809,PlayBoy靚色緞條刺繡毛巾2入組,純棉材質(使用美國棉)，優等材質.柔軟好吸水,1043.0,7
7590638,non-no 竹炭毛巾-3入,,1043.0,7
7598710,韓國迪士尼麻吉人物中筒襪-多色任選,卡通必備,1040.0,16
7310323,刷樂超細滑潔舌牙線棒單支量販包96支入,"單支單包裝,衛生好攜帶",1040.0,8
7812110,Curel潤浸保濕隔離防曬乳霜30g-臉部用,純物理性防曬,1040.0,2
8542676,KD浴室強效制菌防霉清潔劑300ml,不含氯卻具有效清潔力,1040.0,2
7094905,日本金鳥防蚊掛片150日,金鳥獨家專利的3D立體交叉網，能發揮安定長期的驅蚊效果,1040.0,2
8214744,iroha依柔華私密沐浴乳150ml-泡沫型,泡沫型弱酸性「iroha INTIMATE WASH 依柔華私密沐浴乳」一次按壓就能產生澎軟細膩的泡沫，一邊吸附污垢一邊溫柔洗淨。,1040.0,2
8245817,【廠商直送】露奇亞蔓越莓益生菌20入2盒,體內菌群酸鹼平衡，維持私密健康,1040.0,1
7751103,絲蘊極致透感染髮系列165ml-霧感冷灰A01,1. 日本同步,1036.0,4
7751105,絲蘊極致透感染髮系列165ml-亞麻奶茶G01,1. 日本同步,1036.0,4
7105909,麗仕髮補給營養胺基酸深層修護髮膜170g,添加營養胺基酸，又稱離胺酸，能自動偵測受損分叉的髮尾並滲入髮芯,1036.0,4
8494238,絲蘊極潤修護髮膜200ml山茶花油,輕薄髮霜質地、花果調香溫暖愉悅、山茶花萃取高純度美容液，有感修護髮絲、撫平毛躁,1036.0,4
8119569,SHIANG SHIANG淡香精10ml-多款任選(1-8號),,1036.0,4
7601991,格力高Pejoy百醇甜心棒39g-多款任選,Pejoy 酥脆棒餅內注入奶油黑餅乾、抹茶拿鐵、巧克力風味的甜心棒,1035.0,33
8088066,彼得兔晶緞童巾-多色任選,正版比得兔授權，標籤上皆附有防偽雷射標籤,1035.0,15
7427347,紀陽除蟲菊-日製防黴洗衣槽清潔劑100g,4971902070797,1035.0,15
7297308,Kesho乾濕兩用卸妝巾110抽,外出攜帶方便,1035.0,15
7432205,Shikioriori紅椿花潤髮乳補充包450ml,4513574006430,1035.0,15
7441110,台鹽鹹淨固齒牙膏150g,補鈣健齒,1035.0,15
7931786,牛乳石鹼Milky牛乳精華沐浴乳補充玫瑰400ml,百年來堅持溫和品質的牛乳石鹼所推出的「香皂配方沐浴乳」，,1035.0,15
7426327,舒潔女性專用濕式衛生紙10抽_3包,4710114814542,1035.0,15
7224282,瑪榭隱形足弓機能襪M-多色任選,透氣網設計、舒適不悶熱,1035.0,15
8243124,DARLIE好來抗敏感牙膏120g-牙齦護理,含PNS抗敏感活性成分，為全球牙醫普遍使用。,1035.0,13
7099634,涼感船襪3雙入-米白／膚／梅粉,涼感纖維,1035.0,9
7108464,3M魔布廚房擦拭布,魔布纖維，可刮起並抓住油汚，不會愈擦愈油，交叉汙染,1035.0,9
7787277,VOLA  消臭1/2襪2雙入 運動 19-21CM-2色任選,瑞士抗菌除臭紗,1035.0,9
7278927,高露潔高密細絲備長炭牙刷3入,"備長炭刷毛 ,幫助去除口腔細菌,保護牙齦健康",1032.0,8
7059963,韓國isLeaf蘆薈保濕凝凍300ml,凝凍清涼質地可舒緩肌膚曬後泛紅,1032.0,8
7265723,GATSBY長效控油洗面乳130g,極限控油 給你極上乾爽肌,1032.0,8
8235372,我的心機保濕水嫩臉部去角質凝膠120ml,添加海洋能量海藻萃取，搭配維生素B5和薄荷萃取,1032.0,8
7105609,洗臉專用方巾(3入)台灣製,針對洗臉臉部尺寸有修正更小條好使用,1032.0,8
7088424,妮維雅男士深極炭極淨控油潔面泥150ml,極致炭綿密泡沫深入肌裡、加倍清潔有效吸除毛孔髒污與油光,1032.0,8
8245722,驚吸水極薄加長毛巾-多色任選,台灣製造、極薄速乾,1032.0,8
7365896,VOLA　180D雕空褲襪-黑,雙面雕空開檔,1032.0,8
7073621,Kameria足足稱奇去皮嫩足膜-洋甘菊,襪套式的輕便設計，不用搓，不用刮，輕鬆去除腳部老廢角質，呈現細皮嫩膚的蛋白美足。,1032.0,8
7591590,Farcent香水居家香膏150g-多款任選,,1032.0,8
7432812,ITO_洗臉巾,4573267336961,1032.0,4
8213615,【廠商直送】Catchmop多用途神奇厚海綿,專利新概念清潔海綿,1032.0,4
7309453,Tryall全分離乳清蛋白35g-芋頭牛奶,"市場最高蛋白質含量 ,每包含有 28g 蛋白質",1030.0,21
8186691,複合纖維羊毛1/2襪-L-多色任選,彈性襪口不勒腳,1027.0,13
7958559,我的心機溫和極淨眼唇卸妝棉30抽,水感低摩擦配方 × 溫和親膚布材 × 高效不熏眼卸妝,1027.0,13
7973177,瑪榭運動條紋1/3襪-多色多尺寸任選,三條天然棉紗，更加吸汗耐穿,1027.0,13
8020844,旺昌 3D立體醫用口罩 小臉 MIT 雙鋼印 10入,,1027.0,13
8094286,【廠商直送】Style格調-2.4米X型三桿伸縮附輪曬衣架,加厚板折疊臂,1025.0,1
7099575,珂潤Curel 潤浸保濕輕質卸粧油 150ml,溫和高延展輕油質地，完美調和比例配方，能快速融合彩妝，不須過度搓揉即可輕鬆卸除防水睫毛膏，減少摩擦與肌膚拉扯。,1024.0,2
8245885,【廠商直送】露奇亞鋅酵母膠原蛋白粉30入,2021 世界品質評鑑大賞銀獎,1024.0,1
8218938,韓國isLeaf抗菌洗手慕斯500ml甜百合,,1021.0,9
7426914,ECONECO A5筆記本 Lily&Unita,6100000000111,1020.0,17
7274569,凱婷 護甲除光液 N,徹底清除指甲油，卸除之後，指甲不會變白,1020.0,10
7090938,Za粧自然無瑕粉餅EX粉盒,可裝Za粉餅的小奶油色粉盒，素雅又可愛。,1020.0,6
8119092,1028 ARTISAN 局部定妝刷 F14,柔軟窄圓弧刷毛，密度適中富有彈力，適用小面積腮紅、打亮以及眼下定妝。,1020.0,4
8278921,Za純淨保濕卸粧水300ml,富含玻尿酸保濕成分,1020.0,4
7757385,UNO完效男人抗UV醒膚凍80g-a,全新升級活膚配方,1020.0,3
7231389,SOFINA透美顏卸妝露 200ml,尤加利菁華保濕成分,1020.0,3
7432514,Melano-CC高純度維他命C美白化粧水170ml,4719865609667,1017.0,3
7091861,OTTOGI韓國不倒翁100%純芝麻油350ml,無任何添加健康美味,1017.0,3
7404046,Lishan櫻花馬油保濕沐浴乳500mL,4582425687210,1017.0,3
7565513,莉婕頂級透亮光感染髮霜-0B熱情光亮米棕,獨家光影雙色調色技術，讓髮色在光影下呈現不同變化,1017.0,3
8121489,日本名湯溫泉粉30g*14包-溫泉通,嚴選湯感，模擬名湯的色香成分,1017.0,3
7510700,Perfect專科完美面膜7片-2款任選,添加蠶絲蛋白保濕精華、珍珠精華、雙重玻尿酸保濕，提亮乾燥暗沉肌。,1017.0,3
7329136,Mdmmd.防曬控油氣墊蜜粉,SPF25★★高防護力,1017.0,3
7114723,SuKin經典泡沫潔面露125ml,洋甘菊與金縷梅的完美組合給肌膚溫和的潔面享受,1017.0,3
8552456,舒適極SalonPlus亮顏修容刀-敏感肌用,30~45°重現專業的除毛角度，減輕肌膚負擔，帶來滑順的除毛體驗。,1017.0,3
7114722,SuKin經典基礎保濕乳液125ml,質地輕盈好吸收的保濕滋養面霜,1017.0,3
7114725,SuKin經典臉部活力角質調理霜125ml,選用大自然竹子和核桃殼來去除臉部角質和雜質同時添加玫瑰果溫和修護肌膚,1017.0,3
7599983,米森KOMAX聯名-TRITAN水瓶430ML-多款任選,韓國製造 made in Korea,1017.0,3
7977931,Solone榛果訂製扇形提亮刷/AC06,,1015.0,7
7125485,美吾髮快速護髮染髮霜-5號深栗,"食品級植萃成分, 4倍植護科技, 維護頭皮健康",1015.0,5
7042114,MEKO 迷霧印記絲絨唇頰慕斯(共6色),唇頰兩用 自然持妝,1015.0,5
7271552,VOLA 30D全彈短統襪-黑,寬口設計 舒適壓力包覆腿部,1014.0,26
7372465,BEYOND CHIPS薄燒脆片50g-多款任選,呈現出麵包原來的純香以及的清脆口感帶出溫和的甜味,1014.0,26
8022056,EMO-除濕王乾燥劑+炭 100gx3,,1014.0,26
7095199,Mdmmd.超吸力透氣護墊34片15cm,清新花果香去除異味再升級,1014.0,13
7105150,10cm鯊魚夾(6入)-3款任選,日常必備,1014.0,13
7103807,正韓O束不夾髮絲2入-8款任選,質量優良,1014.0,13
7698009,CINQUAIN思珂 零修圖一筆遮天遮瑕筆(明亮色/自然色),修飾黑眼圈、泛紅、斑點、痘疤,1014.0,6
7108556,嬌生pH5.5蜂蜜舒緩沐浴乳750ml,pH5.5的親膚平衡配方，酸鹼值更接近健康肌膚，能保護肌膚表層微酸皮脂膜，自然留住肌膚裡的水嫩，讓沐浴後的肌膚好舒服，好柔細。,1014.0,6
8153107,NAILTONE 持久引力指甲油 (多款任選),新導入4種頂級維他命營養補充，維他命H（美甲修護）、 維他命F（營養補給）、維他命B5（預防乾燥）、維他命E（抗氧化）。,1014.0,6
7260597,雪曼妮糖果壓縮敷面膜-65枚,縲縈棉壓縮製作,1014.0,6
7937676,艾森絲香蕉定妝鬆粉,香蕉蜜粉餅出姊妹款~鬆粉來囉!,1014.0,6
7832901,碧菲絲特保濕碳酸泡洗顏180g,4902806460513,1014.0,6
8084762,好自在熊抱安睡量多夜用10片2入360mm,1. 超吸透氣，升級防漏超安睡,1014.0,6
8488360,【團購】lavera緊急修復護手霜75ml-乾燥肌(預計出貨日1/11),改善皮膚粗糙,1014.0,6
7278926,高露潔高分子超彈極淨牙刷2入,"TPU 高分子材質刷毛, 彈性材質,可減輕對牙齦壓力",1014.0,6
7690032,棉花共和國 CR 抗菌涼感囊袋平口褲,設計織帶 外露也時尚好型不勒肉,1014.0,6
7518917,寶可夢男童四角褲2入,好穿舒適,1014.0,6
7595491,Lumina瞬吸乾髮帽,1. 材質柔軟，吸水快速，給洗後的頭髮溫柔呵護。,1014.0,6
7142631,方形3D加厚洗衣袋-特大(40*50cm),用三層極厚網布，洗衣多層保護,1012.0,8
7681944,Solone精巧飛翹睫毛夾-EC38,,1010.0,10
8006878,LG喜馬拉雅粉晶鹽漱口水320ml-花香薄荷,刷牙後使用LG喜馬拉雅粉晶鹽漱口水，有助預防牙齦問題；含喜馬拉雅山粉晶鹽成分，唇齒間留下複合花香與舒爽薄荷香氣，口感溫和，清新宜人。,1009.0,11
8036069,orionjako韓國海苔12入-嚴選味付,小包裝攜帶方便,1008.0,8
7357778,withshyan指甲軟化劑,"去除指甲根部皮膚殘留物,可保養及美甲用,不含精油,配合紅寶石指甲推棒效果更好",1008.0,7
8212580,【廠商直送】THE LOEL七彩夜燈斜角加濕器棉芯6入裝,適用HF-01,1008.0,6
7042112,MEKO 唇萃護唇膏(共2色),散發淡淡莓果香氣,1008.0,6
7718260,點胭脂 台灣山櫻－美妝蛋(大福型大斜切面)(盒),• 點胭脂透過原生系列，讓您看見台灣的特有原生花卉,1008.0,6
7089140,海倫仙度絲去屑洗髮乳750ml-絲滑柔順(新舊包裝隨機出貨),去屑:配方給你去屑保護,1006.0,4
7687717,SANA豆乳美肌濃潤洗面乳150g,蓬柔泡沫深入潔淨毛孔，洗淨後不緊繃，展現清爽柔滑的素顏美肌。,1005.0,4
7836795,依必朗抗菌濕紙巾10抽x3包-淡雅,100％純水，不含酒精及螢光劑，質純溫和，帶給您如清水洗過般的潔淨感受。,1003.0,17
8187524,超消臭全導氣網1/2襪-L-多色任選,360度全導氣透氣網,1003.0,17
7427263,Cucute超濃縮洗碗凝露_白葡萄柚240ml,4901301288561,1003.0,17
7426358,哈嘍24h_酒精擦濕紙巾50抽_加蓋,4710898900516,1000.0,20
7097349,優雅食點心條餅分享包37g*4入,香脆條餅歡樂分享包亮相,1000.0,10
7513355,蜂王橄欖油滋養皂100g*3入,蜂蜜燕麥舒緩皂-添加蜂蜜、天然燕麥顆粒與多重植物精油等滋養成分，在溫和去角質的同時，也能輕柔呵護肌膚，讓肌膚擁有光澤透亮的柔嫩肌感。,1000.0,8
7488138,韓國IM UNNY啞光自動旋轉眉筆 0.25g (多款任選),立體三角筆芯 打造乾淨俐落眉型,1000.0,8
7692094,蜂王蜂蜜燕麥舒緩皂100g*3入,蜂蜜燕麥舒緩皂-添加蜂蜜、天然燕麥顆粒與多重植物精油等滋養成分，在溫和去角質的同時，也能輕柔呵護肌膚，讓肌膚擁有光澤透亮的柔嫩肌感。,1000.0,8
7823775,逸萱秀保濕極水潤潤髮乳700ml,【玻尿酸保濕配方】：添加玻尿酸保濕精華，保濕力1.4倍！深層滋潤鎖水，修護乾燥受損處，打造水感柔順髮、回復秀髮光澤,1000.0,5
7790173,INTEGRATE 櫻花潤色護唇精華 2.4g,雙唇持續滋潤撫平乾燥，改善暗沉粗糙、校正唇色，打造粉嫩的櫻花色調。,1000.0,5
7245384,卡娜赫拉的小動物 便當袋-多款任選,,1000.0,5
7800906,KOSE Q10活齡護手霜80g-超濃厚夜用,1. 賦予肌膚豐富潤澤改善細紋、乾燥、粗硬和脫皮等困擾,1000.0,4
7044333,絲芙蒂泡沫瞬淨卸粧洗顏慕絲200ml,綿細濃厚的泡沫，可卸除的頑固彩粧，使毛孔深層髒污浮出,1000.0,4
7709322,【廠商直送】迪士尼｜Disney 手提袋 多款任選,正反面都有超Q圖案，隨意翻轉都可愛!!,1000.0,4
7098744,Dr.HUANG控油調理化妝水150ml,補充皮膚所需水分，清爽不黏膩,1000.0,2
7560010,AHC淨光無瑕胺基酸潔顏乳150ml,「3段褪暗淡斑機制」協同肌亮凝乳使用，4週擊退瑕疵14%，由內而外層層淨斑，7天透明煥亮！,1000.0,2
7440228,野口研究薏仁精華錠150粒,4903361680866,1000.0,1
7480185,野口研究保固精華錠225粒,4903361680736,1000.0,1
7618987,【廠商直送】一家人益生菌植敏B9水嫩沐浴露500ml,調理敏弱，呵護肌膚健康,1000.0,1
7049892,霓淨思再生修護肌能水145ml,小白花+紅石榴，秒激活，速修復,1000.0,1
8616393,霓淨思大容量玻尿酸原液贈面膜組,無可取代，肌膚每天的依賴,999.0,1
7403293,輕合金高質感專業刷具12支專業刷(含洗刷板),●長鋁管新設計,999.0,1
7123174,TESCOM可換式負離子整髮梳TIC756TW,負離子呵護避免頭髮飛散,999.0,1
8568558,【預購】資生堂怡麗絲爾彈潤多效膠原美肌乳5ml_5入,9200000000762,999.0,1
7572933,【廠商直送】十翼饌一口吃烏魚子禮盒150g,2022虎年新春送禮，最佳選擇！,999.0,1
8237355,益節葡萄糖胺2000mg150錠,,999.0,1
7752243,高度伸縮乾溼分隔旅行袋－多色任選,乾濕分離,998.0,2
7160009,freeplus溫和淨潤卸粧精華油100ml,無須搓揉即能輕鬆卸淨防水型眼粧和累積於毛孔的髒汙,998.0,2
7099438,Simple清妍極致補水修護凝乳 50ml,保濕不黏膩,998.0,2
8051209,TeaBeaute紅茶高保濕護膚油100mL,4936201106509,998.0,2
7608249,SOMEBYMI奇蹟精華4件組-控油亮白舒緩,搭配組合使用建議－毛孔粗大：茶樹+抹茶／粗糙暗沉：蝸牛+柚子／敏感肌：茶樹+蝸牛/油性肌：抹茶+蝸牛,998.0,2
7273294,施巴運動沐浴乳400ml,pH5.5不含皂鹼，溫和洗淨,998.0,2
8185637,三多綜合維他命膜衣錠150t,全方位綜合維他命與礦物質。,998.0,2
7068654,廣穎 口袋型輕巧行動電源 10000mAh(大理石.碳纖)-2款任選,口袋型輕巧好攜帶,998.0,2
8187131,Amuse琉璃光澤唇釉 (多款任選),✨韓國大勢AMUSE女神級唇彩✨,998.0,2
7932998,三多素食維他命D3+B12+S.膜衣錠30錠,(一) 素食D3增進鈣吸收，有助於維持神經、肌肉的正常生理！,998.0,2
7433352,MelanoCC高浸透維他命C集中對策面膜8片,4719865615507,998.0,2
7608255,SOMEBYMI柚子30天奇蹟亮白SOS-4件組,1. 柚子亮白化妝水30ml,998.0,2
7832768,利捷維有效超級魚油膠囊60粒,4713575128494,998.0,2
8272697,【廠商直送】UDR專利濃密膠原蛋白粉PLUS+30入,莓果多酚+維生素C+膠原蛋白,998.0,2
7049817,TS6護一生私密全方位潔淨慕斯組,潔淨慕斯 : 天天使用 / 一般及任何肌膚。,998.0,2
7890010,【廠商直送】 E-books N70遙控三腳架藍牙自拍組,高品質防滑矽膠墊，全方位呵護你的愛機,998.0,2
8051153,Quality1st玻尿酸高保濕面膜32枚盒裝,4560401461207,998.0,2
7258714,待刪除-聖克萊爾 粉刺速淨MP3-竹炭控油 3sku,"頑固粉刺,瞬間瓦解",998.0,2
8552428,BROWN&FRIENDS貓貓熊大隨身紙牌遊戲組,官方授權，台灣限定商品。,998.0,2
8490819,【團購】日本厚木-不起毛370D褲襪-黑 2尺寸任選(贈襪套)(預計出貨日1/11),"團購加贈：一雙韓國名畫風彩繪隱形襪套(市價49元,贈品隨機出貨)",998.0,2
8553167,【廠商直送】日本KIRASARA 嬰兒植萃抗菌洗衣精補充包1400g,配合天然抗菌配方,998.0,2
7233202,【E‧Heart】機能型美胸衣(24H吸濕排汗-心機黑),機能型美胸衣～新推出，採用三排雙鈎背扣式設計，可以依情況調整適當鬆緊度唷✔,998.0,2
7832970,ISOI天然玫瑰保濕護唇膏_玫瑰5g,8809264724477,998.0,2
7973894,萃康髮男性專用能量洗髮乳200ml,專為男性設計,998.0,2
7091902,狗-禮貌帶-男用迷彩-多款任選,時尚設計，好看且實用,998.0,2
8051155,Quality1stAllInOne極致面膜20枚盒裝,4560401460620,998.0,2
7214070,DARLIE好來全亮白極緻漱口水500ml,持久隔離，4週顯著幫助預防牙漬附著,996.0,4
7268676,TS6護一生沁涼舒緩噴霧40g,"雙效薄荷涼感因子x清甜優雅木質香調,啟動全日清新舒適",996.0,4
7228469,我的心機化妝水500ml-多款任選,選用大地農潤食材萃取出的營養精華露，如同大地養分般滋潤，補足肌膚缺失的營養。,996.0,4
7303177,NAF1+1防水持久旋轉眼線膠筆,特殊柔軟筆蕊:柔軟的筆蕊設計，質地軟硬適中，如天鵝絨般順度，滑順而服貼於眼皮上，輕鬆好上手，就連初學者想要描繪的上眼線，或是高難度的內眼線，也能快速上手輕鬆描繪！,996.0,4
7281840,GB樂夏Tritan運動水壺 770ml-多色任選,獨特防漏安全鎖扣設計，防止誤觸,996.0,4
7403700,YOKK安適眠鼻呼吸訓練貼片50枚,4580179943149,996.0,4
7140183,待刪除-台塑岩礦清爽肌男性沐浴乳-藍800g,採用胺基酸洗淨成分，溫柔呵護細嫩膚質,996.0,4
8536968,針織毛帽-多色任選,絨毛內層，保暖舒適、禦寒專用  男女適用。,996.0,4
7300129,Plantur21營養護髮素175ml,第一瓶專為長髮設計的洗護產品，不含矽靈,996.0,4
7088658,莉婕頂級涵養髮膜染髮霜-2明亮淺棕,遮白x輕齡 非白時尚 輕齡有感,996.0,4
7125505,卡樂芙奢彩安瓶染髮霜-午後焦糖棕,添加光感持色配方!染髮同時護色固色鎖色!,996.0,4
7882551,My Beauty手提收納化妝包-多款任選,ins清新風格設計、時尚簡約質感,996.0,4
7403950,CLOVER敏感肌泡泡沐浴乳500ml,4901498200131,996.0,4
7512693,卡樂芙奢彩安瓶染髮霜-霓幻月夜紫,添加光感持色配方! 染髮同時護色固色鎖色!,996.0,4
8221250,I’M MEME我愛持久抗暈眼線液筆 0.6g,濃色發色科技，出水穩定，滑順好畫。,996.0,3
8021649,戀愛魔鏡 魔幻流光眼影盒 4g (兩色可選),宛如寶石折射般的璀璨光澤，極度閃耀的四色眼影盒。,996.0,3
7576831,綠貝304無痕魚形五連掛勾,超強承重,996.0,2
7273148,蔴鑽薑母紅茶3.5g*15入,薑的用途廣泛廣受喜愛,995.0,7
8534025,依必朗抗菌沐浴乳1000g清爽小黃瓜,添加抗菌配方Ｃhlorhexidine，溫和不易刺激，能徹底清潔並於肌膚上形成保護膜，增加肌膚抵抗力、給肌膚最自然的保護。,995.0,5
7482667,韓國IM UNNY臻粹恆潤護唇膏 3.4g,滋養雙脣 深層補水,995.0,5
7427989,星之冠 香氛滾珠指緣油-多款任選,香水香氛精油加入植物護膚油製成的滋養配方，,995.0,5
7403728,【福利品】全日營養DHA_EPA魚油果凍條10gx7包,4582316410446,995.0,5
7497614,Home排水浴室拖-多色任選,居家/陽台/浴室拖使用,995.0,5
8534244,女雙層保暖手套-紫,秋冬季騎車保暖防風手套,995.0,5
7108560,嬌生嬰兒牛奶純米沐浴乳1000ml,JOHNSON'S牛奶純米沐浴乳蘊含豐富牛奶蛋白與純米精華，提供豐富維他命及礦物質，搭配使用牛奶純米潤膚乳，有助深層滋養肌膚，使肌膚柔嫩光滑。,995.0,5
8061732,待刪除-Deary防曬噴霧SPF50+ 100ml-海洋友善,無不含海洋有害成分、不含帛琉/夏威夷禁用成分,995.0,5
7832964,LENOR蘭諾衣物芳香豆_清晨草木455ml補充包,4987176116093,995.0,5
7105456,Eni Mani SILK柔膚中高腰緹花褲,親膚．抑菌．不易過敏　,995.0,5
7063536,思高-珍珠松露乳液200ml,添加珍珠萃取松露萃取等成分,995.0,5
8148490,潘婷黑亮修護洗髮乳700G,"ProV精華, 全新V醇滲透科技, 10倍滲透髮芯, 強韌髮絲, 48小時修護",995.0,5
7991338,【廠商直送】Tsuvimi 姿慧美 慕斯眼影蜜 (24色任選),顯色延展-輕推薄透 疊擦更顯色,995.0,5
7436509,KURORO小童3D口罩30入太空霹靂槍,4712937971570,995.0,5
8237882,幸福堂柳橙蛋糕10入_魯,,995.0,5
7310874,Gliss極致賦活修護洗髮乳250ml,來自海洋能量修護乾枯受損髮質,995.0,5
7754990,R.O.C.S UNO強化琺瑯質亮白牙膏(新舊包裝隨機出貨),利用含有活性的礦物複合物形成牙齒的琺瑯質修復牙齒預防蛀牙本商品的礦物複素含理想比率鈣，磷。,995.0,5
7436756,ELEBLO靜電手環_黑M,乾冷季節容易產生靜電，在觸摸東西有時會感覺稍微被電到，防靜電手環採用導電材料製作，能把體內殘留的靜電導出去，預防被靜電電，保持身體濕潤也能減少靜電價格親民設計又簡約的ELEBLO防靜電手環經實驗證實，只需花1.9秒就能快速除去靜電。而且手環由消除靜電的不銹鋼線纖維編織而成,995.0,5
7108682,飛柔柔順茉莉香氛洗髮露 530g,添加義大利香氛精油黃金比例秀髮持久留香,995.0,5
7108524,富麗絲染髮系列-銀雪灰色,8種氨基酸滋潤及葵花籽油成分,995.0,5
7157791,NAILTONE指緣修護精華棒1.7g玫瑰香,濃潤膏狀質地，一抹深層鎖水，徹底阻絕乾燥,995.0,5
7833058,日本獅王細潔適齦佳極致8效漱口水600ml果香,4903301326625,995.0,5
7403739,HeidiDorf 立體3D防水染眉筆-灰棕3ml,4560461869111,995.0,5
7404011,AnimatoSHA馬油昆布沐浴乳700ml(新),4580163532571,995.0,5
7108561,嬌生嬰兒甜夢沐浴露1000ml,JOHNSON'S甜夢沐浴露採用NaturalCalmTM舒緩香氛。經科學實證，NaturalCalmTM有助於沐浴後放鬆身心。,995.0,5
8024062,待刪除-水舞成人醫療平面口罩10入-高雅之舞,1.符合台灣CNS14774口罩品質規範,995.0,5
7723101,護妍天使益菌生保濕體驗組,益菌生保濕調理精華水,995.0,5
7266545,西班牙西妍院滋養親膚身體乳500ml,啟動肌膚鎖水自然力,995.0,5
8237835,哈馬達香草風味威化餅40枚,,995.0,5
8581463,MEKO天生尤霧控油蜜粉餅 (共3色),"柔霧反孔礦物粉,能有效吸收臉部多餘油脂同時柔化瑕疵",993.0,3
7445912,施巴5.5痘淨系列潔面皂100g,pH5.5首創無皂鹼、擊退黑頭粉刺不緊繃,992.0,4
8590369,寶可夢盒裝拼圖C-1000片,,992.0,2
7422160,韓國滿版蠟筆小新短襪-多款可選,蠟筆小新,990.0,18
7436469,格安德醫用口罩50入成人綠,4713072040527,990.0,10
8490620,寶可夢暖暖包10入-貼式,好撕好黏舒適牢靠背膠不傷衣物,990.0,10
8250232,Udilife樂司活力水果刀-大,經檢驗合格，不含鉛、銻請安心使用,990.0,10
7226092,琦菲家族男童內褲2入,台灣生產製造,990.0,10
7134461,IM 矽膠多效全面角栓淨化洗臉刷 2入組,深層淨化、多效合一,990.0,10
8050930,獅子寶寶輕漾系列超純水厚型8抽*8包,比面紙還小包.走到哪都想隨身帶著走,990.0,10
7832796,好自在AirCushion秒吸抗黏量多日用28cm10片,4987176075420,990.0,10
7426711,Gum318牙周護理牙刷超彈力極細毛-小頭(極軟毛)1入,4901616214439,990.0,10
7095887,3M克淋濕防水透氣繃15入,一公分以下傷口適用,990.0,10
8232991,韓國絨毛迪士尼彩色全版中筒襪-多款任選,可愛卡通,990.0,10
7949418,VOLA 素面兒童褲襪-多色多尺寸任選,彈性佳,990.0,10
7470987,小林香花蕾一滴消臭_薄荷香20ml,4987072032619,990.0,10
7425586,逸品日式泡麵_東京醬油風味4袋入,8934563713041,990.0,10
8221616,待刪除-樂品UV晶順梳-桃紅,●柔軟高低梳齒,990.0,10
7403705,全日營養牛磺能量飲_食品_100mL,4969726010983,990.0,10
8244417,美味關係氣炸鍋烘焙紙50枚-杯形,防油水溢出,990.0,10
8237074,格安德成人平面醫用口罩50入白_耳帶黃,,990.0,10
8609452,FLORTTE 花洛莉亞 比心眼線膠筆 0.05g,1.5mm纖細筆芯,990.0,5
7097854,施巴潔膚皂100g,德國施巴首創的經典無皂鹼產品，暢銷全球55年！,990.0,5
8490001,高露潔抗敏超微泡防護牙膏120克,,990.0,5
7349117,日本貝印雙向修眉剪,將眉梳梳入眉毛，按原樣合上剪刀，即可剪掉突出眉毛的優秀商品。本商品眉梳採雙向設計，左又手皆方便使用,990.0,3
7432422,BOTANIST植物性洗髮精_清爽柔順型460g,4582267391573,990.0,2
7083137,施巴油性洗髮乳400ml,溫和淨化因子 活性PTO深入清潔多餘油脂與髒垢,990.0,2
7134312,日本芮芙茹植物性洗髮露500ml-柔順亮澤,彈力閃耀，清爽空氣感秀髮無負擔,990.0,2
7433303,灘NADA保濕乳霜45g,4901061475546,990.0,2
7889920,【廠商直送】 RASTO RS18真無線藍牙5.0耳機,充電規格：Micro USB,990.0,1
7094355,JAYJUN櫻花BABY童顏面膜10入,ALL IN ONE保養,990.0,1
7448895,Cure Q兒活性水素水去角質凝露250g,成分中90％為水素水，搭配植物天然萃取物,990.0,1
8241830,【廠商直送】E-books SS34經典款電量顯示藍牙耳機,觸控式耳機,990.0,1
8561613,【廠商直送】素面行李箱16吋-咖黑拼接,旅行出遊必備，多種尺寸可選,990.0,1
7470795,易利氣磁力項圈MAX黑色60公分,4902522678230,990.0,1
8024708,【廠商直送】Skinarma日本潮牌 iPhone 13 系列  Taihi Kobai IML工藝防刮隱形支架防摔手機殼,3米軍規防摔測試,990.0,1
8237387,THOMSON多功能摺疊足浴桶 TMBM06S (限宅配),,990.0,1
7432406,CureQ兒活性水素水去角質凝露250ml,4582167870017,990.0,1
8561611,【廠商直送】素面行李箱18吋-經典深藍,旅行出遊必備，多種尺寸可選,990.0,1
7061327,mod’s hair輕巧旅行陶瓷直髮夾,輕量設計，輕巧機身，僅僅手掌大小,990.0,1
8563094,【廠商直送】素面行李箱24吋-經典銀白,旅行出遊必備，多種尺寸可選,990.0,1
8561564,【廠商直送】素面行李箱20吋-黑藍,旅行出遊必備，多種尺寸可選,990.0,1
7341932,CNP蜂膠能量彈力保濕霜50ml,"添加珍貴蜂膠萃取與5大複方精華油,內含蜂膠與分子酊的柔嫩水光質地,可舒服輕盈地被肌膚吸收,使粗糙肌膚變得緊實柔嫩",990.0,1
8563064,【廠商直送】素面行李箱20吋-咖黃拼接,旅行出遊必備，多種尺寸可選,990.0,1
7470946,易利氣磁力項圈MAX黑色50cm,4902522678223,990.0,1
7404178,ECONECO繪子貓靠墊(正方形),4534388414921,990.0,1
7840221,【廠商直送】infoThink 怪獸大學系列電臀無線充電座-毛怪,迪士尼官方正式授權商品,990.0,1
8563397,【廠商直送】航海王行李箱20吋-紅,側邊配置TSA安全鎖及軟質PU側手把，增加提握舒適感。,990.0,1
7501128,CNP蜂膠能量彈潤精華液150ml,"內含高含量蜂膠萃取配方,可帶給肌膚營養與保濕感",990.0,1
8181497,【廠商直送】ANKOMN-旋轉真空保鮮盒1.2L - 多色任選,,990.0,1
7260401,植淬白潤肌精 泥炭毛孔潔淨面膜,泥和炭的雙重POWER,988.0,4
7118748,CIELO宣若EX染髮霜-3RU亮紫棕,簡單一按，不用攪拌，淡雅香味不刺鼻,988.0,3
7561047,褲底咖啡紗條紋中腰女內褲6件組-顏色隨機出貨,褲底咖啡紗，透氣舒適，冰涼手感，異味控制,987.0,3
7601884,台塑恆采固色洗髮精升級版580g-水潤,鎖色保護膜，髮色持久更顯色,987.0,3
8056146,紡之田波浪低腰無痕褲5件組-混色F,材質親膚，無痕透氣舒適，排汗快不悶熱,987.0,3
7266757,R.R BB.CC霜專用刷-845420,"毛尖極細加工及豐厚彈潤的毛量,上妝時一根根的纖細毛確實遮蓋毛孔,減低底妝厚重感,呈現宛如素顏般細膩理想粉妝！弧面設計,全範圍上妝及鼻翼兩側細微處也可順利上妝.附隨身袋.",987.0,3
7560759,有機棉條紋低腰女內褲６件組－顏色隨機出貨,有機棉，原生態健康綠色，柔軟透氣，清爽舒適,987.0,3
7560754,有機棉貓咪低腰女內褲6件組-顏色隨機出貨,有機棉，原生態健康綠色，柔軟透氣，清爽舒適,987.0,3
7432340,沙龍級白髮用快速染髮霜3淺棕100g,4904651181537,987.0,3
7083845,BIOLISS植旅乳木果油洗髮精480ml-盈潤,國民老婆 新垣結衣 仙氣代言,987.0,3
8119384,DR.WU維他命C瞬效亮白膠囊面膜4片,專為暗沉、膚色不均肌膚設計,987.0,3
8237008,日本味王維他命C1000口含錠60錠,,986.0,4
7785929,【廠商直送】KS-清新中腰褲3件組,高品質彈力腰頭,985.0,5
7478551,尼克醫療成人平面口罩30入-多色可選,"\"\"\"單片獨立包裝.衛生安全",985.0,5
8509402,舒潔Viva拋棄式抹布45張2捲,舒潔拋棄式抹布/紙抹布,983.0,9
7419471,【廠商直送】日式雙竹兩用透氣床墊-水玉點點,一面竹蓆一面透氣床墊,983.0,1
7105526,好好用吸水浴帽 66*26cm-2色任選,使用高科技新纖維棉,982.0,8
7660950,普惠醫用口罩成人韓版10入奶茶,4712123642635,981.0,9
7232178,鬼滅之刃長方橡擦-黑色,鬼滅之刃正版授權​,980.0,70
7931841,UFC超潔淨牙刷小刷頭_軟毛1入,,980.0,20
7522441,SoloneQQ彈力美妝蛋/水滴型,採用觸感Q彈柔軟的材質設計，使用起來親膚又舒適。,980.0,20
7325462,黑色螺旋紙軸棉花棒盒裝200支,100%天然棉花,980.0,20
7425380,川口製果_新Lemon Chan檸檬圈圈糖80g,4901380120196,980.0,20
7104839,SY韓國橡皮筋120入(大)-3款任選,韓國橡皮筋第一大品牌~~彈性佳、不咬髮,980.0,10
7523544,專科彈潤護唇膏4.5g,4909978703547,980.0,7
8005411,樂品旅行用螺旋黑棉棒(耳勺痘棒)30支 *4包,天然棉、無螢光、多用途,980.0,7
8005678,樂品扁細滑牙線棒(單支包)32支 *4包,使用科技線材不斷裂,980.0,7
7595427,1028 加倍佳草莓糖嫩蜜粉 膚色,空氣般細緻控油鬆粉，修飾均勻膚色，協助調理肌膚多餘的皮脂，呈現無油光的完美妝感，長效持妝不暗沉。,980.0,5
7326828,SUAVINA百年馬卡龍唇膜10ml-多款任選,"富含頂級西班牙橄欖油,高修護,抗老,抗汙",980.0,4
8237706,JohnsBlend車用夾式擴香盒_黑麝香,,980.0,4
8007732,VC-矽膠隱形內衣-透明,"透明系隱形內衣,是裸紗新娘救星",980.0,2
7055736,碧歐斯BIO水感舒緩維他命B5原液30ml,高濃度5% 維他命b5注入乾燥 脫屑 敏感肌適用,980.0,2
7388242,舒芙蕾 親膚無痕內衣,輕盈薄杯：無鋼圈立體杯模，零著感輕盈舒適,980.0,2
8023206,Nature Tree濃縮精華30ml-A醇新肌能量,撫平細紋，延緩老化,980.0,2
8578796,【廠商直送】小米有品-HOTO小猴洗車清潔組QWOGJ002,具有柔軟波浪面的高密度海綿可提供更好的清潔效果。粗糙的一面，用於車輪，具有舒適的抓地力，耐磨損。,980.0,2
7576145,【廠商直送】十翼饌冬令食補私房寶盒4件組,十翼饌－私房帖系列燉湯，幫助忙碌的現代人， 簡單料理、營養補給。,980.0,2
7931572,ZERO零式VOLT20W迷你快充豆腐頭_白,,980.0,2
7734361,【廠商直送】月亮褲-簡約款日用中腰-撞色粉桃,*量少可直接取代衛生棉，量多可搭配其他生理用品使用,980.0,1
8189307,【廠商直送】日本 sunart 飯碗組 - 動物莊園,日本設計&原裝進口,980.0,1
7419739,【廠商直送】蕾朵兒Ladoore 初嚐禁果 W鋼圈精品蕾絲成套內衣 (酒紅),【W鋼圈】超級美胸內衣,980.0,1
8557123,【廠商直送】Ladoore蕾朵兒 慢慢喜歡你 絲緞美背有襯墊家居服,L'adoore 慢慢喜歡你 絲緞美背有襯墊家居服,980.0,1
7732101,【廠商直送】Ladoore蕾朵兒 我只喜歡你性感美背襯墊睡裙,・L'adoore獨家訂製款 大受歡迎的 【慢慢喜歡你】兩件式睡衣 推出睡裙款了 延伸超美美背蕾絲,980.0,1
7098711,Mdmmd.黑斑無瑕霜 30mL,可抑制黑色素形成,980.0,1
7049848,Mdmmd.天使之霜金箔保濕淡紋霜50g,修復抗老、保濕鎖水、緊緻撫紋、延緩衰老,980.0,1
8519602,【廠商直送】組合式透明掀蓋可疊鞋盒(4大+6小) - 多色任選,插入式上掀蓋，輕鬆好開,980.0,1
8592812,【廠商直送】SIGG-My Planet Tritan水瓶750ml-多色任選,瑞士百年品牌，卓越製造工藝,980.0,1
7077236,酒樂町聯名蒟蒻條110g,"ＱＱ帶勁是蒟蒻最好的寫照,美味Ｑ勁,",979.0,11
7283234,海綿工坊-鍋碗潔造型菜瓜布-4入,易起泡、高彈力、高耐壓,979.0,11
8025118,淨新醫用成人平面口罩50入-特殊色系列 MIT台灣製 MD雙鋼印,,979.0,11
7502422,高露潔Cushion Clean兒童軟毛牙刷-五歲+(顏色隨機),超密軟毛，輕鬆深入口腔內部清潔，呵護寶貝稚嫩口腔.,979.0,11
7219460,瑪榭抑菌護跟機能襪L-多色任選,抗菌除臭率高達99.9%,979.0,11
8451562,OLAY 多元修護霜2入組 日霜/晚霜,,979.0,1
8554222,【廠商直送】Jardin香氛乾燥花擴香膏x3-多款任選,凍狀質地自然揮發，不灑出滲漏,978.0,2
7111977,美國棉歐式典雅浴巾(68*137cm)- 2色任選(條),歐式典雅緞帶設計美學,978.0,2
7108615,角落小夥伴純棉浴巾-2款任選,100%棉,977.0,3
7083971,SEBORIN薑萃取頭髮液300ml,無矽靈添加，頭皮專用化粧水,977.0,3
7372105,百研-三合一瓶蓋清潔刷,"纖長邊角刷採斜面設計,可深入容器角落,清潔縫隙髒汙。",976.0,14
7598738,韓國迪士尼全身短襪-多色任選,童趣必備,975.0,15
7426318,Mdmmd新涼感抑菌衛生棉_涼感_夜用33cm,4712933908228,975.0,15
7349960,樂扣樂扣PP保鮮盒1.9L/吐司盒,適用於微波爐低溫、中溫加熱食物,975.0,5
7049309,PALLADIO校色遮瑕液 (提亮/象牙/自然),植物萃取成分，溫和不傷肌膚,975.0,5
7795738,澳潔蕬檸檬香桃木控油洗髮精500ml,"嚴選強力控油的澳洲有機檸檬香桃木、薄荷、尤加利、檸檬茶樹等頂級複方精油,平衡頭皮出油,徹底淨化老廢角質油垢,感受長時間的清新舒爽",975.0,3
7431592,澳潔蕬玫瑰天竺葵水嫩沐浴乳500ml,澳洲頂級有機玫瑰天竺葵精油,975.0,3
7795703,澳潔蕬薰衣草舒緩洗髮精500ml,"有機薰衣草、洋甘菊精油及有機金盞花、山茶花、蘆薈成分,水潤髮絲與頭皮,純萃療癒精油香,放鬆舒緩心情",975.0,3
7255239,來復易吸水淨爽護墊16片輕薄多量型,"\"\"\"瞬吸肌乾爽層",974.0,16
7101318,SF圈圈餅五袋組25g*5入-蠟筆小新2021,五包小袋裝攜帶方便,974.0,10
7790624,雪蕾兒 竹炭紗抑菌生理褲,抑菌親膚不悶熱加強防漏好安全,973.0,7
7401427,3M-替換式馬桶刷補充包5入-薰衣草,菜瓜布材質的馬桶刷頭，完全貼合清潔,973.0,7
7282734,Hello Kitty一條根精油貼布7片,深層滲透好吸收,973.0,7
7041907,essence輕柔定妝蜜粉刷,扇形設計可刷到每一寸肌膚，完美貼合妝容,973.0,7
7432204,Shikioriori紅椿油潤髮乳600ml,4513574017252,973.0,7
7356079,夢17泡泡染髮乳-昆布棕20ml*2,新配方添加草本精華溫合配方：指甲花、何首烏、摩洛哥核果油等。,973.0,7
7944403,艾森絲零負擔遮瑕液,全新系列，專為敏感肌膚打造的系列,973.0,7
7105689,蹭蹭墊-發財樹,"優質短毛絨,精美繡花,可刮除鞋底泥沙污土,    保持環境乾淨",973.0,7
7227929,Panasonic 鈦元素鹼性3號電池-4+2-藍卡,Panasonic最高等級電池,973.0,7
7673138,洗顏專科超微米卸妝棉-多款任選,高效清潔成份：Micellar Formula深層潔淨分子,973.0,7
7310338,刷樂極薄深潔牙刷3支入,小於0.01mm雙尖極細軟毛 潔淨護齦,973.0,7
7136245,美琪抗菌沐浴乳680ml-杏桃花與蜂蜜,英倫少女杏桃花香調,973.0,7
7273201,沙威隆男性抗菌沐浴乳- 制痘調理670ml(新舊包裝隨機出貨),葡萄糖酸鋅、七葉樹萃取，舒緩抗痘,973.0,7
7802371,公雞開襟平口褲,舒適柔軟質材,973.0,7
7647511,工程車印花男童內褲3入,,973.0,7
7701947,SF蠟筆小新蔬菜格子餅20g*5入,台灣在地生產,971.0,9
7310328,刷樂濃密深潔牙刷單支入,超濃密萬根纖柔細軟毛,970.0,10
8582098,待刪除-樂事洋芋片限量熱銷組360g,風靡全球No.1洋芋片品牌，誘人薯香的美味黃金洋芋片，讓人想一口接一口,969.0,6
7042128,MEKO 元森純素主義系列刷具-鬆軟蜜粉刷,柔軟蓬鬆的刷毛觸感及超強抓粉控粉力,969.0,3
8019463,韓國襪毛茸茸動物小頭中筒襪-多色任選,"韓國製造,大廠出品",966.0,14
7265354,日本獅王兒童牙膏3入,天然木糖醇(XYLITOL)，中和口腔酸性，防止酸蝕現象。,966.0,14
7806001,寶可夢1/2襪-精靈球-2雙入-多尺寸任選,正版授權,966.0,7
7426708,Ebisu-65孔優質倍護極上牙刷1入,4901221801109,961.0,9
7263461,GATSBY超強力吸油面紙70枚入,勁黑軟片，強力吸收臉部油光,960.0,8
7800031,東文 J-15好好寫中性筆0.5mm-10入-多色任選,輕輕一寫，字體變美,960.0,4
8237398,1028我型我塑持色眉筆EX0.35g_BG06棕灰色,,960.0,3
7565524,黛絲恩工藝香水亮澤護髮素500ml-橙花,重新喚醒秀髮光澤,960.0,2
7778579,PurBlanche光采彈潤米糠洗顏霜100g,4560221592150,960.0,2
8223243,CINQUAIN思珂 絲絨奶霜液態粉餅SPF20☆☆☆☆,好延展、不卡粉 打造減齡美肌,960.0,2
7122438,成功按摩瑜珈滾筒(顏色隨機出貨),運動後舒緩，緊繃肌肉  迅速恢復疲勞  消除肌肉僵硬,960.0,2
7122423,成功核心訓練滑步墊(附腳套),大幅降低摩擦力，使用時超滑順 攤開即可使用，捲起即可收納，方便迅速,960.0,1
8174462,麻布收納筐-多款任選,質感提升美觀方便收納生活小物,959.0,19
7294389,艾惟諾洋甘菊舒緩保濕乳354ml,1天修護肌膚 預防乾裂,957.0,3
8180134,MKUP 不唬爛持久睫毛打底膏5.5g,,957.0,3
8589893,小橄欖樹清新草本潤絲精200ml毛躁髮質,內含乳油木果油及澳洲堅果油等萃取物，俱滋養及修護秀髮的特性，能幫助捲曲毛躁的頭髮柔順，恢復健康亮麗，淡淡果香味。,957.0,3
8589922,小橄欖樹草本造型護髮乳200ml毛躁髮質,"全新配方，法國普羅旺斯原裝進口。內含乳油木果油及澳洲堅果油等萃取物，俱滋養及修護秀髮的特性，能幫助捲曲毛躁的頭髮光滑柔順，恢復健康亮麗，並能順應梳髮後喜歡的髮型造型,淡淡果香味。",957.0,3
7088513,妮維雅美白乳液超值組380ml+125ml,含50倍維他命C之卡姆果精華，終結黯沈提升明亮度,957.0,3
7709693,森田藥粧茶樹毛孔淨化面膜3入,平衡調理，毛穴對策,956.0,4
7108559,嬌生嬰兒洗髮沐浴露500ml,洗澡+按摩 Johnson's®嬰兒洗髮沐浴露，科學測試，純正溫和，呵護寶寶幼嫩肌膚。,956.0,4
7087781,好立善 綜合維他命+礦物質發泡錠20錠,．內含14種人體必需維生素和礦物質，完整補充必須營養。,956.0,4
7450335,蕾妮亞私密肌屏護系列-潔護噴霧(擦拭型)30ml,悶熱、黏膩、想擦乾淨反而越擦越乾? 擦拭型私密肌噴霧讓您一整天隨時隨地保持私密處潔淨,956.0,4
7433276,森田藥粧極地冰河驅黑透光面膜4入,4718009813854,956.0,4
7402485,Udilife直立式全罩洗衣機防塵套/加大(2色隨機出貨),1.PEVA面料結實耐用，有效防止髒汙，保護機身不受日曬雨淋。,956.0,4
7432243,森田藥粧高純度玻尿酸潤澤面膜10入,4712688934732,956.0,4
8241516,童角落夥伴愛心手套-淺紫,3-8歲適用。,954.0,6
7944181,美吾髮馬鞭草玻尿酸植萃髮膜190g,瞬效強韌 一抹髮芯強韌有彈性,954.0,6
7138816,依必朗香氛沐浴乳850ml-築夢旅程,陽光皂香調 柑橘、茉莉、梔子花等溫和純淨的清新香氣，彷彿隨時沐浴在清晨的陽光裡。,954.0,6
7323898,綠的抗菌沐浴乳1000ml 檸檬香蜂草精油(新舊包裝隨機出貨),柳蘭萃取抗菌成分及Chlorhexidine抗菌配方。,954.0,6
7088706,BioreGUARD抗菌洗手慕絲450ml-補充瓶,專業防護配方,954.0,6
7063315,威滅滅蟑隊6入裝,藥效可持續長達3個月,954.0,6
7325845,VOLA 防風手套-反光灰 M/女款,外層防潑防風面料,954.0,6
7105503,驚吸水小浴巾-4色任選,材質:100%棉(32支精梳棉),954.0,6
8088348,彼得兔歐風毛巾-多色任選,正版比得兔授權，標籤上皆附有防偽雷射標籤,954.0,6
8237331,ST雞仔牌鞋用吸濕消臭包_重覆使用型150g2入,,954.0,6
8447957,美琪X大頭兒抗菌沐浴乳680ml牡丹與玫瑰,經典玫瑰與牡丹融合成高雅而柔美香氛,953.0,7
7134974,海洋風角型綜合洗衣袋2件組,細密網目緊密縫合，柔韌耐用完整保護。,953.0,7
7522423,Solone訂製美型睫毛夾/EC32,精心測試打造貼合亞洲人眼型完美弧度，高彈力膠條，不傷睫毛一夾即呈完美扇形弧度。,952.0,14
7365894,VOLA　180D加大全足褲襪-黑,厚地材質保暖舒適,952.0,8
7064434,曼秀雷敦Acnes抗痘柔珠洗面乳 100g,"含Isopropyl Methylphenol能深入毛孔底部抗菌, 有效抗痘",952.0,8
7047870,1028 勻勻暈染眼影刷,精選細緻類真刷毛 清晰發色 輕鬆勻色,952.0,7
7229474,高絲涵萃潤肌精化粧水I-清爽 195ml,添加發酵玻尿酸G・酵母淬取液緊緊鎖住潤澤,952.0,4
8179957,永和三美人 多角度 梯形海綿 9入,• 大面積+多角度=快速上妝零死角,951.0,7
7425222,小兒利撒爾Quti軟糖(晶明葉黃素)10顆,4716511022702,950.0,25
7069324,蘭韻紙織化妝棉180片3入(獨家包裝)(新舊包裝隨機出貨),肌膚保養、化妝卸妝、拍拭化妝水、去除指甲油等,950.0,10
8237913,三立白巧克力味夾心餅盒裝12入,,950.0,10
7301113,婦潔淨柔杏白除毛貼片(臉/腋用)20+2pcs,除毛貼片─ 能溫和深入毛囊，將毛髮連根拔除，最久可維持4週光滑肌膚。另添加杏仁油 (Almond Oil)天然滋潤配方，除毛同時能呵護嬌嫩的肌膚，提供肌膚滋潤舒緩。,950.0,5
7265422,Baby Foot寶貝腳3D立體足膜-男用60mins,"男性加大腳部尺寸,只要簡單穿上,就有Baby嫩足穿上、浸泡60分鐘、沖洗即可",950.0,2
7357738,R.O.C.S 牙齒矯正器牙膏100ml-深層淨白,"\"\"\"R.O.C.S 矯正專用牙膏 用於口腔中各種器具，如牙套，可移動的矯正器具，牙冠，可拆式假牙和齒顎校正線材使得難以刷牙，會增加齲齒和牙齦疾病的風險。含有特殊活性蛋白水解酶 (Bromelain)，可以清潔到牙刷難以清潔處，可以減低發炎並提供長時間牙齒和牙齦潔淨。",950.0,2
7440331,遠東納豆紅麴膠囊90粒,4715614003588,950.0,1
7268754,Avene 雅漾活泉柔潤保濕化妝水 200ml(新舊包裝隨機出貨),"調理肌膚狀態,使肌膚留住水份",950.0,1
7105584,然雅蕁麻瓜拿納豐盈蓬鬆洗髮精500ml,不再扁塌無力、強韌髮絲富彈性、強健髮質,949.0,4
7319659,角落小夥伴洗衣凝露補充1000ml-小蒼蘭,環保低泡沫配方，省水不殘留,948.0,12
7433814,VOLA 柔韌耐勾絲襪-黑,纖維增強柔韌耐勾,948.0,12
7254179,MOTO筆蓋式噴瓶10ml二入-耐酒精PP,俐落的筆造型，便於放入口袋或包包。,948.0,12
7105440,沙威隆抗菌潔淨洗手乳250ml-青檸尤加利,源自英國 抗菌第一品牌,948.0,12
7800900,LuLuLun大女孩面膜升級款7入-濃密保濕,1.從肌膚根源放鬆 使肌膚回到易於吸收水分狀態,948.0,4
7692693,箱購-我的心機極輕柔洗臉巾100抽*6包,乾濕兩用超便利,948.0,2
7339617,Baby Foot寶貝腳3D立體足膜-櫻花香,穿上、浸泡30分鐘、沖洗即可,948.0,2
7059982,Baby Foot寶貝腳3D立體足膜-玫瑰限量版,只要簡單穿上，就有Baby嫩足,948.0,2
7372123,卡滋爆米花歡樂分享包72g,宇宙明星BT21超萌登場~歡聚必備分享包，讓歡樂無所不在!!,946.0,14
7231388,SOFINA透美顏潔顏蜜100ml,尤加利菁華保濕成分,946.0,3
7069950,海龍王午後食刻芭樂果乾150g,使用最新乾燥果乾技術製作，並選用真正水果來做為原料,945.0,7
8610634,【福利品】CLUB素顏晚安緊緻凝膜100g,4901416178092,945.0,7
8504372,＃1028 棉花糖雲朵粉撲 2入,採用日本細緻頂級絨毛，如雲朵般軟綿舒適，豐厚絨毛能均勻取粉並完美釋粉，搭配5.5直徑加寬緞帶，上妝、補妝及定妝都更好施力，打造自然透霧妝效。,945.0,7
7069951,海龍王午後食刻芒果果乾150g,使用最新乾燥果乾技術製作，並選用真正水果來做為原料,945.0,7
7068863,靠得住完美封漏夜用網層11片2入35cm,靠得住 完美封漏系列長夜抑 菌新升級,945.0,7
8065931,麗仕柔亮強韌洗髮乳750g-2022版,全新配方 奢寵秀髮 髮絲光澤強韌,945.0,5
8065896,麗仕柔亮絲滑洗髮乳750g-2022版,全新配方 奢寵秀髮 髮絲光澤水潤,945.0,5
7068407,貝印抗菌樹脂指甲刀-M,鋒口使用M型不銹鋼刀片，鋒利好剪,945.0,5
7427020,Loshi日本製馬油嬰兒油(100g),4936201101559,945.0,5
7083778,西班牙西妍院經典暢銷沐浴乳1250ml,富含礦物鹽，有助持肌膚柔軟水嫩及彈性,945.0,5
7114795,綠的抗菌沐浴露1000ml-蘋果玫瑰,"萃取蘋果及玫瑰精華,肌膚保水,散發年輕光彩。",945.0,5
8065922,麗仕柔亮去屑止癢洗髮乳750g-2022版,全新配方 奢寵秀髮 頭皮潔淨清爽,945.0,5
8523806,OMORY享自然防潑水收納袋-海洋60x40cm,大容量收納衣物、棉被、床包。,945.0,5
7249990,樂扣樂扣-2way元氣穀物樂活杯(560ml+310ml),鮮豔的紅色，適合戶外活動,945.0,5
7061228,星之冠日本沙龍打薄剪刀組,進口高級不銹鋼,945.0,5
8226877,2023年旅行週誌-B6-山景,附PVC書衣，塑化劑重金屬檢驗合格,945.0,5
7596802,韓國彩色微笑英文中筒襪-多色任選,流行穿搭,944.0,16
8229974,日系純色羊毛中筒襪-多款任選,保暖羊毛,944.0,16
7308848,Lumina潔顏蒟蒻,純天然蒟蒻製成，潔顏效果佳,944.0,16
7598763,韓國塗鴉大微笑中筒襪-多色任選,經典微笑,944.0,16
7105389,親水柔膚條紋擦手巾35*35cm-2色任選,獨特溝槽設計,944.0,16
7425465,北陸嚕嚕米造型餅乾-可可亞90g,4902458001232,944.0,16
7048654,小蜜媞修護唇膏10g,全球銷售10億支，平均每分鐘銷售170支,944.0,8
7433109,白元HERS新和風保濕碳酸入浴錠45gx16P,4901559213117,944.0,5
7231467,綠貝316餐具系列-加深多用湯匙-大,"經高溫淬火、拋光圓滑處理,",943.0,7
7055724,味覺百撰特級威化捲600g-多款任選,餅皮香氣酥脆.內餡香濃飽滿,942.0,6
7626479,水舞醫療成人平面口罩10入-蝴蝶Meow,MIT，雙鋼印,940.0,5
7108440,依必朗潔膚液1000ml,質純溫和、不易刺激皮膚，能徹底清潔、維護個人衛生、抑制細菌，並形成一層保護膜保護肌膚，加強肌膚的抵抗力,940.0,4
7687710,SANA豆乳美肌清爽洗面乳150g,蓬柔泡沫深入潔淨毛孔，洗淨後不緊繃，展現清爽柔滑的素顏美肌。,940.0,4
7091858,寶潤無糖潤喉糖45g-多款任選,柑橘口味，爽口好滋味,938.0,8
7319114,I’M MEME我愛暖焙卡布修容盤,3色修容自然混搭，視覺再瘦3kg!,938.0,2
7386502,樂扣樂扣Tritan幼童吸管水壺/旋蓋款/350ml/粉,Tritan材料製作成的嬰兒水壺，安全又耐用,938.0,2
7105723,樂扣樂扣PP可蒸可煮微波保鮮盒蒸籠2.4L,透明上蓋設計，方便檢查烹飪狀態,938.0,2
7256264,J-lin 大眼貼-裸妝深邃款(40枚),向那些容易漏餡的雙眼皮貼說bye，換上J lin雙眼皮貼開啟你的桃花眼,936.0,24
7404229,山陰 美姬美人水500ml,4562272570040,936.0,24
7327032,靠得住草本抑菌衛生棉14片23cm-1包(新舊包裝隨機出貨),Kotex 靠得住 草本抑 菌 乾爽新升級,936.0,12
7255192,1/2少女襪2雙入-圓點-多色任選,"舒適觸感,吸汗透氣",936.0,12
7832869,順天本草帝王液50ml,4719674403623,936.0,12
7312844,Pentel飛龍 彩色鉛筆24色,Pentel木頭彩色鉛筆,936.0,9
7665246,艾諾琪-大師系列-M118斜角眼線刷/眉刷,搭配眼線膠或眉膠使用，纖細的筆觸可畫出自然眼線及根根分明的毛流。,936.0,6
7428406,待刪除-rubber ann瑜珈舖巾-多色任選,"專業編織法，厚度足,和瑜珈墊同寬度",936.0,2
7257966,萬萬碎調理機,"簡單拉取切碎蔥薑蒜,廚房必備料理小物",935.0,5
7064319,曼秀雷敦Acnes抗痘美白潔面慕斯 150ml,"含Isopropyl Methylphenol能深入毛孔底部抗菌, 有效抗痘",935.0,5
7252800,風倍清織物除菌消臭噴霧370ml-無香,真正除臭非掩蓋．獨家專利科技,934.0,6
7688886,【廠商直送】Leocrema身體潤膚乳250ml-摩洛哥堅果油 * 2件,成分中含有天然摩洛哥堅果油精華的高效能潤膚乳,932.0,2
7579857,POYA有機摘星星米餅7g-紫米,全素、無麩質、無添加,931.0,19
7522439,Solone完美訂製美妝蛋/斜切型,採用觸感Q彈柔軟的材質設計，高密度氣孔均勻釋粉，使底妝均勻服貼。,930.0,10
8155226,德國ISANA精華膠囊7入-多款任選,德國原裝進口,930.0,10
7984044,Solone專屬訂製去光水,,930.0,10
7478730,小林成人退熱貼6片入,依刊登商品圖檔內容所示,930.0,6
7433131,艾瑪花園利尻昆布黑髮亮澤洗髮精500ml,4719264253577,930.0,5
7342521,Daily Boost手作蛋白餅乾15g*12入-濃郁抹茶,濃郁抹茶 每份 碳水 60g 、熱量 726 kcal 、蛋白質 50g,930.0,3
7195775,高露潔自然之萃牙膏115g-健齒護齦,添加植物界聖品-薑黃,929.0,11
7426356,HelloKitty超純水柔濕巾30抽,4715664503724,925.0,37
7429057,藍鑽杏仁170g-多款任選,藍鑽堅持，選擇健康不需要犧牲美味。,925.0,5
7731080,FILA 女止滑1/2襪-多色任選,耐用耐洗,920.0,8
7224200,VOLA   W跟冰沁經典3入-黑,涼感面料,920.0,8
7055417,Biore 高防曬控油隔離乳液SPF50,防水滑順層: 即使流汗遇水也不易脫落，流汗時使用也清爽不黏膩,920.0,4
7097263,Biore 長效清透防曬乳液SPF50-40ML,防水滑順層: 即使流汗遇水也不易脫落，流汗時使用也清爽不黏膩,920.0,4
7556169,洗顏專科超微米卸妝水-透亮,卸掉三層髒污,920.0,4
8134041,【預購】SABON經典沐浴油500ml,9200000000651,920.0,1
7406280,Curel屏護力鎖水精華40g,弱酸性、無香料、無色素、無酒精,920.0,1
7672775,護妍天使益菌生保濕舒緩水凝露50ml,EXO-H 保濕激活因子,919.0,2
8558557,(已結束合作)RIMMEL神力奇蹟眉睫修護精華液11ml,滋養眉毛和睫毛，持續使用能賦活眉睫使其增長和豐盈,918.0,3
8489200,【廠商直送】cocodor聖誕老人擴香禮盒-英國小蒼蘭,內容物:擴香補充瓶200ml、擴香空瓶、擴香棒5支、造型擴香棒1支、圍巾1入、漏斗1個、裝飾花材1入,918.0,2
8489235,【廠商直送】cocodor夢幻雪球擴香禮盒-英國小蒼蘭,內容物:擴香補充瓶200ml、擴香空瓶、擴香棒5支、造型擴香棒1支、圍巾1入、漏斗1個、裝飾花材1入,918.0,2
8583137,EDGEU凝膠美甲貼設計款-605 QUAIL QUAIL,鵪鶉蛋的磨石子風格搭配上了流行色黃色與灰色,918.0,2
7661053,肌研極潤完美多效美白凝露100g,4719865607762,918.0,2
8019449,卡翠絲 卡維亞高詩定妝噴霧,發光定妝噴霧,916.0,4
7553656,舒適水次元5刀-1刀把2刀片,"日本包裝全新上市,外盒使用100% 再生紙",916.0,4
7427363,ARIEL超濃縮抗菌洗衣精補充包1520g經典抗菌,4902430470438,916.0,4
7309246,吉列鋒速3刮鬍刀-1刀架2刀片,更鋒利刀片,916.0,4
7098835,美吾髮卡樂芙染髮霜50gm-迷霧黑茶(新舊包裝隨機出貨),顯色度+58%有感超顯色,916.0,4
7055627,OTTOGI韓國不倒翁100%純芝麻油160ml,韓國原裝進口,916.0,4
7673139,洗顏專科超微米洗卸兩用潔淨慕絲,富含玄米油淨化配方的濃密泡泡：溫柔包覆、卸除彩妝及皮脂髒污,916.0,4
8131887,Fiifii牙齒美白橡皮擦1+4入組,簡單除去~,915.0,5
8030605,大王elis純淨裸肌極緞棉34片超薄17cm,日本初！加乳液更纖柔，輕絲級新體感,914.0,6
7325648,MakeCover3D玻尿酸完美貼合妝前乳20g,撫平毛孔、深入細紋,912.0,2
7059996,施巴5.5嬰兒潤膚乳液200ml,pH5.5維持嬰幼兒肌膚健康，形成保護膜,912.0,2
7816700,LuLuLun箱根限定面膜_玫瑰7入,4582305066296商品名稱:LuLuLun箱根限定面膜_玫瑰7入,910.0,5
7391789,MEKO絕世名伶系列眼線筆,,909.0,9
7233902,Hello Kitty涼感甜睡衛生棉夜34cm5片,"\"\"\"輕巧小包裝好攜帶滿足一日所需",908.0,16
7736178,百齡護牙周到護齦漱口水750ml-綠茶,ASP+有效去除牙周病菌,905.0,5
7518563,【廠商直送】美國Sundown日落恩賜 緩釋型超級B群+C錠-B12強化配方(100錠/瓶),完整綜合B群+維生素C,905.0,1
7523239,日本樂天HOKARON手握式暖暖包10P,4903336270047,903.0,7
7297185,堤瑪露英國皇室黑玫瑰精油沐浴露700ml,玫瑰精油+亞麻籽萃取配方,903.0,7
7427022,健榮製藥-寶貝凡士林60g,4987286413440,903.0,7
7053358,我的心機 薏仁+維他命C亮白保濕凝膠300ml,有效滋養舒緩、補水潤澤、修護乾燥肌膚,903.0,7
7063544,艾惟諾燕麥保濕乳71ml(新舊包裝隨機出貨),益菌生燕麥萃取成分，24HR長效鎖水保濕,903.0,7
7261557,OMORY-北歐長柄TPR清潔馬桶刷-月芒白,北歐風格，品質與美結合。,903.0,7
7812463,GATSBY黑頭潔淨洗面乳130g,2種不同尺寸的清潔微粒,903.0,7
7290639,伊拉法兒橄欖植萃經典保溼皂85g*6入,馬鞭草舒緩皂以獨特的檸檬馬鞭草香氛入皂，並添加有機乳木果油及洋甘菊萃取，能溫和洗淨及滋潤肌膚，放鬆疲憊的身心靈。,903.0,7
7578920,螺紋高腰小可愛,,903.0,7
7231110,Kameria足足稱奇植萃足部修護霜80ml,特為去皮後足部修護設計！,903.0,7
7097235,妮維雅男士控油亮白潔面泥150g,"健康亮白:含肌膚亮白成分甘草精華,能減少暗黑,同時均勻膚色",903.0,7
7105117,首爾DESIGN交叉弧形抓夾合金亮面-3款任選,色系超漂亮的韓系髮夾抓力也很棒唷~可以夾公主頭或整個盤起來都很美滴,903.0,7
7226068,粉紅豬小妹女童純棉包褲2入,台灣生產製造,903.0,7
8098612,Miro.lu 韓式髮根蓬鬆二用夾2入(新舊包裝隨機出貨),完美弧度固定好夾不脫落,903.0,7
7252887,歐樂B舒適深潔牙線,不易斷裂分岔，能輕鬆滑入齒縫,903.0,7
7111994,GEMINI-SF573萌趣表情包緹花擦手巾(34*34cm)-2款任選,可愛造型設計,903.0,7
7097314,妮維雅男士止汗爽身乳液深極炭系列-清爽,清新乾爽，肌膚有如沐浴後的清爽舒暢感,903.0,7
7098356,待刪除-國太樓立體三角包錫蘭紅茶2g*25入,日本原裝進口,903.0,7
8117138,ORIHIRO蒟蒻果凍_麝香葡萄橘子蒟蒻12入,4571157255422,903.0,7
7443839,A.P雨傘運動印花針織平口褲-彩傘黑,精製腰帶柔軟舒適無勒痕,903.0,5
8603036,【即期品】16 BRAND修容餅  (多款任選)(效期:2023/10/21),適合亞洲人的漸層色調 刷上效果自然,902.0,2
7432507,SHIKIORIORI-豆乳美肌潔顏霜200g,4513574028098,901.0,7
7326780,可瑞絲精油香皂100g-玫瑰&百香果,輔酶Q10添加，對抗肌膚老化，展現彈力。,900.0,15
7293492,攜帶式兩用雙頭眼眉&遮瑕刷(SW10),雙頭設計眼眉刷,900.0,12
7224279,瑪榭抑菌隱形足弓機能襪M-多色任選,透氣網設計、舒適不悶熱,900.0,12
7108449,3M百利菜瓜布(小綠),適用於清潔廚房瓦斯爐、抽油煙機與鍋具上的黏漬厚垢,900.0,12
7452647,瑪榭快適生活護腕-單入,關節防護，給予穩定支撐，加強保護,900.0,10
7420431,養樂多鮮豆漿200ml*6入,"不含防腐劑,天然豆香",900.0,10
7748431,PUMA 女襪口滾邊毛巾底船襪-多色任選,耐用耐洗,900.0,8
7918274,ARTiS di Voce彩色指甲油 15mL-19,百搭的Artis裸色系指甲油,900.0,6
7105593,艾瑪花園賦活芳香手部抗菌清潔露300ml,溫和潔淨手部肌膚，徹底軟化汙垢,900.0,6
7470912,曼秀雷敦花園香氛護手霜50g_茉莉,4719865614135,900.0,6
7602082,冰糖桂花 30g x 7入,"讓非凡的氣質,為您的生活加注一點甜",900.0,6
7436515,KURORO幼幼3D口罩20入噗噗練開車,4712937971662,900.0,6
7291961,曼秀雷敦涼舒滾珠精油棒7.2ml-薄荷,"以滋潤的荷荷芭油與芝麻油為基底, 嚴選薄荷精油調和尤加利精油與薰衣草油配製而成",900.0,6
7088487,台灣一番青芒果乾150g,無添加人工色素.防腐劑.糖精,900.0,5
7425676,EHeart單面定型隱形雙眼皮貼3mm膚色款132入,4719579581914,900.0,5
7832881,讚岐物產寬版烏龍麵90g_8束,4901736700010,900.0,5
8195569,張俐晴 x ARTiS 飾底硬甲油 (多款任選),與新生代人氣演員張俐晴聯名,900.0,5
7144641,米森核桃蔓越莓麥片450g,米森特選來自芬蘭及丹麥的有機冰湖5種穀麥原料，引用無汙染冰湖雪水灌溉，完美孕育出麥香濃郁飽滿的5種穀麥。再經過篩選、清洗、碾製、蒸熟等現代自動化製程，製作出完全熟化可即沖即食的超薄大燕麥片、黑麥片、小麥片、大麥片、玉米片，特別再加入香脆核桃、酸甜蔓越莓、黑葡萄乾酸甜爽脆新口感，適合全家人每天食用。,900.0,4
7426002,新Homei可剝凝膠指甲油9ml_WG0透明亮光,4712939401327,900.0,3
7523334,DHC淨痘調理精華15ml,4511413301982,900.0,3
7523464,新Homei可剝凝膠指甲油9ml_鏡面粉立體膠,4712939700031,900.0,3
8616355,霓淨思玻尿酸深度潤澤霜15ml,深度潤澤鎖水，終結乾燥肌,900.0,3
8611231,【廠商直送】Style格調-簡約高款折疊收納箱-2入,高檔版增加收納空間,900.0,2
7105685,日韓Q版動物造型超吸水硅藻土地墊-3色任選,瞬吸速乾,900.0,2
7461560,帕瑪氏Q10緊緻保濕乳315ml,"淡化肌膚紋路,緊緻線條、維持彈性",900.0,2
7105334,艾戀 新娘專用隱形內衣(超薄款),超級親膚色，輕盈,900.0,2
8261158,【廠商直送】美德彩色醫用防護口罩50入3盒-分享綠,經防潑水處理，阻擋飛沫及顆粒粉,900.0,2
8261155,【廠商直送】美德彩色醫用防護口罩50入3盒-喜金a,經防潑水處理，阻擋飛沫及顆粒粉,900.0,2
7433024,悠斯晶紫蘇水乳液170ml液壓瓶,4987353270310,900.0,2
7440131,全方位維他命PLUS 瑪卡錠 (男性專用)30粒,4966486600829,900.0,2
8094277,【廠商直送】Style格調-三開摺疊收納箱-大款  - 多色任選,側邊開口鎖扣設計,900.0,2
7448902,KOSE自由淨肌零毛孔溫感卸粧按摩凝膠200g,溫暖的蜂蜜檸檬薑香味，迅速溶解彩粧，添加精華膠囊，溶解毛孔髒污，卸除老廢角質，實現水嫩美肌,900.0,2
7251003,D-up根根分明完美延伸睫毛膏-纖長,防汗、防油！溫水即可卸除！,900.0,2
8596636,Chocola BB 俏正美 膠原錠120T,,900.0,1
7053481,AHC黃金逆時煥顏肌活露140ml,含黃金成分維持肌膚光滑水潤,900.0,1
7278910,DARLIE好來炭絲深潔牙刷3入-多款任選,"備長炭刷毛,能有效清潔口腔, 遠離口腔異味",899.0,11
7271636,薇佳 兔兔粉紅奇蹟修復組,居家必備多用途修復霜,899.0,1
7140089,DIKE 工業級鋁合金一開六座延長線-2.7M,精工線材設計,899.0,1
7670037,S.T派卡瑞丁25%長效防蚊液100ml-花香,25% Picaridin 噴劑,899.0,1
7665738,CINQUAIN思珂 全能草本滋養光澤精華乳,1瓶抵多瓶，有效縮短每日護膚時,899.0,1
8117261,【廠商直送】柏薇菈馬油滋養身體乳200ml-2入,撫平乾燥細紋、保濕潤澤,899.0,1
7404226,ECONECO 繪子貓原畫集,9784800264183,899.0,1
7406316,優倍多A+膠原軟骨錠7合1複方100粒,七合一的全方位配方-葡萄糖胺、軟骨素、膠原蛋白、玻尿酸、鈣、磷、松樹皮(舒適成分),899.0,1
7433096,Relove_瞬淨_Ku溜零毛髮霜,4712933173367,899.0,1
8582293,【廠商直送】屏東玉女番茄4斤裝,,899.0,1
7440156,【福利品】每日笑顏深海鮫肝油膠囊62粒,4573306440345,899.0,1
7461838,【廠商直送-平行輸入】Biotherm男仕海鹽控油收斂水 200ml,專為男士設計,899.0,1
7440155,全日營養雙酵乳酸菌青汁3g×40包,4960867006262,899.0,1
8554126,【廠商直送】多立康穀胱甘肽透亮膠原蛋白錠90粒,穀胱甘肽(GSH)淨亮白嫩,899.0,1
8608347,【廠商直送】KINYO二件式USB木質音箱,木質音箱，音質淨透柔美,899.0,1
8504080,樂扣樂扣微笑騎士不鏽鋼隨行杯540ml黃,直飲上蓋：易於直飲的設計,899.0,1
7631081,光妍 光撩美甲套組 (多款任選),光彩鮮豔，持久度比指甲油更好,899.0,1
8494311,【團購】潘婷高濃保濕膠囊髮膜5盒組(3輕盈+2密集)(預計出貨日1/11),輕盈x3+密集x2，共5盒組,899.0,1
7523340,AHC玻尿酸神仙水保養組合4件組,8809570317738,899.0,1
7186872,象印-極簡保溫瓶480ml,無零件好清潔,899.0,1
7600011,Dr.CARE粉紅莯莉煥白修護精華液50ml,以韓國粉黛草視覺延伸，讓人置身於花海中,899.0,1
7048753,帕瑪氏全效修護精華油150ml,RAS迅速吸收科技,899.0,1
7076998,曼寧檸香薑茶15入,選用南投名間鄉種植的老薑,898.0,6
7105587,艾瑪花園柳蘭奇亞籽蓬鬆洗髮精500ml,平衡頭皮油脂分泌，抗扁塌保濕保護頭髮,898.0,4
7432689,白雪姬職人修護角質柔軟刷頭溫感凝膠1.8ml_眼周用,4533213673144,898.0,2
7063553,露得清水活保濕凝露50g,升級版露得清Hydro Boost水活保濕系列，立即為肌膚注入保濕能量，持續使用，同時強化肌膚鎖水屏障經皮膚專家測試的獨特保濕科技，能通過肌膚表層深入肌底解決缺水的乾燥問題，且持續補充玻尿酸，創造保濕泉源,898.0,2
7088382,妮維雅涼感長效防曬噴霧SPF50 200ml,全新升級配方，立即一噴馬上吸收，使用後清爽不黏膩,898.0,2
7064283,Simple清妍極致補水三重保濕精華水150ml,微分子滲透-超好吸收、迅速補水,898.0,2
7307346,韓國原辰安瓶面膜10片-綠吊瓶修護,"多元胜肽---賦予肌膚活力,有助於促進膠原蛋白合成,為肌膚補充營養,打造充滿生機活力的健康肌膚",898.0,2
8059218,簡單工房抗菌蜂巢浴巾 - 多色任選,抗菌效果,898.0,2
8608343,【廠商直送】KINYO多功能桌掛兩用電子鐘,超薄機身,898.0,2
7432624,白雪姬職人修護肌膚角質調理凝膠20g_夜間,4533213672307,898.0,2
7522415,Solone鋒利修眉刀,鋒利刀片，小範圍修剪，貼心附蓋安全收納。,897.0,23
7420692,3M膚色繃20片,彈性佳、好透氣、又服貼,897.0,13
7290643,茶樹莊園茶樹草本清新抑味皂150g,日本超人氣淨味配方,897.0,13
7325894,Lumina SBR海綿 (多款) 12入,特色：柔韌細滑，不易掉屑，耐油親水性高的非乳膠頂級材質。肌膚較敏感者亦可使附盒方便保存攜帶。,897.0,13
7426814,獅王護齦牙刷1入,4903301082910,897.0,13
7638384,韓國lalalee’s隱形無痕蕾絲雙眼皮貼-4mm-24回,韓國雙眼皮貼,897.0,3
7432347,我的心機蝸牛保水修護黑面膜8入,4716872044573,897.0,3
7785932,【廠商直送】KS-無痕舒適低腰褲3件組,褲邊無痕貼身,897.0,3
7432345,我的心機玻尿酸保濕鎖水黑面膜8入,4716872044016,897.0,3
8586553,CSD中衛醫療口罩15入LooneyTunes新年,4711908882242,897.0,3
7048751,evian天然礦泉護膚噴霧300ml,自然定妝、曬後使用、冷氣房補水、提振精神,897.0,3
7105424,黛絲恩午夜修護絲柔洗髮精450ml,高效滲透並修護受損髮,897.0,3
7140168,魅尚萱 完美修護瞬效安瓶15ml*6,可居家輕鬆的修護極度損傷秀髮,897.0,3
7258068,Purevivi皇后深層卸妝棉50枚,輕輕一擦~彩妝立即潔淨,897.0,3
7089485,蒂沐蝶金盞花修護植萃護髮乳500g,蘊含歐洲有機認證成分,897.0,3
8121449,熊寶貝精油香氛蠟燭120g-舒緩放鬆,讓香氛，溫柔呵護身心，帶給你 美好的療癒時光。,897.0,3
7459286,SHILLS 乾淨舒爽整理毛髮乳霜50ml,商品說明：處理黑麻麻超失控的問題，15分鐘拋光光，溫和幫助代謝，展現潔淨光滑，立即恢復自信光采，大方舉手say Hi!,897.0,3
7432931,Farcent香水胺基酸沐浴露_微醺小蒼蘭780g,4710731061022,897.0,3
7432712,KOSE自由淨肌零毛孔酵素洗顏粉15入,4971710393996,897.0,3
8559336,【廠商直送】日本FaFa FREE 無香精濃縮柔軟精500ml,提升衣物蓬鬆感，親膚舒適,897.0,3
7105702,典雅竹炭機能乳膠室內拖鞋-2色任選,堅持採用無毒材質，要你穿的舒適又安心!腳上的事交給我們就對了~,897.0,3
7072833,優您事動物衛生套12入-99公牛持久型,來自韓國歐爸的最愛,897.0,3
7432511,Platinum Label-薏仁植粹保濕凝露300g,4549813725756,897.0,3
7963608,時尚調整式拖鞋-黑-多尺寸任選,可調整式的拖鞋,897.0,3
7404044,FINE_HEAT新碳酸入浴劑400g葡萄柚,4548514154452,897.0,3
8581446,Pocky奇幻之旅桌遊禮盒,,897.0,3
8534727,韓國isLeaf硬髮泥80g強力塑型,,897.0,3
7441519,瑪榭高彈絲男保暖衣,輕薄、高彈力纖維,897.0,3
7294219,日本AB雙眼皮睡眠記憶貼-蝴蝶版,※日本女生睡覺的時候會使用雙眼皮睡眠記憶貼，幫助睡眠時塑造自然的雙眼皮線，隔天使用塑眼貼線或雙眼皮膠水時會更容易定型！,897.0,3
7245922,肌研極水檸檬淨白化妝水 400ml,改善肌膚暗沉，並調理油水平衡,897.0,3
7089902,義大利輕奢液體皂500ml-馥漫棉花,義大利原裝進口,897.0,3
7219568,扇屋杏仁味點心起司134.4g,★日本原裝進口,897.0,3
7105393,天然環保無染特加大浴巾,MIT台灣良品  100%自然原棉毛巾，無染無漂，,897.0,3
8578797,【廠商直送】小米有品-真空壓縮袋5件組-贈抽氣泵,PE+PA複合膜加厚材質，無毒無味，不含甲醛、苯等有害物質，特別添加尼龍，耐用性高，塞入大量衣物也不怕。,897.0,3
7213927,黑人ET3聲波電動牙刷刷頭兩入,創新拋光螺旋刷毛，柔軟2倍.,897.0,3
8226988,【廠商直送】Sunland昇聯昌LED隱屏電子體重計-兩色可選,配置高精度應變傳感器系統，測量更精準,897.0,3
7665495,Celefit STARFIT聯名輕盈柔霧唇釉（多款任選）,榮獲韓國最大美妝評選網站—Naver唇釉排名No.1，成為韓妞最愛用的神仙級唇彩，質地柔滑、輕盈，延展度極佳，上唇後立即打造高級絲絨感，五款色號一次滿足不同喜好—活潑魅力莓果色01#勃根地紅酒、氣質沉穩玫瑰色02#瑪薩拉紅酒、獨一無二暗黑色03#冰釀葡萄汁、成熟溫柔土棕色04#冰美式咖啡、御姊氣場正紅色05#熟成葡萄柚。,897.0,3
8523804,護妍天使健康平衡安肌水加量組,穩定肌膚屏障及提升防禦力,897.0,3
8507132,我的心機茶樹桃拓酚淨荳黑面膜6入,碳纖維黑膜布，親膚服貼，深層淨透毛孔髒汙，促進肌膚水油平衡。,897.0,3
7105524,NESTI DANTE 義大利手工皂250g-紫藤紫丁,義大利佛羅倫斯的手工皂 堅持最好，自然精緻 給予最無微不至的呵護,897.0,3
7432346,我的心機黑珍珠絲光嫩白黑面膜8入,4716872044030,897.0,3
7327347,KQ-2042貝印3D曲面零負擔指剪,特色：,897.0,3
7376921,百洛滋潤凝膠100ml,百洛滋潤凝膠為一種改善乾性肌膚的新世代產品,897.0,3
7105525,NESTI DANTE 義大利手工皂250g-香柏木,義大利佛羅倫斯的手工皂 堅持最好，自然精緻 給予最無微不至的呵護,897.0,3
8246160,角落刺繡麻花觸控雙層手套-貓咪海沙,最可愛的角落小夥伴陪你療癒過冬！刺繡工藝呈現可愛的角落小夥伴角色。,897.0,3
8246182,角落刺繡麻花觸控雙層手套-蜥蜴粉紫,最可愛的角落小夥伴陪你療癒過冬！刺繡工藝呈現可愛的角落小夥伴角色。,897.0,3
7085576,萌狗蝴蝶扣短夾-2款任選,萌萌柯基卡哇伊風格一手輕鬆掌握收納需求萌萌少女心青春無限靈動,897.0,3
7368205,VOLA 內刷毛防風裙-灰,擺脫寒冷保暖升級,897.0,3
7427217,SABRINA美肌舒適感絲襪3雙組(M~L)裸色,4547847006551,897.0,3
7085571,淑女蝴蝶扣短夾-4款任選,特製雙愛心五金、My Beauty甜美風格 小巧精緻輕鬆掌握多功能性夾層滿足收納需求,897.0,3
7690478,MEXX清新香氛噴霧250ml-經典柑橘,前調:佛手柑、檸檬、黑醋栗,897.0,3
7523364,EVERYYOU每日保濕眼膜120枚_透亮,4550283882443,897.0,3
7596373,SALON DE MAGIE沙龍洗髮精350ml,230˚C 熱損傷保護秀髮護理系統，10種植物蛋白質+5種複合精油添加，無需沖洗好用保濕不黏膩劑型,897.0,3
7083877,蒂沐蝶薰衣草豐盈植萃護髮乳500g,蘊含歐洲有機認證成分，不含矽靈,897.0,3
7623506,I’M MEME我愛澄露美唇油,嫩唇必備！美唇的果油精華浴～,897.0,3
8070701,【廠商直送】人體感應燈,溫馨白光設計，柔和不刺眼,897.0,3
7589246,1/2少女襪-滾邊圓點2雙入-多色任選,觸感柔順 ，吸汗透氣,896.0,8
7978266,Solone榛果訂製房型鋪色刷/AC10,,896.0,7
7978265,Solone榛果訂製馬蹄暈色刷/AC09,,896.0,7
8585606,【廠商直送】MOSCHINO泡泡熊迷你瓶5ml,小香皆為沾式(無噴頭)，輕塗抹於頸部、手腕、耳後跟等脈搏跳動處，可散發香味。,896.0,4
7138839,奈良彌亞護髮染-M8馬卡質感灰40g*2,不添加 PPD,896.0,4
8585557,【廠商直送】Versace雲淡風輕迷你瓶5ml,小香皆為沾式(無噴頭)，輕塗抹於頸部、手腕、耳後跟等脈搏跳動處，可散發香味。,896.0,4
7108520,施華蔻多效修護洗髮乳600ml,施華蔻嶄新尖端秀髮修護科技,896.0,4
8081901,【廠商直送】Tsuvimi 姿慧美 彩妝組合 Q30自信滿點,Q30 自信滿點 彩妝4件組,896.0,1
8243155,【廠商直送】MamaCook-不鏽鋼全能奶鍋4件組,多功能「燉、煮、蒸、炸」一鍋搞定,896.0,1
7835242,【廠商直送】YO KO CLUB大女有袖兩件式褲裝,,896.0,1
7160557,凱蒂娃娃 單色腮紅6g,讓人抨然心動的微醺膨潤頰,895.0,5
7401986,小林製藥垃圾桶除臭貼1入 (新舊包裝隨機出貨),利用香氣薄膜，去除廚餘尿布上異味,895.0,5
8090123,樂扣樂扣第二代耐熱玻璃保鮮盒圓形380ML/白,採用耐熱400℃玻璃材質，烹調保鮮一手包辦,895.0,5
8123856,寶可夢筆套公仔-第二彈(款式隨機出貨),,895.0,5
7330660,瑪榭120丹無反光褲襪,無反光系列120 Denier,895.0,5
7952716,Lumina抗菌敏感肌洗臉巾,【抗菌呵護，開封後長保潔淨】抑菌率達99%，存放空氣中仍能有效防止細菌滋生。,895.0,5
7139877,興家安速果蠅餌劑38g,日本原裝進口。環署衛輸字第0851號,895.0,5
8036152,樂扣樂扣全能萬用剪刀22CM/霧粉,人體工學設計，讓剪刀也可輕鬆使用,895.0,5
8051029,三麗鷗MyMelody4D口罩粉色漸層8入幻彩,4719880901241,895.0,5
8246914,OMORY職人可調式防潑水圍裙-深藍,阻隔油膩，家用/營業用都適合。,895.0,5
7371051,瑪榭防潑水觸控花紗手套-尺寸任選,防潑水面料，立體剪裁，服貼度佳,895.0,5
8523540,CB涼感萬用巾素色洞洞 多款任選,,895.0,5
8066575,澳佳寶蔓越莓15000(60顆),,895.0,1
7097237,妮維雅 男士止汗爽身噴霧 無印乾爽150ml,不殘留白印並減少黃色汗漬,894.0,6
7098822,花王植萃弱酸洗髮精酷爽去屑型750ml,日本全方位淨護技術: 維持毛孔暢通不阻塞,894.0,6
7402482,森/棉麻8分格整理盒,1.硬挺布面，鋼圈支撐,894.0,6
7166312,好自在Radiant液體衛生棉幻彩系列9片(量多27cm),尾端凹槽3D FIT超貼合身體,894.0,6
8275951,Solone極潤緞光唇膏,滑順不乾澀，輕薄不厚重。,894.0,6
7723346,Tilley皇家特莉經典皂220g-廣藿&麝香,澳洲百年香氛品牌 皇家特莉,894.0,6
8126142,不鏽鋼耐用淋浴軟管-1.8M,ABS電鍍，耐腐蝕不易髒,894.0,6
7169947,美麗日記阿里山控油精粹面膜４入,平衡肌膚油脂：阿里山高山烏龍茶(含有兒茶素及多酚成分，具油切、助皮膚調節水油平衡，讓皮膚達到最佳狀態),894.0,6
7319234,YABY針織保暖脖圍-灰,保暖時尚、觸感細柔舒適,894.0,6
7257987,御廚系櫸木柄304不銹鋼大匙,天然櫸木柄+304不鏽鋼本體,894.0,5
8585621,【廠商直送】Anna Sui許願精靈迷你瓶4ml,小香皆為沾式(無噴頭)，輕塗抹於頸部、手腕、耳後跟等脈搏跳動處，可散發香味。,894.0,3
7402475,森/棉麻抽取式衛生紙套/掛式,1.硬挺布面處理不易鬆垮,892.0,8
8118782,永和三美人 海小212化妝海綿 1入,• 規格︱1入,891.0,50
7470988,小林香花蕾一滴消臭_玫瑰香20ml,4987072032626,891.0,9
7620397,韓國AROUND ME香水護手霜60g-玫瑰檀香,韓國製造精品級香水護手霜,891.0,9
7949366,VOLA 止滑兒童褲襪-多色多尺寸任選,彈性佳,891.0,9
7864404,日本獅王趣淨料理手去味慕斯180ml補充包,料理專用洗手慕斯,891.0,9
7243768,元氣生活三效除濕劑450ml*4入-玫瑰,本除濕劑經濟又環保採進口吸水粒添加玫瑰香氛粒芳香防霉除濕效果佳適用衣櫥置物櫃鞋櫃床頭櫃等多濕氣場所,891.0,9
8237026,日藥本舖元普4D醫療口罩10入U虎感謝您,,891.0,9
7293714,超彈力玫瑰奶茶美妝蛋(TLHF006),水滴型 彈力極佳 不易吃粉底 無怪味 上妝效果佳,891.0,9
7099547,萊雅專業男仕炭黑酷涼洗面乳 100ml,富含磁性炭，此成分能有效去除髒汙及油光,891.0,9
7403771,CottonLabo棉花月兔姬吸油面紙150入,4531261702311,891.0,9
7094554,優若美痘痘貼吸收型12入,美國進口醫療級水膠體敷料,891.0,9
7836562,奈森克林牙間刷10+2入-5S,刷頭頸部具彈性可彎曲，清潔齒縫輕鬆上手,891.0,9
7931957,丸三愛無調整豆乳無糖1L,,891.0,9
7230883,LUCKY 保濕美容液手膜,"調理肌膚,可搭配護手套效果更佳",890.0,10
8599129,加倍潔過碳酸鈉去污粉600g,✩高純度活氧等級,890.0,10
7821348,C-微碳酸舒綿入浴劑50g-洋甘菊柑橘薄荷,以碳酸蘇打(碳酸鈉)為基底的發泡型入浴劑,890.0,10
7365898,VOLA  100丹全足褲襪-加大,100丹微透膚輕盈顯瘦,890.0,10
7433282,日本SEARUN岩鹽入浴劑_柚子生薑30g,4547073510082,890.0,10
8022142,大頭叔叔爆米花 200g(起司/巧克力/焦糖),,890.0,10
7063638,長思水晶蜜棗235g,堅持不添加防腐劑、甜味劑、色素,890.0,10
7426686,日本獅王固齒佳珍珠亮白牙膏_百花薄荷130g,4903301205753,890.0,10
7565416,電繡貓咪福神AB中筒襪,質感電繡,890.0,10
7044941,米大師探索者水果餅40g-蘋果、香蕉,幫助7個月大以上寶寶練習輕度咬合咀嚼,890.0,10
7427891,巧思斜頭粉刺夾,特製 斜頭粉刺夾,890.0,10
8588571,CELEBOO珍珠美艷入浴鹽50g,4987332124146,890.0,10
7731388,上山採藥茶樹淨涼美背噴霧100ml,添加有機茶樹精油、4維他命B3與薄荷涼感配方搭配可倒噴零死角噴頭,890.0,2
7094481,碧歐斯BIO膠原燕窩超澎精華霜50g,微膠囊精華注入，彈潤感UP!肌膚超澎、超彈,890.0,2
7063470,OLAY新生高效緊緻活膚露150ml,水潤肌膚，提升彈性,890.0,1
7523748,易利氣磁力項圈EX黑色45公分,4902522670692,890.0,1
7432433,DHC深層卸粧油200ml,4511413514481,890.0,1
7925344,【廠商直送】R3半開式雙側開連身雨衣,加高領圍防護設計,890.0,1
8609401,【廠商直送】RASTO復刻木質美聲藍牙喇叭-RD10,可插卡TF直接撥放音樂、可接USB讀取音樂、透過音源輸入，享受音樂,890.0,1
7445076,小甘菊即時潤澤護手霜50ml,專為敏感的手部肌膚調和的成分；德國洋甘菊能舒緩肌膚,889.0,7
7698359,點胭脂 輕盈保濕 Rubycell 四層氣墊粉撲(2入) (包裝樣式隨機出貨),• 由點胭脂團隊研發設計，採用韓國專利抗菌面料,888.0,6
7414980,Lilybyred 甜美心型腮紅,淡淡的色彩感演繹 多變意境,888.0,3
7434145,YG-排汗保暖U領男長袖衫-白,,887.0,3
7432384,BCL_Saborino早安面膜32枚,4515061186311,886.0,2
7432475,BCL_Saborino早安面膜28枚_保濕型,4515061186342,886.0,2
7432396,BCL_Saborino早安面膜32枚_清爽型,4515061186335,886.0,2
7555815,迪士尼公主系列童巾27*54cm,柔軟舒適,885.0,15
7091831,統一生機果乾袋裝70g-無花果乾,咬感奇特的無花果乾，富含膳食纖維，不加糖，籽粒與果實激盪出絕妙的新奇滋味，適合需補充膳食纖維的上班族、老人、小孩及女性食用,885.0,15
8187492,超消臭全導氣網1/2襪-M-多色任選,360度全導氣透氣網,885.0,15
7105921,無染系列-竹炭紗沐浴巾,安心、無染色、無甲醛,885.0,15
7555253,吉室無染洗衣袋-細網目30*35cm,有效避免水流或摩擦造成的面料損壞,885.0,15
7598778,可愛插畫圖案中筒襪-多色任選,繽紛色彩,885.0,15
7278427,多芬清爽水嫩沐浴乳1000g,蘊含清新小黃瓜與綠茶精華,885.0,6
7300776,Kesho 盈采綺麗刷具 (共8款),"◆ 專櫃級刷毛, 德國BASF仿生物動物毛料",885.0,5
7265420,Coolist微香滾珠舒壓棒8ml-清新皂香,降溫涼感、提神舒壓、滾珠按摩,885.0,3
7265419,OK男士革命去異味厚腳皮爽足抗菌皂80g,男性頑固的足臭徹底對應!!,885.0,3
7673300,【廠商直送】女款棉質拚色日系可愛兔子隱形襪-6雙入,日系可愛兔子圖案,885.0,3
7800919,LuLuLun東京限定面膜7入-米糀,1.有效提升肌膚的保濕度,884.0,4
7423089,川口製果-新蜂蜜檸檬潤喉飴74g,4901380120264,882.0,18
7255227,BVD簡約條紋休閒女襪套2雙入-多款任選,簡約造型,882.0,9
7816692,LuLuLun平衡保濕面膜升級款7入,4582305068849,882.0,6
7098346,SWISS MISS可可粉208g-義式榛果,帶有奶油香氣的榛果,882.0,6
7927620,優德莎莉滴雞精50ml_7入,4711061390011榮獲 2022年度 Monde Selection 銀獎,882.0,1
7279645,蕾妮亞輕潔抑菌薄型衛生棉7片25cm,輕薄瞬吸99%抑菌  瞬效淨味抑菌二合一,880.0,22
7420247,韓國蠟筆小新全版隱形襪-多款可選,韓國襪子,880.0,16
7231462,316綠貝不銹鋼止滑和風方筷-2雙入,"SGS檢驗合格,不會釋出鉛砷鎘",880.0,5
7712449,A.P雨傘帕瑪格紋平織平口褲,100%純棉黃金比例布料,880.0,5
8609497,統一生機綜合堅果150g-薑黃口味,每日適量堅果，有益身體健康非油炸、不添加的好滋味堅果，讓您一口接一口，口口滿足！,880.0,4
8023677,淨新 醫用兒童3D立體口罩 50入(細耳繩) MIT鋼印 0-2歲/2-5歲/6-10歲,,880.0,4
7440244,DHC卵磷脂(30日份)90粒,4511413602652,880.0,4
7828691,工業風-無痕置物瀝水盤架,洗碗精架、菜瓜布架方便收納   底部瀝水盤可抽拉移動,880.0,4
7435665,凱婷三色漸層眼影筆3.2g_BR2,4973167388211,880.0,2
7271638,薇佳 熊大化妝水2入組,"導入小分子與海藻玻尿酸,補充流失水分",880.0,1
7896078,寵愛之名煥后保濕舒緩精華15ML,添加維他命B3、維他命B5，首創肌膚黃金B寶，高速修復,880.0,1
7795915,【廠商直送】Ladoore蕾朵兒 艾蜜莉之吻絲緞蕾絲性感睡衣,・L'adoore 艾蜜莉之吻 絲緞蕾絲性感睡衣,880.0,1
8544492,【廠商直送】FRESA-真空蒸煮微波保鮮盒3入+真空棒,獨家專利抽氣閥延長7倍鎖鮮,880.0,1
7523454,薇佳微晶3D速卸潔顏油150ml,4713968881579,880.0,1
7419733,【廠商直送】蕾朵兒Ladoore 神包覆 20cm up 脅邊加高超包覆無鋼圈成套內衣 (黑),側邊 20cm up 超包覆內衣,880.0,1
7419747,【廠商直送】蕾朵兒Ladoore 初晨之光 『24H美胸』 睡眠系無鋼圈成套內衣 (黑),【夢幻逸品-無鋼圈內衣】,880.0,1
8176384,【廠商直送】bitplay Wander Case iPhone 14 系列 隨行手機殼 - 多款任選,輕薄、透色 軍規防摔,880.0,1
7732095,【廠商直送】Ladoore蕾朵兒 灰姑娘舞鞋絲緞蕾絲性感睡衣,・L'adoore 灰姑娘舞鞋 絲緞蕾絲性感睡衣,880.0,1
8504065,【廠商直送】Ladoore蕾朵兒 夕陽茉莉 前扣蕾絲睡袍,L'adoore 夕陽茉莉 前扣蕾絲睡袍,880.0,1
7970054,貓狗-派比樂寵物雞肉鬆90g - 多款任選,精選CAS雞肉製作，100%純肉!,879.0,11
8090131,樂扣樂扣輕鬆熱分隔玻璃保鮮盒長方形/950ml,採用耐熱400℃玻璃材質，烹調保鮮一手包辦,878.0,2
8170999,萊悠諾香水珍珠洗衣膠囊45顆-多種任選,全新微膠囊留香科技，智慧鎖香因子,878.0,2
7094816,立朵舒私密潔浴露250ml-滋潤緊緻,獨特牛奶精華 乳酸+乳清,878.0,2
7231465,綠貝316圓型便當盒,"採316不鏽鋼材質,耐酸鹼抗腐蝕",878.0,2
7780081,露得清深層毛孔潔淨露200ml,深層潔淨毛孔 深層潔淨毛孔成分—水楊酸，能深入毛孔溶解髒汙、油脂及殘妝。,876.0,4
7643440,Artis di Voce香氛保濕護手霜40g-佛手柑,[柔嫩雙手]- 富含滋養成分，柔化舒緩疲倦的肌膚。以絲滑輕盈且易吸收的質地來滋潤保護雙手。,876.0,4
7145217,貝印貓咪迷你睫毛夾,可愛的貓耳造型。,876.0,4
7926449,零著感高腰無痕修飾褲,符合人體工學透氣無痕親膚零著感,876.0,4
7595558,絲蘊淨透清潤護髮素420ml-日本藍藻,萃取天然日本藍藻成分，溫和洗淨頭皮油脂與汙垢，舒緩淨化頭皮，滲透修護髮芯，賦予秀髮輕盈水感保濕,876.0,4
8068898,古寶無患子洗髮精華露450g,,876.0,4
7094828,韓國原辰安瓶面膜雪絨花緊緻30g片3入,彈潤肌膚、緊緻肌膚、保濕滋潤,875.0,7
7278911,DARLIE好來專業護齦牙刷2入,適用於敏感性與健康牙齒,875.0,7
7707814,PlayBoy室內拖鞋,台灣製造品質有保證，質感燙金LOGO設計，時尚好看,875.0,7
7380865,FILA 1/2男襪-1雙入-多色任選,耐用耐洗 舒適好穿,875.0,7
7250740,德國DM洗衣護色防染色紙24入,歐洲原裝進口,875.0,5
7298746,一匙靈超濃縮洗衣精3.0kg-制菌,洗淨力0%新升級,875.0,5
7666964,【廠商直送】居家cheaper 日式機能伸縮吊衣架,粗管徑設計，載重佳,875.0,1
7055735,碧歐斯BIO水感舒緩潔面霜100g,添加敏弱肌配方、玻尿酸及庫拉索蘆薈液汁，強效補水滋潤肌底,874.0,6
7088362,妮維雅 男士止汗爽身乳液 乾適活力50m,長效止汗、極速乾爽效果,872.0,8
7323096,Lumina伸縮斜口修容刷,1.伸縮好攜帶，不汙染包內其他物品。,872.0,8
7089160,茶樹莊園茶樹抗菌洗手慕斯500g,超細緻綿密泡泡，植物萃取不乾澀,872.0,8
7279639,蕾妮亞輕潔抑菌0.1衛生棉8片3入22.5cm,輕薄瞬吸99%抑菌  瞬效淨味抑菌二合一,872.0,8
7292626,永井味付海苔片2.2g*8入,薄脆好吃,872.0,8
7832955,小林馬桶洗淨錠星星藍流120g_葡萄柚,4987072067451,872.0,8
7521233,【廠商直送】Sundown日落恩賜 精萃深海魚油1200mg(100粒/瓶),『分子蒸餾法』萃取精純魚油,872.0,1
7426753,Jacks超極細軟毛3入,4717460091030,871.0,9
7570177,VOLA 特大直角男襪-3雙入-多款任選,加大款式釋放雙腳不委屈,870.0,6
7420321,【廠商直送】蕾朵兒Ladoore 挑逗禁區 蕾絲性感丁字褲 (藍),嚴選細緻奢華蕾絲,870.0,3
8504048,【廠商直送】Ladoore蕾朵兒 時尚伸展台 性感交叉縷空蕾絲內褲,L'adoore 時尚伸展台 性感交叉縷空蕾絲內褲,870.0,3
7114667,蕾朵兒Ladoore 拉拉兔魔術拉提胸貼,女生們最需要的好朋友【魔術提胸貼 】,870.0,3
7659171,【廠商直送】Ladoore蕾朵兒 長島冰茶蕾絲性感丁字褲,・嚴選細緻奢華蕾絲　剪裁最適合東方女性版型,870.0,3
7420286,【廠商直送】蕾朵兒Ladoore 挑逗禁區 蕾絲性感丁字褲 (黑),嚴選細緻奢華蕾絲,870.0,3
7746119,【廠商直送】Ladoore蕾朵兒 愛不釋手 吊襪帶式性感大腿襪-黑,L'adoore 愛不釋手 吊襪帶式性感大腿襪,870.0,3
8070717,【廠商直送】wesmile電動馬達清潔刷-刷頭4入組,wesmile-台灣品牌,870.0,3
7261063,GATSBY魅力男香(極樂天堂)100ml,散發閒適愉悅的魅力誘惑,870.0,3
7746130,【廠商直送】Ladoore蕾朵兒 叛逆 簡約素面大腿襪-黑,L'adoore 叛逆 簡約素面大腿襪,870.0,3
7164147,箱購-PurreLand倍淨豆腐貓砂5L*6入-多款任選,食品等級原料及配方。對您的寵物及環境無害。,870.0,1
7427082,【官網限定販售】克潮靈吊掛式除濕袋2入_去霉味,4710731051108,869.0,11
7373753,優生嬰兒柔濕巾80抽-維生素C清爽型,清新維生素C配方，水感再升級，柔嫩肌膚，可清潔手部與臉部及全身肌膚，自然呵護肌膚，同時適用於清潔用品,869.0,11
7257837,丈夫40D褲襪-多色任選,超貼 全包覆,869.0,11
7099564,狗-多格漫犬用野菜棒30g-多款任選,香脆美味的棒狀餅乾，採用日本當地種植蔬菜-含有豐富的維生素，礦物質和食物纖維,869.0,11
7426574,日本獅王NONIO終結口氣舌苔清潔凝膠,49795462,869.0,11
8044727,IM 神隱級強力雙面雙眼皮貼-加寬款220枚,●中段加寬設計，打造圓萌無辜眼，超隱形不曝光,869.0,11
7748421,OUTDOOR 女後撞色機能運動襪-綠,耐用耐洗,869.0,11
7053649,刷樂纖柔炫麗牙刷6支入,<0.01mm 長短纖柔毛 深入清潔牙齦溝,869.0,7
7396994,蘇菲超熟睡超薄乾爽瞬吸層14片28cm,"\"\"\"超柔軟乾爽瞬吸層，柔軟膚觸0摩擦",868.0,14
8496117,沛特斯玫瑰複方水潤洗髮精550ml,韓國研發製造，100％安心植萃配方,867.0,3
7425375,纖Q好手藝紅豆水2g*30入,4713945911626,867.0,3
7164244,氧顏森活歐洲七葉樹舒緩面膜3入,七葉樹萃取：來自歐洲的七葉樹萃取液具有調理、舒緩效果，緩和肌膚因敏感所產生的不適現象。,867.0,3
7140166,呂 黑豆蓬鬆健髮潤髮乳400ml,加強效的頭皮髮根髮絲5重營養修護效果,867.0,3
7278939,戀愛魔鏡  捲捲女爵超捲翹睫毛膏BK999(升級版) 6g,360°全方位睫毛膏，從根部就捲翹。,867.0,3
7087759,好立善葉黃素複方軟膠囊30粒,葉黃素保健重點不在單一營養素劑量高低多寡，而是有效搭配精心調製的抗氧化劑複方，達到保健的優良效率，游離型葉黃素提升吸收率、吸收快，明亮又舒適。,867.0,3
7426702,記陽假牙清潔錠(未滅菌)Dentclear綠茶120錠,4971902070353,867.0,3
7394020,MARO男士終極 全效沐浴乳450ml,,867.0,3
8014047,【廠商直送】大女兩件式褲裝,年輕運動俐落設計。,866.0,1
7931600,護妍天使煥顏淨痘痘痘貼綜合36入,,865.0,5
7427342,WELCO 衛浴防黴噴霧(100ml),4995860513387,864.0,8
8117137,ORIHIRO蒟蒻果凍_蘋果葡萄12入,4571157255408,863.0,7
7105121,首爾DESIGN方形鯊魚夾磨砂(中)-6款任選,色系超漂亮的韓系髮夾抓力也很棒唷~可以夾公主頭或整個盤起來都很美滴,861.0,15
7936873,【廠商直送】Hangten 純棉格紋平口褲2入組,經典老闆褲/高棉含量,860.0,2
8237056,遠東攝得順南瓜籽膠囊60粒,,860.0,1
7832809,朵拉娃DOROAWAWA濃密泡沫洗面乳110g黑款,4560166875172,859.0,1
7540336,RocketSoap濃縮洗潔精250mL綠蘋果香,4903367302878,858.0,22
7426293,蘇菲彈力貼身日用潔翼14片,4710054150175,858.0,22
8246839,isLeaf美肌入浴劑40g生薑,,858.0,22
7327030,靠得住冰爽衛生棉9片23cm,"10分冰爽感,體驗前所未有的冰涼舒適",858.0,11
8541477,【廠商直送】【4U2】糖果眼頰調色盤,2in1眼頰通用，眼妝、頰彩、修容一次搞定,858.0,2
8593559,KINYO 陶瓷隨行保溫杯500ml  黑KIM-46B/白KIM-46W,,858.0,2
7940325,【廠商直送】女款鏤空網眼及膝襪-3雙入-多色任選,素色不對稱條紋,858.0,2
7946957,【廠商直送】cocodor浮游花擴香瓶200ml-英國小蒼蘭,將永生花材與擴香液結合，放進透明的玻璃瓶就是浮游花植物標本，可以長時間保持花朵綻放的姿態，也是一件絕美的藝術品。,858.0,2
8118676,【廠商直送】RONEVER專利束線延長線4孔4切6尺,防火材質，耐熱耐高溫，符合CNS國家標準。,858.0,2
7800959,LuLuLun面膜升級款7入-潤白透亮,1.提升肌膚對太陽熱度傷害的保護力,856.0,4
7453327,Karadium 電影女王防水眼線筆 (多款任選),Movie Queen,856.0,2
7453344,Karadium 極細完美防水眼線筆 (新舊包裝隨機出貨),純黑色眼線筆,856.0,2
7122319,GATSBY強粘造型噴霧45g,1.超快乾，持久定型,855.0,9
7666145,【廠商直送】居家cheaper 電鍍極簡洞洞板四層推車,安全圓弧手把，頂部加高手把 方便推動,855.0,1
7042097,(已結束合作)倫敦芮魅Rimmel 叛逆玩色腮紅盤,容量加大! 持妝效果長!,852.0,4
7263830,媚點 優雅柔光頰彩RD-01,自然高雅，優雅柔光腮紅；無須技巧，打造自然紅潤感,852.0,4
7309451,待刪除-Tryall全分離乳清蛋白35g-木瓜牛奶,"市場最高蛋白質含量 ,每包含有 28g 蛋白質",850.0,17
7309455,Tryall全分離乳清蛋白35g-蜂蜜牛奶,"市場最高蛋白質含量 ,每包含有 28g 蛋白質",850.0,17
7414972,凱婷 粹選單色眼影 (多款任選),自由搭配色彩和質感的單色眼影,850.0,5
7089292,塔利雅沙龍級白髮用快速染髮霜-5自然棕,新生髮際補染首選，不易滴落的乳霜質地,850.0,2
7199231,DR.CARE深海藍寶石全效保濕活膚80ml,"台韓共研的Dr. CARE,不僅擁有韓國的保養品技術,更結合了台灣的特性、天氣,成就一種最適合台灣人所使用的",850.0,1
7234660,Stasher-站站矽膠密封袋1656ml-白,全球首款可站立式一體成形矽膠密封袋，超能裝、不傾倒！咖啡豆、可可粉、米粒，盡管放入你想得到的東西！,850.0,1
7063566,王薇薇同名淡香水擁抱系列30ml-梨花綠茶,前 味： 梨花、佛手柑、綠茶,849.0,1
7796332,【廠商直送】Feeltek Nano 10000mAh 高效雙輸出 風格款行動電源-兩色任選,手機同質A+鋰聚合物電芯,849.0,1
8013456,OMORY不鏽鋼多功能伸縮瀝水籃架,˙適用寬度約21~39公分,847.0,3
7245821,OMORY-304不鏽鋼法式餐具組附袋-黑色,#304不鏽鋼鏡面拋光,847.0,3
7702522,【廠商直送】一家人愛密私益生菌30入,新生私密保養學,846.0,1
7836576,依必朗簡單任務消臭劑150g-冰箱專用,淨味消臭 雙效功效,845.0,13
7440033,ZP學齡前兒童牙刷(2-5歲適用)-顏色隨機,ZP學齡前兒童牙刷(2-5歲適用),845.0,13
7598675,韓國史努比立體耳朵人物短襪-多色任選,卡通必備,845.0,13
8081024,INOMATA-磁鐵收納盒-白色8.5x8.5CM,可收納家裡、廚房經常使用的日常小物,845.0,13
7697988,OMORY原創防潑水收納袋-繽紛橡樹50*36cm,大容量收納衣物、棉被、床包。,845.0,5
7063624,越南魚皮100g-鹹蛋,特選新鮮魚皮與獨門秘方的鹹蛋黃製作而成 一咬下去，酥脆口感再加上鹹蛋黃的香氣，越嚼越香,845.0,5
8084761,好自在熊抱安睡量多日夜用12片2入317mm,1. 超吸透氣，升級防漏超安睡,845.0,5
7047885,1028飛激翹睫毛夾,符合亞洲眼型,845.0,5
7224350,悠活緩壓室外拖鞋-多款任選,足底緩壓 立體按摩球設計,845.0,5
7105691,日式居家健康按摩拖鞋- 3色任選,拖鞋輕盈好走靜音不吵鬧，鞋底防滑，室內外都適穿，男女款多色任選,845.0,5
7800956,LuLuLun九州限定面膜7入-酢橘,一邊享受清爽香氣 一邊打造美麗肌膚,845.0,5
7633431,浪漫香氛擴香瓶85ml-多款任選,"本產品採新穎設計,全新配方香味更強,持續散發4-5週,利用擴香棒散發香氣,散發效果佳,讓室內空間持續芳香.",845.0,5
8126138,環境健康管理溫濕度計,玻璃表面清晰耐用,845.0,5
7048915,職人專用粉撲(綜合型)30P/NKO-4509,"彩妝師專業用,三種造型設計(三角,五角,菱形).適用",845.0,5
7169102,3M荳痘貼神隱形小痘60入,隱形度升級:0.02薄型霧面質感,845.0,5
7518927,冰雪奇緣女童三角褲2入,好穿舒適,845.0,5
8237587,PsCICA積雪草保濕身體滋潤乳液400mL,,845.0,5
8489974,高露潔抗敏感牙膏120g-強護琺瑯質,,845.0,5
7426552,DrBEAVER兒童專用彩色牙刷12支,4538604091101,845.0,5
7432705,三和通商 日本米&酒粕保濕面膜7枚,4543268094542,845.0,5
7047872,1028 根根分明睫毛梳,輕巧梳 綻放花瓣睫,845.0,5
7811367,日本PG JOY新逆壓洗碗精300ml-三款任選,日本原裝進口,845.0,5
7094827,韓國原辰安瓶面膜綠吊瓶修護30g片3入,煥顏美肌、活力肌膚、舒緩滋潤,845.0,5
7427361,ARIEL超濃縮抗菌洗衣精瓶裝900g_經典抗菌,4987176041968,845.0,5
7832902,碧菲絲特清爽碳酸泡洗顏180g,4902806471601,845.0,5
7432405,美源花果香快速染髮霜6(暗棕色)40g*40g,4987205051401,845.0,5
7148659,台塑Dr’s Formula-除臭清新噴霧255g清爽茶香,非傳統以濃郁香味覆蓋異味,845.0,5
7478441,角落小夥伴女童精梳純棉四角褲2入,手感柔順、透氣吸汗,845.0,5
7098850,卡樂芙鎖色漾彩護髮精華70ml-輕盈款,添加保養級黃金玻尿酸與蠶絲蛋白成分,845.0,5
7931879,比得兔化妝包_側兔小花,,844.0,2
8215696,【廠商直送】Prodigy波特鉅-舒腰枕-涼感防蚊款,脊椎的靠山,844.0,1
7931895,比得兔方巾_玫瑰花藍_棉,,844.0,1
7883647,戀愛魔鏡 魔女幻彩眼影盒 4g (兩色可選),光澤打底+粉質珠光，打造如繁星灑落般的閃耀雙眼！,843.0,3
7091161,I’M MEME我愛持久遮瑕蜜雙頭進化版,雙刷頭進化版!,843.0,3
7379711,成功智能電子計數無線跳繩-顏色隨機,人體工學 矽膠手柄 防滑手感好,842.0,3
7432847,SANA豆乳美肌煥白多效凝膠霜N100g,4964596700279,842.0,2
8528466,廚房去油污清潔濕紙巾 80抽加蓋,,841.0,29
7366086,福記香鐵蛋30g－辣味鵪鶉蛋,"運動補充體力,隨時吃蛋白質",840.0,21
7298868,Cucute超濃縮洗碗凝露240ml-多款任選,"來自日本的究極洗淨力,日本洗碗精第一品牌Cucute,產品力獲得消費者高度肯定。",840.0,8
7931475,花王蒸氣溫熱貼5片裝,,840.0,4
7973974,阿葵亞瞬耀護色洗髮精（保濕）1000ML,髮色更長持,840.0,3
7833047,日本EARTH馬桶噴嘴清潔劑200ml,4901080686213,840.0,3
7260035,VISEE 絕魅聚焦眼線液筆,1. 高顯色的水彩質地，色彩服貼，持久不脫粧,840.0,3
8234350,SUNLIFE森萊富鐵+C發泡錠20錠,符合歐盟規範，安心有保障!,840.0,3
7446420,日本 MELLSAVON 洗面慕斯-草本 150ml,100%皂基,840.0,3
7734521,艾瑪花園菊苣益菌頭皮淨化液250ml,菊苣益生菌、B5可減少皮膚乾燥泛紅,840.0,3
7250943,D-up極細速乾眼線膠筆-深棕,五種美容精華成分複合而成。,840.0,2
8563066,ettusais 艾杜紗 絕不失手眼線膠筆特惠組(08薰衣草) 0.09g,發色濃密超顯色具有防水功效且不易暈染,840.0,2
7425753,K-Palette日不落持久眼線筆22g_茶黑色,4948130732827,840.0,2
7160028,freeplus保濕修護試用組清爽型,可實際感受基礎保養單品質地、效果的,840.0,2
7669102,【廠商直送】sNug-隱形除臭船襪-三雙入棗紅-多尺寸任選,健康無毒,840.0,1
7090232,高露潔Cushion Clean牙刷-備長炭(顏色隨機),•  7倍超濃密刷毛，綿密泡沫幫助清潔，去除牙菌斑,839.0,11
8013099,【廠商直送】Grizzly Bear~成長期少女有機棉超彈性胸衣超值3入組(同款),寬肩及細肩帶兩款設計，可自由搭配，舒適減壓，合身舒爽不悶熱。,839.0,1
7231311,立朵舒私密潔浴露柔軟滋潤250ml,獨特牛奶精華，乳酸+乳清,838.0,2
8601160,Lemon Me澳洲檸檬桃金孃植萃兒童潔牙泡40ml-3入組,澳洲檸檬桃金孃植萃,838.0,2
7245920,肌研極潤保濕凝霜50g,革命性4重玻尿酸，彈力凝霜質地濃潤滑順，水潤不黏膩,838.0,2
7913787,婦潔居家除毛熱蠟組,,838.0,2
8037560,樂品極淨水五段氣霧蓮蓬頭,日本最新技術,837.0,3
7231458,綠貝糖果色彈跳吸管太空壺2L(附背帶)-多色任選,"通過SGS檢測,透度高、耐衝擊",837.0,3
7836579,蠟筆小新 單提帆布手提袋-多款任選,單提把設計、簡約、方便,837.0,3
7219813,舒絲仕女除毛刀具1刀把2刀片,安全除毛無負擔,837.0,3
7949699,JINYU 吸濕排汗3倍氣墊素面1/2襪6雙入-2色任選,襪口舒適不勒腳,837.0,3
8604811,彩虹抗菌料理刀,不沾設計，切菜時食物比較不易沾黏在刀具上,837.0,3
7105878,淨 去屑洗髮乳750g-多效水護型,1. 微米氣泡潔淨頭皮,837.0,3
7633848,百研NBR耐油無粉手套50枚入-L,指部粗面設計 止滑效果佳,837.0,3
8223817,【廠商直送】Prodigy波特鉅-蒸愛眼-蒸氣可塑型遮光眼罩+30組熱敷包套組-3款,＂眼罩+熱敷二合一  舒緩眼睛疲勞＂,837.0,1
7522455,Solone專業眼影刷,短毛圓弧設計，輕巧控粉易上手。,836.0,11
7105618,待刪除-B+小花朵止滑墊(71*41cm)-2色任選,表面細緻紋路，增加止滑效果。,836.0,4
7426264,Soft99眼鏡清洗液超除菌型清新麝香200ml,4975759202073,836.0,4
7470968,曼秀雷敦軟膏75g,4987241104246,836.0,4
7290650,HairRecipe髪的料理洗護體驗組46ml*2蘋果防斷,,835.0,9
8508447,ORION 好麗友香烤洋芋片(原味)64g,,834.0,26
7371978,Udilife馬桶潔白洗淨錠20g*5入,有效去除馬桶上的黃漬及水垢,834.0,10
7307618,Lumina A16攜帶用腮紅刷,伸縮式附蓋設技，攜帶方便，可當腮紅刷、修容刷使用。,834.0,6
7136413,水平衡香水輕盈護髮精華油65ml-曖昧不能說,一抹柔順，瞬效滋養,834.0,6
7835413,美吾髮晨霧玫瑰奢香洗髮露700ml,奢華大馬士革玫瑰的頂級奢香，由千片玫瑰花瓣淬湅而成，香氛自髮絲完美綻放，洗後秀髮絲華柔順。,834.0,6
7959797,Biore GUARD抗菌沐浴慕絲草本香450ml補充,抗菌保濕 x 溫和慕絲質地,834.0,6
7138088,BUTLER 集中單束護理牙刷-軟毛,符合口腔各種角度，每個部位都能輕鬆清潔的刷頭設計。,834.0,6
7842561,李施德霖全效護理抗敏漱口水無酒精250ml,十效合一，深入源頭、舒緩並保護敏感性牙齒,834.0,6
7310337,刷樂備長炭亮白牙刷3支入,銀離子Ag+ 抑菌成份 減少刷毛細菌滋生,834.0,6
7213884,高露潔全效薄荷清新漱口水500ml,有效減少細菌滋生率,834.0,6
7063504,露得清深層淨化抗痘洗面乳100g,Neutrogena露得清深層淨化抗痘洗面乳，深層潔淨配方添加抗痘抑菌成份，可減少致痘因子與控制油光，有效幫助減少並預防粉刺痘痘形成。,834.0,6
7231113,Kameria濟州島粉紅蘆薈保濕凝膠300ml,5無添加,834.0,6
7340692,芝初高鈣黑芝麻粉隨手包7g*12入,8道研磨8倍細緻,834.0,6
7832582,棉花共和國 CR 抗菌純棉孕婦免洗棉褲3入,"嚴選材質舒適好穿,清爽透氣",834.0,6
7368769,Catrice魔幻女王防水眼線液筆,防水抗汗全新升級，運動女孩也能安心使用,834.0,6
7041930,essence輕柔打亮刷1items,可用於打亮、腮紅、定妝、及修容,834.0,6
7136411,水平衡香水修護髮膜180g-現正戀愛中,一抹柔順，瞬效滋養,834.0,6
7873346,黑格爾-星星男童四角褲2入-顏色隨機出貨,黑格爾-星星男童四角褲2入,834.0,6
8237554,日本獅王NONIO終結口氣漱口水_薄荷600ml,,834.0,6
8585045,1028 飛我莫屬限量眼彩盤-朱古力,,834.0,2
7403704,協和紙工_日製螺旋棉花棒100支,4969757143292,833.0,17
7319213,YABY兩穿止滑保暖襪-膚,加絨加厚持續保暖,833.0,17
7554846,NailHolic星球之旅指甲油5ml-多款任選,擁有輕盈滑順的刷毛筆觸，實現均一顯色的光澤效果。,833.0,7
8229953,IRIS日本製暖暖包10入-手握式,發熱持續時間最長約16小時，升溫快溫度高發熱久，日本原裝進口,833.0,7
7098432,綠得黑糖(原味)300g,"冬夏季煮沸後可加入芋圓,粉圓一起食用",833.0,7
7426774,Ora2淨色無暇牙膏-蜜桃薄荷,4901616008700,833.0,7
7952891,韓國滿版三麗鷗人物隱形襪-多色任選,可愛卡通,828.0,12
8249618,立得清-廚房去污濕巾30抽,添加葡萄柚精油,828.0,12
7954162,韓國童迪士尼立體耳朵中筒襪-多色多尺寸任選,童襪必備,828.0,12
8552949,愛康透芯涼感棉-多款尺寸任選(量少19cm/夜用超長41cm)(新舊包裝隨機出貨),獨家好芯涼 涼感芯片,828.0,12
7805990,寶可夢1/2襪-傑尼龜+小火龍-2雙入-多尺寸任選,正版授權,828.0,6
8122961,J lin X AM多功能完妝蛋,,828.0,4
8269669,【廠商直送】(箱購)包寧安 成人護理加大純水濕巾80抽12包-有蓋,加厚布料超含水,828.0,1
8226326,Hello Kitty輕柔涼爽掌心包8片29cm,細膩棉柔表層舒適親膚,826.0,14
8132797,湯姆貓與傑利鼠 玫瑰洗手慕斯250ml,清新香氛舒適好心情,826.0,14
8589705,設計款戴帽小熊刺繡坑條中筒襪-多色任選,可愛刺繡,826.0,14
7403634,襪口字句三隻毛毛熊中筒襪-多色任選,韓國襪子,826.0,14
7427241,角落生物_冷壓檸檬洗潔精,4716814955356,826.0,14
7836807,依必朗抗菌濕紙巾10片x3包入-綠茶,100％純水，不含酒精及螢光劑，質純溫和，帶給您如清水洗過般的潔淨感受。,826.0,14
7327020,舒潔濕式衛生紙40抽單入(新舊包裝隨機出貨),適量的水分使用過後不會濕濕的不舒服。,826.0,14
7598740,韓國滿版微笑食物中筒襪-多色任選,有趣穿搭,826.0,14
7105254,高彈力毛巾圈20入袋裝-2款任選,一組20入,826.0,14
7588644,non-no 全透褲襪-2雙入-多色任選,耐穿、薄透感、美肌,826.0,7
7275815,夢17草本泡泡染髮乳-可可棕(20ML*3包),"新配方添加草本精華溫合配方:指甲花、何首烏、摩洛哥核果油等草本植物精華,自然色彩表現讓您恢復年輕亮麗秀髮,能使毛髮於短時間快速達到輕鬆染髮氣味清香,溫和自然",826.0,4
8585782,待刪除-【廠商直送】Tangle Teezer王妃梳 英倫時尚梳-粉紫色,英國專利護髮梳，熱銷全球,826.0,2
7420252,韓國糖果純色條紋短襪-多色任選,韓國短襪,825.0,15
7108242,樂品細網洗衣袋2入-L,通過美國及歐盟測試標準，防護升級,825.0,11
7799270,雙子星浴帽2入組-藍,三麗鷗正版授權,825.0,11
7426284,soft99濃縮眼鏡防霧劑(持久型)10g,4975759201922,825.0,3
7069931,東門橄欖片120g,可重複使用夾鍊設計 保持產品新鮮美味,824.0,8
7658543,A.P雨傘AB紗平口褲,特殊拔印技術，印花久洗不褪色,824.0,4
7865893,歐洲Barwa奢華SPA甜杏仁香氛皂190g,來自歐洲波蘭在地生產,822.0,8
7448900,絲芙蒂玻尿酸特淨卸粧洗顏霜190g,洗臉時不隨著清潔彩粧及髒污導致水份流失，持續給予肌膚所需的潤澤，打造潔淨後清爽又水潤的好膚質,822.0,6
7519846,【廠商直送】美國Sundown日落恩賜 勇健鈣鎂鋅加強錠(100錠/瓶),能量代謝的重要元素,822.0,1
7739830,【廠商直送】女款棉質可愛卡通圖案刺繡中筒襪-7雙入,百搭學院風格,819.0,3
7425281,味之素醇緻原味-起司濃湯54g,4901001399116,818.0,14
7122428,健腹腳踏拉力器,腹部訓練，三條高彈力橡膠管 原料採用塑鋼材質，安全不斷裂,818.0,3
7472102,(已結束合作)Rimmel 365D有持無孔妝前凝乳,妝前打底，維持一整天不脫妝,816.0,3
7326872,高絲植淬白潤肌精玻尿酸超淨透卸粧液144ml,無油配方，質地如美容液般不厚重可輕鬆洗淨,816.0,3
7900793,【廠商直送】秘之湧水美媒隨身補水組(160mlx2瓶/50mlx3瓶),礦晶離子能量加倍，再添加珍貴布列塔尼晶鹽，一次提升吸收力、保水力、續航力，成分升級、效果加倍。啟動代謝、滋養活化，立即噴立即有效，解決所有肌膚問題，促進皮膚代謝，油水平衡，保持毛孔清潔，引導保養品成分深層吸收，將水、氧、營養成分導入肌膚，直接補充肌膚所需水分，讓肌膚由內而外散發自然光澤。,815.0,1
8119892,熊寶貝柔軟護衣精補充包1.75L小蒼蘭,72小時持香 散發質感香氛,814.0,11
7055344,樂品絲薄化妝棉500枚補充包 (包裝隨機出貨),超薄設計，親膚不掉屑,812.0,28
7042113,MEKO 飛吻緋唇亮澤唇膏(共6色),一抹就上色超顯色唇膏,812.0,4
7083993,美吾髮快速護髮染髮霜-6號自然亮黑(男),"食品級植萃成分, 4倍植護科技, 維護頭皮健康",812.0,4
7125504,美吾髮快速護髮染髮霜-66號深亞麻棕,"食品級植萃成分, 4倍植護科技, 維護頭皮健康",812.0,4
7488007,韓國 IM UNNY 純棉柔膚雙效化妝棉 50片/包,韓國原裝進口,810.0,9
7366839,阿薩姆奶茶400mlx6入-多款任選,經典阿薩姆奶茶加入紅潤蘋果，濃醇口味不減,810.0,9
7155671,Hananingen x Artis di Voce指甲油 15ml - 多款任選 (新舊包裝隨機出貨),結合花草和指彩創造的藝術計畫,810.0,6
7915496,MEKO 絢彩極光眼影慕斯 (多款任選),慕斯質地妝效持久,810.0,6
7156153,flicka nail x Artis di Voce 砂糖指甲油 15ml (多款任選),含有砂礫般的細緻效果,810.0,6
7268758,【即期品】Avene 雅漾抗痘調理化妝水200ml(效期:2024/12/31),"水狀粉狀雙重劑型,雙重功效",810.0,1
7267105,【廠商直送】◎蜂蜜先生蜂蜜小禮盒(50g*3入)*3組,內含3罐純蜂蜜(龍眼蜜、荔枝蜜、野花蜜)，隨機搭配,810.0,1
7044651,力度伸維他命C+D+鋅發泡錠15錠,"維他命C,D和鋅三重保護力",808.0,2
8189023,【廠商直送】JMO潤髮乳236ml-柑橘橙花,添加十八種天然植物萃取成分，滋潤修護受損髮質，恢復盈潤柔順,808.0,1
7432285,CR馬油潤澤護髮霜160g,4936201100835,807.0,3
7105722,樂扣樂扣可蒸可煮PP微波保鮮盒1.0L,透明上蓋設計，方便檢查烹飪狀態,807.0,3
7169943,自白肌水感玻尿酸防曬凝露SPF50+ 50g,全方位長效防曬科技,807.0,3
7445033,身體幻想-小蒼蘭香氛噴霧94ml,前味:萊姆、香橙、綠色大地,807.0,3
7507575,多芬植萃石榴防斷修護護髮乳470g,強韌髮 ·受損易斷髮質適用,807.0,3
7404118,Lishan馬油修護洗髮精600ml,4582425681003,807.0,3
7661084,沙龍級男仕白髮專用快速染髮霜07自然黑,4904651179084,807.0,3
7095919,興家安速小黑帽蟑螂餌劑12入裝,日本原裝進口,807.0,3
7559969,淨 日本專業養護護髮乳350g-強韌健髮,毛髪科学と皮膚科学の融合,807.0,3
7404081,MarrieneSosu美足去角質膜-玫瑰(2回分),4582174740679,807.0,3
7135945,莉婕泡沫染髮劑-午夜灰藍色(新舊包裝隨機出貨),獨家光影雙色調色技術，讓髮色在光影下呈現不同變化,807.0,3
7053419,自白肌極潤玻尿酸精華乳200ml,效多功獨特玻尿酸保濕科技,807.0,3
7111984,記憶海綿吸水地墊-3色任選,"超細纖維面料,質地綿軟,吸水性佳",807.0,3
7432309,日本花精暫時性補色噴霧黑褐色,4971616200428,807.0,3
7833055,碧菲絲特抗暗沉即淨卸妝水400ml,4902806113112,807.0,3
7105863,多芬植萃藍風鈴豐盈蓬鬆洗髮露470ml,秀髮散發夢幻蝴蝶蘭花香調,807.0,3
7599182,不銹鋼兩段式節水器,可二段式出水，使用開關調節,807.0,3
7090150,好來全亮白密泡小蘇打牙膏140g-椰油,添加食品級*小蘇打配方，能快速起出細緻泡沫，徹底溫合有效分解牙漬,805.0,7
8226803,2023年彩色週誌收支-A6-兩款任選,2023年度A6/50K週誌+收支,805.0,7
7767919,IM 自然植感斜口鼻眼影刷,●超越動物毛の優越性,801.0,9
8506050,羽絲直式丹麥夾(附名片袋)-A4-多色任選,此商品共有3種顏色,801.0,9
7944398,艾森絲歐若拉豐俏唇蜜 (多款任選),歐若拉唇蜜增加新色號！,801.0,9
7170720,韓國JudyAnn 99%蘆薈保濕舒緩凝膠300ml,"瞬間潤澤保濕,曬後不擔心",801.0,9
7309457,Tryall全分離乳清蛋白35g-綠豆沙牛奶,"市場最高蛋白質含量 ,每包含有 28g 蛋白質",800.0,16
7580721,SKB復古色中性筆 G-2506-限定五色組-兩款任選,Ⅰ－深海藍、勃艮第紅、黛綠、霧霾藍、焦糖棕色,800.0,8
7322650,Pentel飛龍 ENERGEL三色筆-多款任選,Pentel專利極速快乾墨水,800.0,5
7242567,魔幻奶油土,,800.0,5
7436159,匠心醫用級成人平面口罩古典翠舞綠30入,4719872073666,800.0,4
7088697,逸萱秀潤澤防斷裂洗髮乳700ml,毛鱗片屏護科技,800.0,4
7109330,婦潔 私密精油沐浴露舒緩淨護180ml,"植物系舒緩淨護,以植物系&胺基酸為主要洗淨成份,給您最溫和的洗淨",800.0,2
8132631,Perfect洗顏專科超微米柔滑卸妝霜90g,專科獨特的柔滑配方,800.0,2
7800391,金亮維生素C加D膠囊60粒,4976652016859,800.0,1
7759038,【廠商直送】聖保羅重芋泥蛋糕*3入,重量級重芋泥內餡腴滑紮實，蛋糕綿密細緻,800.0,1
8192714,【廠商直送】JMO洗髮精236ml-柑橘天竺葵,一款適合剛開始使用有機洗髮精的夥伴，享受最佳髮品的起泡感,800.0,1
8236987,諾得清體素液態軟膠囊30粒,,800.0,1
8590520,倍德萊維生素D3鈣60入,1+1>2的守護,800.0,1
8555358,【廠商直送】Wash&Wish防染吸色紙25片X 4盒,防染吸色紙能吸收洗衣水中髒汙並鎖定衣物色彩，於清洗時防止染料轉移，避免染色，達到真正的增豔漂白的效果。,799.0,1
7234886,OXO-POP大正方按壓保鮮盒-4.2L,專利設計單手按壓即可打開及關閉，適用收納咖啡豆、餅乾、蔾麥等乾貨收納。組件皆可拆卸清洗，可堆疊方便收納。,799.0,1
8013101,【廠商直送】Grizzly Bear~女童有機棉超彈性坦克背心超值3入組,小女孩正值活潑好動充滿活力的階段，您需要一件舒適透氣吸汗柔軟且無化學添加的內著，陪伴她自在輕鬆無拘無束的成長，讓您買得放心孩子穿得安心自在成長好開心。,799.0,1
8223239,CINQUAIN思珂 肌能甦活前導保濕精華,火箭級嫩膚精萃，5秒光速吸收,799.0,1
8529567,【廠商直送】dinos比菲德氏+半乳寡糖益菌錠30日份,日本原裝進口,799.0,1
7044648,培恩龜鹿雙寶葡萄糖胺液946ml,龜鹿雙寶，補充膠質好靈活,799.0,1
7406313,優倍多苦瓜胜肽膠囊60粒,"四大穩定配方-專利苦瓜胜肽、秋葵萃取物、墨角藻萃取物、鋅,維持醣類代謝功能",799.0,1
7666346,伸縮拉桿行李包－多款任選,壓縮折疊，空間超小，超級節省空間，美觀耐用，三天兩夜的小旅行最好用的包。,799.0,1
8200581,膳魔師不銹鋼真空保溫瓶500ml-珊瑚粉,安全扣環，可防止上蓋彈開與外漏,799.0,1
8045427,HAIR MUCH經典健髮素頭皮化妝水30ml*3,各種植萃成分，有效平衡油脂,799.0,1
7707330,坂元黑醋1000mL,4905391010408,799.0,1
8526595,【廠商直送】MIT質感系列三門三格收納櫃-多款任選,多功能 多搭配 好收納,799.0,1
7931641,樂敦葉黃素軟膠囊60粒,,799.0,1
8025639,【廠商直送】香氛復古融蠟燈,小巧復古提燈造型，居家氛圍裝飾，輕巧又美觀。,799.0,1
7260876,Melano CC維他命C全效美白淡斑精華20ml,雙重有效成分配合：活性型維他命C(美白)、維他命B6(油脂控制),799.0,1
7160026,freeplus保濕修護乳液滋潤型100ml,"保濕鎖水膜保持角質層的潤澤柔滑,調理並維持細緻肌理",799.0,1
7309952,Pink Plate充電式負離子直髮梳-黑,PI發熱膜：加熱片均勻升溫,799.0,1
7111998,霓淨思3%神經醯胺PLUS精華30ml,高濃度神經醯胺，維持水嫩彈力！,799.0,1
7433088,Relove_緊依偎_女性護理凝膠6ml,4712933170045,799.0,1
7403722,全日營養炭之力纖維果凍條10gx28包,4582316410514,799.0,1
7404155,ECONECO 繪子貓橫式純棉手提袋-Nina,4985582179251,799.0,1
7889651,【廠商直送】 E-books Z6炫光打字機靜音有線鍵盤,圓形鍵帽設計,799.0,1
7815648,我的心機3D滾輪震動按摩美容儀(玫瑰粉),獨特“V”型雙滾輪設計，緊密貼合肌膚輪廓，輕巧攜帶，操作簡單。,798.0,2
7223261,舒綺仕女除毛刀-敏感肌用 (聯名限量組),遇水釋放美容保濕凝膠,798.0,2
8013937,OMORY多功能乾濕分離廚餘桶3L-活力藍,●可放置果皮殘渣廚餘回收。,798.0,2
8577048,待刪除-【廠商直送】cocodor香氛精油蠟燭130g-玫瑰花茶/窗邊微風,cocod'or香氛蠟燭從加工到製成都來自義大利，,798.0,2
7281688,呂 滋養韌髮人蔘染髮劑-3.0黑色,染髮不只同時保護秀髮與頭皮，還可滋養秀髮,798.0,2
8552432,BROWN&FRIENDS城市趴趴走珍奶多功能包,官方授權，台灣限定商品。,798.0,2
8019453,卡翠絲卡 維亞高詩多功能修容盤,一盒有四個顏色_包括打亮色、古銅色和兩款腮紅,798.0,2
7432907,肌研光透潤極致水潤面膜6入,4719865615156,798.0,2
7672131,【廠商直送】iFory USB-A to Lightning蘋果MFi認證 快充編織充電傳輸線-0.9M,內置蘋果MFi認證芯片，電流穩定，具備過壓保護功能，減少手機電池損害，讓快充變得更安全,798.0,2
7433151,MixiPpotion摩洛哥全效精華油100ml,4589546891120,798.0,2
7271837,三多男性薑黃鋅複方錠60錠,"「專利薑黃萃取物」含有珍貴薑黃素,滋補強身,應酬有元氣,人生好彩色",798.0,2
7275809,黛絲恩完美奇蹟雙護髮膜150g,"用1次分叉復合!以精梳機測試,能修護90%以上的分叉",798.0,2
7665296,韓國IM UNNY星河液體亮片眼影1.8g,持久易上色 使用瞬間貼合,798.0,2
7160551,Nicka.K完美零油光霧感定裝噴霧,霧感控油 口罩再也不會沾上彩妝,798.0,2
7433175,SexyLook超級仙人掌保濕膠囊面膜3組,4710155278501,798.0,2
7807635,KLORANE 蔻蘿蘭養髮強韌洗髮精200ml,金雞納樹皮萃取，搭配咖啡因及複合維他命B，可營養頭皮、鞏固髮根、強韌髮絲。,798.0,2
8581580,【廠商直送】RASTO車用鋁合金重力感應手機支架- RN3,出風口設計，不擋視線行車更安全,798.0,2
8567475,MAYBELLINE 媚比琳 飛天翹SKYHIGH 防水睫毛膏 黑/暖棕 180度扇形刷頭 玫瑰金 歐美賣爆1千萬,,798.0,2
7421254,凱蒂娃娃香水乳液150ml-甜美露珠,,798.0,2
7342172,待刪除-BT21綜合水果軟糖馬克杯點心組640g(款式隨機出貨),,798.0,2
8084400,KAFEN極致洗髮精760ml,,798.0,2
8230727,Protecort抗菌眼影刷2入,"特殊抗菌加工處理,天天乾淨上妝,肌膚健康亮麗.兩種大小刷毛搭配使用,暈染出自然漸層眼妝,演繹深邃迷人雙眸.",798.0,2
7149933,反轉UNO遊戲卡豪華盒裝版,世界風靡的卡牌遊戲UNO，玩法大家可能已經駕輕就熟，Mattel推出全新規則玩法,798.0,2
7821914,【廠商直送】Ronever 20W PD充電器組,Safety & Protection 短路/過壓/電流/過熱保護,798.0,2
7703241,OMORY黑灰棉布條紋可拆水洗微粒子貼身頸枕,外出旅行.辦公室必備休息小物,798.0,2
7633408,貓爪LED小夜燈加濕水氧機-粉色,"室內空氣乾燥,本機可產生濕氣,讓肌膚補水更Q彈,滋潤,亦配合夜燈營造浪漫氣氛,亦可添加少量精油製造香氛好氣味.",798.0,2
7199221,DR.CARE深海藍寶石全效亮白潔膚乳100ml,"台韓共研的Dr. CARE,不僅擁有韓國的保養品技術,更結合了台灣的特性、天氣,成就一種最適合台灣人所使用的",798.0,2
8274484,BOTOT潔淨護理漱口水250ml-多款任選,濃縮精華製劑，不含人工香料,798.0,2
7426694,GUM牙周護理潔齒液960ml,4901616010659,798.0,2
7760072,我的心機T型微導煥顏美容儀-奢華金,T型導入按摩頭搭配6000次/分鐘高頻微震效果，可針對局部肌膚重點保養，也可進行全臉按摩。,798.0,2
7555238,【IAM PLAY】潮流世代藍光眼鏡 66030-2,要護眼也要更時尚,798.0,2
7432515,Melano-CC高純度維他命C亮白精華20ml,4719865609674,798.0,2
7944093,【廠商直送】無縫縫合消臭男寬口襪6雙入26-29 多色任選,義大利Lonati 腳趾自動縫合機台，自動對目無縫縫合， 選用優質消臭紗，經TTRI檢測，具消臭率100％功效， 精梳棉材質，細緻度佳，觸感柔順,798.0,2
7119034,Alpecin咖啡因頭髮液200ml,具有科學實證，咖啡因活性成分只需要120秒就可以深入髮根,798.0,2
8118521,艾瑰萃古典玫瑰露300ml,義大利熱銷150年，佛羅倫斯百年蒸餾玫瑰水,798.0,2
7386529,Mdmmd.魚鱗膠原蛋白潤護髮素335g,"富含漢方何首烏萃取液,從根本修護毛躁髮質",798.0,2
7445403,Baby Foot寶貝腳3D立體足膜-水蜜桃,60分鐘深層版水蜜桃香氣PH3.6安全、去除老厚腳皮,798.0,2
7433176,SexyLook超級仙人掌亮白膠囊面膜3組,4710155278525,798.0,2
7263328,聖克萊爾一抹溜溜毛髮順理霜,免刮、免撕、免拔 ! 10分鐘還原潔淨咕溜肌,798.0,2
7223270,舒綺仕女除毛刀(敏感肌用)補充刀片3入裝 (新舊包裝隨機出貨),遇水釋放美容保濕凝膠,798.0,2
8504104,樂扣樂扣透明耐熱玻璃保鮮盒1000ML長方形,Bisfree材質上蓋，不含雙酚A與環境賀爾蒙,798.0,2
7160556,凱蒂娃娃4D絕對有眉造型眉筆2g,根根分明擬真毛流感 與 自身眉毛完美融合 有如繡眉般自然,798.0,2
7903385,我的心機3%傳明酸淨透嫩白身體乳200ml,,798.0,2
7325858,VOLA 全觸屏防水手套-灰 M/女款,360度全觸控，操作無死角,797.0,3
8131337,LUCIDO-L護髮精華造型乳200ml立體捲翹,"造型同時護髮,打造高質感捲髮造型",796.0,5
7063477,嬌生清爽嬰兒油 125ml,JOHNSON'S嬰兒清爽潤膚油蘊含純淨礦物油，經實驗證明，純正溫和，配合快速吸收配方，能幫助肌膚形成保護膜，鎖住水份，呵護寶寶肌膚維持柔軟光滑,796.0,4
8051816,一心一罩大童小臉3D醫用口罩夜空藍星10入,4712937973222,796.0,4
7303033,NAF仿毛流三叉戟眉彩梳,猶如海神三叉戟控制海流般一樣「控制眉流」,796.0,4
8014379,防水防污可擦手家居團裙-多款任選,可擦手設計,796.0,4
7600590,舒摩兒浴潔露全肌防護迷你組59ml x2,首發私密益生元 獨家四重平衡 完美專業配方 不增加私密負擔,796.0,4
7404228,ECONECO 繪子貓夢幻馬戲團便籤貼,4946346354161,796.0,4
7122288,GATSBY無敵顯色染髮霜-晴空淺棕,1.聰慧印象的正統棕色,796.0,4
7258312,ST雞仔牌鞋用除濕消臭小包2入,日本原裝進口,796.0,4
7403718,全日營養 青汁果凍條10gx7包,4582316410422,796.0,4
7063543,思高薏仁玻尿酸保濕乳液200ml,採用德國進口玻尿酸添加日本薏仁萃取等成分,796.0,4
7122284,GATSBY無敵顯色染髮霜-亞麻灰綠,1.時髦帥氣的亞麻綠色,796.0,4
8024215,水舞成人醫療平面口罩10入-熱情之舞,1.符合台灣CNS14774口罩品質規範,796.0,4
7470877,美芯研_時尚妝感染髮劑_霧感冷灰棕2FA,4987205318023,796.0,4
7149931,UNO遊戲卡,風靡世界的UNO紙牌是1971發明的經典遊戲，你需要謹慎管理自己的手牌，判斷檯面上出現的顏色、數字，利用卡牌間的特性，想辦法讓自己的牌全部脫手，成為這場遊戲的優勝者！,796.0,4
8221758,CB莫蘭迪麻花雙層保暖圍脖-海褐,CB經典鹿頭LOGO刺繡,796.0,4
8490731,媚點 潤透渲彩唇膏 (3.1g) (外殼另售),明亮點綴臉部印象，長時間維持滋潤度與柔和好氣色,796.0,4
8051122,KAMOSU溫泉豆乳濃密泡沫洗顏皂100g,4976551104022,796.0,4
7740741,輕鬆貓玩偶-多款任選,1.本產品不適用3歲以下之兒童使用。,796.0,4
7348960,貝印Kitty指甲刀-S,鋒口使用不銹鋼刀片，鋒利好剪。外殼塞子盒，剪指甲不會散開四處飛濺。內層銼刀修護使用。,796.0,4
7796757,舒酸定長效抗敏深層潔淨牙膏100g,給想清新口氣又有敏感性牙齒的你,796.0,4
7273410,GENKI BEAR 水平衡彈蓋運動水壺900ml-多色任選,瓶身為 Tritan 共聚酯材質 BPA FREE,796.0,4
7681978,普惠醫用口罩成人30入丹寧淺藍,4712123642222,796.0,4
7262073,OMORY-保溫保冷摺疊購物袋-咖啡貓,內層鋁箔，可保冷/保溫,796.0,4
7117685,GATSBY男性淡香水50ml-多款任選,White Up系列:極簡、輕鬆、乾淨,796.0,4
7404130,AnimatoSHA馬油昆布潤髮乳700ml(新),4580163532564,796.0,4
7404053,MAX無添加生活滋潤沐浴乳500ml本體,4902895039447,796.0,4
7403998,HO馬油保濕沐浴乳600ml,4513574015951,796.0,4
7621596,OMORY-無痕折疊吹風機架-圓石白,圓形造型純淨質感，衛浴質感提升,796.0,4
7734516,韓國isLeaf極潤修護免沖洗護髮素 150ml-持久蓬鬆,精粹多種優質成分,796.0,4
7673301,護妍天使安肌淨瑕組,"拋光x保濕x修護 三效淨痘力,",796.0,4
7266069,嬌生嬰兒牛奶燕麥沐浴乳750ml,我們了解當您感受到肌膚水潤健康時的喜悅。,796.0,4
8051817,一心一罩大童小臉3D醫用口罩藍莓乳酪10入,4712937973154,796.0,4
7426650,三和通商 清新紅刀豆牙膏-柿澀120g,4543268066587,796.0,4
7398086,Satto-三角瓷磚刷組合頭-白色,尖頭式設計，方便清潔死角的頑強汙垢,796.0,4
7097848,舒妃植物染髮霜葡紫棕60g,特殊植物護染配方，染髮同時護髮，染後髮色均勻出色不乾澀。,796.0,4
7122333,GATSBY塑定噴霧270ml-激鎖系,1.塑型+定型，1瓶搞定,796.0,4
7260613,【即期品】幸福堂蛋糕20g*10入-柳橙(效期:2024/08/02),日本幸福堂製果監製,796.0,4
7250918,E-Heart持久隱形雙面雙眼皮貼(加寬版-女用),透氣、柔軟、黏性佳，流汗、游泳也不怕！,796.0,4
7108688,飛柔豐盈飄逸微米精華潤髮乳530ml,"微米精華乳,打造輕盈柔順的秀髮。",796.0,4
7362590,獅王細潔無隱角牙刷2入-小巧頭,日本先進技術3.0mm超薄刷頭，更深入清潔智齒區之難刷窄位，搭配前端螺旋細毛全面潔淨智齒死角。,796.0,4
7153604,DBC乳膠紓壓皮拖-3色任選,彈力減壓乳膠中底-高彈減震降低行走及久站時的腳底壓力,796.0,4
7432531,菊正宗 日本酒高保濕化妝水-粉500ml,4971650800578,796.0,4
7735908,百齡護牙周到漱口水750ml -沁涼薄荷,ASP+有效去除牙周病菌,796.0,4
8281800,【廠商直送】mauve-超細刷毛男保暖褲,*保暖超細纖維 *彈力保暖舒適 *俐落好穿搭,796.0,4
7108519,施華蔻多效修護潤髮乳600ml,施華蔻嶄新尖端秀髮修護科技,796.0,4
7454084,葛妮絲經典甘菊護手霜50ml-滋潤型無香,"敏感性肌膚適用,可隔離外來刺激、鎖水滋潤肌膚",796.0,4
7611112,妮維雅純萃植感體香噴霧125ml-天然蘆薈,24H抑味爽身、2倍使用次數、100%純素配方、95%天然成分、0添加鋁鹽、色素、PARABEN防腐劑,796.0,4
7108687,飛柔豐盈飄逸微米淨透洗髮露530ml,"微米卸髮妝凝露,淨化頭皮,洗淨頭皮油垢與臟污。",796.0,4
7228738,雨之情極輕環保拚色雨衣-多色任選,輕巧環保雨衣極輕200g,796.0,4
7099549,FarmStay精華面膜23ml*10入裝-多款任選,早晚柔嫩的彈力肌膚,796.0,4
7681979,普惠醫用口罩成人30入丹寧粉,4712123642215,796.0,4
8582384,高頻迷你回力車10-12入,,796.0,4
7339820,COOL ANGEL 花漾滾邊少女褲3入,,796.0,4
8533519,陽光家族-鋁合金折疊式鋼繩曬架14夾,,796.0,4
7903598,迪士尼成人平面口罩10入-玩具總動員,,796.0,4
7211563,寵愛之名維E抗皺保濕面膜4片,天然維他命E可預防肌膚老化，維持肌膚彈性。嚴選阿爾卑斯山稀有植物歐前胡葉萃取可修護肌膚，調理肌膚平衡力。,796.0,2
7245907,OMORY-316方形筷23.5CM-原色,#316/#304不鏽鋼鍍鈦設計,795.0,11
7588005,Kesho SE護髮染髮霜40g-玫瑰紫RP1,不添加 PPD 彩染系列,795.0,5
7105799,驅塵氏廚房魔鏟潔淨布,雙面織法，吸水吸油,795.0,5
7432915,SecretoVoce高保濕艷肌面膜5P胎盤素,4954215808677,795.0,5
7427019,Deve嬰兒油300ml,4513574021877,795.0,5
7055441,Biore 淨爽水嫩洗顏慕絲 160ml,SPT日本淨膚鎖水技術,795.0,5
7326944,厚底三雙入童襪-多尺寸任選,運動,795.0,5
8594072,造型金屬髮圈鏤空麻花線 多款任選,,795.0,5
8034754,playboy收納袋-黑色-60x45,,795.0,5
8131711,Fiifii香氣漱口水袋裝11ml*20入-玫瑰,玫瑰香，清新口氣只需20秒,795.0,5
7099420,蕊娜制汗爽身噴霧-魅惑香氛 150ml,國際級調香師訂製魅惑花香,795.0,5
8261738,待刪除-宇宙人口罩香氛貼片48枚入,抗菌 芳香 清新 除味,795.0,5
7326974,平面五雙入童襪-多尺寸任選,透氣,795.0,5
7138815,依必朗香氛沐浴乳850ml-戀愛絮語,甜美花香調 蘋果、柑橘、茉莉、香草等芬芳的花果香氣，每次沐浴都帶來戀愛般的甜蜜愉悅心情。,795.0,5
7540704,待刪除-Jealous Sweets軟糖125g-水果灰熊,100%純素。,795.0,5
7432800,麗白薏仁泡沫沐浴乳450mL補充包,4513574031913,795.0,5
8564212,摩力諾輕柔無縫內褲(中低腰) MO46100,,795.0,5
7323043,Lumina海綿巨量包(五角型)30入,,795.0,5
7044476,上山採藥青柚籽去角質凝膠 100g,提取自新鮮青柚籽萃取天然PAM-EXTRACT青柚籽植物活性成分，可調節T型部位皮脂分泌並能深入毛孔，親水性超好讓你臉蛋滑滑嫩嫩像蛋殼一樣！,795.0,3
7141516,回味淨味沐浴乳-海洋橙香820g,雙重去味因子：添加柿單寧及白泥吸附皮脂髒污，洗淨抑味根源,795.0,3
7144830,飛利浦 輕薄雙向TypeC行動電源10000mAh,Type-C、Micro雙輸入、雙USB輸出,795.0,1
7098796,澳佳寶大忙人專用B群/60's,獨特三金配方鎂鋅鉀幫助入睡,795.0,1
7310871,Lumina多用途耳斜鑷,適用於耳內、鼻腔異物夾取；也用做夾取棉花等小物的居家用途,792.0,9
7142491,方形3D加厚洗衣袋-大(30x40cm),用三層極厚網布，洗衣多層保護,792.0,8
7427137,風倍清浴廁用抗菌消臭防臭劑1入_薄荷綠香,4987176030368,792.0,8
7305888,貝拉假睫毛&雙眼皮膠,可黏貼雙眼皮&假睫毛使用,792.0,8
7433213,全方位Clean抗菌洗手慕斯450G,4710341329093,792.0,8
8087882,彼得兔星空紗布方巾-多色任選,正版比得兔授權，標籤上皆附有防偽雷射標籤,792.0,8
7105804,驅塵氏-吸水膠棉拖補充包,頂級科技吸水棉，2倍超強吸水,792.0,8
7325455,加倍潔制菌潔白濃縮洗衣粉2kg-茶樹,雙重專利配方、超濃縮省用量,792.0,8
7709035,點胭脂 補妝小精靈 抗菌專業化妝粉撲(10入) (包裝樣式隨機出貨),• 吸附多餘浮粉，補妝即是定妝,792.0,8
7599833,鑽石鏡面除垢海綿2入,清潔神器給家中環境一個清白,792.0,8
8067999,YABY貓咪造型擦手巾 - 多色任選,不易掉毛,792.0,8
8544524,男女適用踩小人船襪4雙入-黑+灰,男女適用,792.0,8
8068209,YABY企鵝造型擦手巾 - 多色任選,不易掉毛,792.0,8
8034805,coffee play-雙耳掛式濾紙15入,咖啡幫手,792.0,8
7783328,高露潔Easy Comfort牙刷,,792.0,8
7142454,內衣3D加厚洗衣袋(16x16x15cm),用三層極厚網布，洗衣多層保護,792.0,8
7836571,奈森克林L型牙間刷8+2入-4S,刷頭頸部具彈性可彎曲，清潔齒縫輕鬆上手,792.0,8
8221615,樂品UV晶順梳-藍,●柔軟高低梳齒,792.0,8
7944414,艾森絲天生自然眉筆,滑順度與發色自然度大大提升，天生自然眉筆以及最自然鼻影色，搭配兩用眉刷輕鬆暈染出立體眉型。,792.0,8
7432136,麗白W洗面乳190g,4513574009196,792.0,8
7245927,OMORY-可夾式杯蓋-兔子,可愛萌萌der兔耳造型。,792.0,8
7114954,安多精品 免洗床單(雙人) 1入,乾淨衛生,792.0,8
7073620,MAY ISLAND 100%蘆薈保濕舒緩凝膠300ml,100％有機種植的韓國濟州島蘆薈,792.0,8
8585230,光感彈彈球 - 多款任選,每次燈光持續時間約17秒，投擲碰撞光感球，撞出炫亮光芒。,792.0,8
7426588,日本獅王NONIO終結口氣牙膏_橙橘薄荷,4903301259312,792.0,8
8604176,【廠商直送】西歐充電六檔聲波電動牙刷CME-MF500,產品特色,792.0,1
8044726,IM 神隱級強力雙面雙眼皮貼-尖角款240枚,●尖角設計，開眼頭眼尾超自然，超隱形不曝光,790.0,10
7426681,TOPLAN圓形刷頭全方位護齒牙刷-粉紅1入,4949176151863,790.0,10
7105199,涼感平口褲(顏色隨機),燜熱的夏日也覺得舒爽,790.0,10
7387558,原色內衣洗衣網袋15x16cm-2入組,保護衣物，避免洗完衣物後糾纏不便拿取，此款適合放貼身的衣物。,790.0,5
7387572,原色丸型洗衣網袋55x55cm-2入組,保護衣物，避免洗完衣物後糾纏不便拿取，此款適合放置冬季毛衣或外套。,790.0,5
7523399,碧歐斯BIO金萃活力亮眼精華17g,8888176026541,790.0,2
8184352,【廠商直送】台塑生醫 醫之方 長釋B群EX PLUS加強錠 (60錠/盒),增強體力、精神旺盛,790.0,1
7172642,沙宣旅行用18mm陶瓷迷你直髮夾,"陶瓷塗層均勻受熱, 造型滿分",790.0,1
8024647,【廠商直送】Skinarma日本潮牌 Apple Watch 42/44 mm Tekubi 矽膠設計款錶帶,手工人造皮革製成,790.0,1
8051224,JohnsBlend無矽靈香氛洗髮精_白麝香460ml,4535304298960,790.0,1
8051230,JohnsBlend香氛潤髮乳_麝香茉莉460ml,4535304298991,790.0,1
8272689,【廠商直送】UDR日本專利穀胱甘太美妍錠(30錠／盒),日本專利圓酵母發酵，每顆125mg,790.0,1
8512159,【廠商直送】小米有品-小猴智能廚房秤,內置高精度重量感應器，最小秤量精度可達0.1g，滿足多樣秤量需求,790.0,1
8237940,博能生機有機南瓜籽油250ml,,790.0,1
8612630,韓國IM UNNY纖細捲翹防水睫毛膏 捲翹款魅惑棕8.5g,根根分明 無限延伸,789.0,3
8612631,韓國IM UNNY纖細捲翹防水睫毛膏 纖細款魅惑棕4g,根根分明 無限延伸,789.0,3
8589530,【廠商直送】摩達客新春喜氣擺飾-恭喜發財招財進寶,◉春節開運招財◉,789.0,1
8153743,【廠商直送】D’s PROSSA 日本小胸救星法式混蠶絲無鋼圈內衣(無扣內衣),厚度15mm襯墊 自然豐滿效果,788.0,1
8153739,【廠商直送】D’s PROSSA 日本小胸救星自然美混蠶絲無鋼圈內衣,厚度15mm襯墊 自然豐滿效果,788.0,1
8153740,【廠商直送】D’s PROSSA 日本完美女人蠶絲包覆無鋼圈內衣,機能性內衣 集中靠攏抑制外擴,788.0,1
8030611,大王elis純淨裸肌極緞棉24片超薄21cm(蜷川實花限定包裝隨機出貨),日本初！加乳液更纖柔，輕絲級新體感,785.0,5
7319571,1/2全毛巾底素色襪-黑,吸濕排汗,784.0,16
8185758,珊瑚絨止滑保暖襪-素色-多色任選,嚴選珊瑚絨編織,784.0,16
8174094,日藥本舖 11年週年購物袋,6100000000531,784.0,16
7257989,鈦金屬料理剪,"鈦金材質,耐久使用",784.0,8
7781487,A2加大抗菌船型襪2雙入-多色任選,26-30公分，加大尺寸,784.0,8
8600764,Frenature富紐翠草莓凍乾28g,,784.0,8
7114642,史努比抗菌除臭點點紗襪套2雙入-多色任選,百搭的可愛史努比.追求時尚與流行必備.精梳棉加上彈性萊卡織造.舒適好穿100%台灣製造,784.0,8
7257941,不鏽鋼彈力線夾20入,不鏽鋼耐用材質,784.0,8
7099612,犬用每日潔牙棉繩玩具環形 SS,使用天然素材，狗狗一邊拉扯繩索遊玩時，棉繩纖維會像牙刷一樣，清潔牙齒、牙垢,784.0,7
7089074,媚點 液體眉筆,耐磨擦 不掉色的液體眉彩,784.0,4
8245889,【廠商直送】露奇亞優質純淨膠原蛋白粉30入,A.A.全球純粹風味評鑑二星,784.0,1
8122673,J lin X AM Iris-a1澎澎蜜粉刷,,784.0,1
7295338,Kesho男士雙層輕便刮鬍刀3入,"添加潤滑條, 刮鬍更滑順不刺激",783.0,27
7944408,艾森絲甜心果香護唇膏-多色任選,讓你的心融化！,783.0,9
7105229,琨蒂絲蕾絲長統彈性絲襪-多款任選,MIT 硫磺泉美膚配方,781.0,9
7404232,立山黑部日本銘水500ml,4560476960018,780.0,26
7097686,白蘭漂白水1500ml,消毒、殺菌、除臭、漂白，99.9 %的高效殺菌力，在短時間內做到高強效消毒殺菌，維護居家環境清潔衛生，守護家人健康。,780.0,13
7420433,立頓奶茶300ml*6入-多款任選,"立頓紅茶的甘醇融合牛奶的滑順,交融成獨特的口感",780.0,13
7255215,靠得住草本抑菌衛生棉8片35cm(新舊包裝隨機出貨),Kotex 靠得住 草本抑 菌 乾爽新升級,780.0,10
7240623,BVD汽車條紋1/2童襪2雙入-17-21CM-多款任選,,780.0,10
7480140,CSD中衛醫療成人口罩30入黑_軍綠,4711908806057,780.0,3
7817271,韓國IM UNNY氨基酸溫和潔顏乳120g,深入毛孔清潔 賦予肌膚柔滑觸感,780.0,3
7170542,麗仕植萃香氛沐浴露550g-檸檬草與麝香,,780.0,3
7098817,美吾髮葵花亮澤染髮霜-5NL琥珀棕,10倍葵花精華,780.0,3
7098816,美吾髮葵花亮澤染髮霜-5CL摩卡亞麻棕,10倍葵花精華,780.0,3
7540309,SANA豆乳美肌緊緻潤澤眼霜20g,"豆乳美肌系列特有富含大豆異黃酮的豆乳發酵液加上高純度維他命A新配合,改善因乾燥引起的眼周小細紋,邁向彈潤亮眼雙眸!",780.0,2
7432912,菊正宗Rice_Made溫和去角質乳200mL,4971650801094,780.0,2
8013168,日式和風涼感記憶腰墊-兩色任選,柔彈親膚，排濕透氣,780.0,2
7936943,【廠商直送】Hangten 舒適涼感透氣平口褲2入組,高透氣不悶熱,780.0,2
8602960,【即期品】I’M MEME我愛特潤氣色水漾唇膏-002(效期:2023/10/7),包覆多重豐富維生素與植物性輕質油，,780.0,2
7833010,白雪姬10秒透白緊緻無痕美頸奇蹟霜40g,4533213678385,780.0,2
7523627,凱婷零瑕肌密蜜粉Z6g_光澤,4973167828526,780.0,2
7936966,【廠商直送】Hangten 零束縛無痕三角褲2入組,無縫設計穿搭線條不易顯露,780.0,2
7669109,【廠商直送】sNug-隱形除臭襪(3分)-三雙入米色-多尺寸任選,健康無毒,780.0,1
7795912,【廠商直送】Ladoore蕾朵兒 夜幕華爾滋集中托高成套內衣,・L'adoore 夜幕華爾滋 集中托高成套內衣 女孩們不用擔心上胸無肉肉了,780.0,1
8504064,【廠商直送】Ladoore蕾朵兒 枕邊秘密 極致寵愛性感睡衣,L'adoore 枕邊秘密 極致寵愛性感睡裙,780.0,1
8532045,HANIC魔法煥白牙齒速乾潤色液 清澈白,4904108111599,780.0,1
7669110,【廠商直送】sNug-隱形除臭襪(3分)-三雙入黑-多尺寸任選,健康無毒,780.0,1
8532046,HANIC魔法煥白牙齒速乾潤色液 珍珠白,4904108111575,780.0,1
7732009,【廠商直送】Ladoore蕾朵兒 時尚超模包肉微馬甲成套內衣,・L'adoore 時尚超模 包肉肉微馬甲成套內衣 塑身衣級的馬甲內衣來了,780.0,1
8532043,HANIC魔法煥白牙齒速乾潤色液 自然色,4904108111582,780.0,1
8532044,HANIC魔法煥白牙齒速乾潤色液 亮雪白,4904108111568,780.0,1
7179515,貓狗-樂益活寵物綜合維他命+葡萄糖胺250g,犬貓專屬的營養補充品,780.0,1
7659150,【廠商直送】Ladoore蕾朵兒 蝴蝶親吻性感W鋼圈成套內衣,・性感W鋼圈　由外而內支撐你每一寸胸部　通通向中間發展,780.0,1
7832893,名糖鯛魚燒草莓餅16.5g,4902757111403,779.0,26
7365904,VOLA 100丹全足褲襪,100丹微透膚輕盈顯瘦,779.0,11
7434152,KANGOL女短襪-多色任選,經典時尚造型,779.0,7
7245306,SENSE冰箱全系列收納盒-6號組(1000ml*2),自由堆疊節省冰箱空間,779.0,1
7426586,日本獅王NONIO終結口氣牙膏_冰炫薄荷,4903301259299,778.0,8
7089162,Farcent香水奇蹟護髮素600ml-微醺小蒼蘭,前、中、後調層次香水香氛,778.0,2
7266763,R.R天使觸感伸縮多功能刷,粉刷柔軟富有彈性，刷在肌膚上時追求如羽毛般輕柔觸感。採用2種不同粗細與特性的極細纖維，兼具優秀抓粉力及適中彈性，呈現最佳妝容。,778.0,2
8237119,Kokie防水持久眼線膠筆_黑1.2g,,777.0,7
7832710,PlatinumLabel薏仁植粹清潤化妝水1L,4550283459386,777.0,3
7751107,絲蘊透感沙龍染165ml-霧光珍珠灰PA02,1. 日本同步,777.0,3
7325859,VOLA 全觸屏防水手套-粉 M/女款,360度全觸控，操作無死角,777.0,3
7226148,角落小夥伴運動型胸衣,台灣生產製造,777.0,3
7751106,絲蘊透感沙龍染165ml-柔霧鈦晶紫LA04,1. 日本同步,777.0,3
7432513,Platinum Label-白金逆齡保濕化妝水1L,4549549770754,777.0,3
7263290,RICO-304真空輕巧杯300ML-多款任選,輕巧易攜，時尚有型,777.0,3
7785976,【廠商直送】KS-蠶絲開檔低腰丁字褲3件組,性感開檔設計,777.0,3
7222259,澳洲Wiltshire矽膠食物夾18cm兩入組,扇貝型夾頭好夾食材不易滑落,777.0,3
7251106,凱蒂貓寬肩內襯吸排短版內衣,好穿舒適,777.0,3
7751104,絲蘊極致透感染髮系列165ml-經典黑茶A02,1. 日本同步,777.0,3
8247005,角落刺繡釣魚手套-貓咪粉膚橘,最可愛的角落小夥伴陪你療癒過冬！刺繡工藝呈現可愛的角落小夥伴角色。,777.0,3
7432510,Platinum Label-薏仁植粹保濕化妝水1L,4549549298302,777.0,3
7105857,多芬桃悅水透沐浴乳1000g,蘊含白桃與白茶精華，散發清雅白桃香,776.0,5
8262440,Hello Kitty寶寶輕薄褲-尺寸任選,裸感輕薄,776.0,2
8266723,【廠商直送】Prodigy波特鉅-舒適美3D立體抗菌口罩5入-S-7色,抗菌、透氣、可水洗、不勒耳、抗uv、環保,776.0,2
8044234,Dr.Hsieh 達特醫 LabSmart 膠原蛋白精華50ml,膠原蛋白功效可幫助臉部保濕、潤澤,776.0,2
7055424,Biore抗痘保濕洗顏慕絲更替瓶 160ml,溫柔包覆溶解髒污，深入洗淨毛孔，同時留住肌膚關鍵水分,775.0,5
7818887,Forest Story修護髮膜200ml-摩洛哥果油,沙漠黃金【摩洛哥堅果油】的修護魔法,775.0,5
8121435,臺灣茶摳鳶尾花潤澤滋養皂110g*3入,親膚的甜杏仁油，質地溫和，具有滋潤肌膚的功效,774.0,6
7608244,SOMEBYMI安瓶面膜3入-茶樹舒緩鎮靜,茶樹萃取油水平衡、金盞花&積雪草鎮靜、淨化毛孔,774.0,6
7105116,公雞-AB紗平口褲(兩色隨機),柔軟親膚零束縛,774.0,6
7227937,國際鹼性4號4+2(紅卡),日本銷售第一,774.0,6
7305845,HELLO KITTY攜帶式洗手乳30g*3入,香味好聞搓揉好洗淨,774.0,6
7708043,石墨烯健康護膝-多色任選,舒緩肌肉緊繃,774.0,6
7098354,待刪除-國太樓立體三角包伯爵紅茶2g*25入,日本原裝進口,774.0,6
8078877,橘之屋-夾鏟兩用矽膠煎夾26.8cm,拉動扣環可固定夾子，且可吊掛收納，不佔空間。,774.0,6
7098903,曼秀雷敦男士海洋清爽沐浴乳650ml,"添加毛孔純淨因子, 有效調節肌膚皮脂分泌, 避免毛孔髒污堆積",774.0,6
8237326,第一石鹼CS深層潔淨泡洗顏250mL,,774.0,6
7083903,嬌生嬰兒蜜桃水嫩沐浴露750ml,實驗證實99.9%溫和清潔細菌,774.0,6
7261066,GATSBY控油抗痘洗面乳130g,"雙重作用全面預防痘痘產生,保持肌膚乾淨",774.0,6
7073615,Kameria足足稱奇去皮嫩足膜,襪套式的輕便設計，不用搓，不用刮，輕鬆去除腳部老廢角質，呈現細皮嫩膚的蛋白美足。,774.0,6
7290638,伊拉法兒橄欖植萃馬鞭草舒緩皂85g*6入,經典保濕皂富含來自橄欖質脆精華的維生素E，搭配有機乳木果油及蘆薈萃取的滋潤、保濕成分，洗後肌膚水嫩清爽無負擔,774.0,6
8064745,雪蕾兒 涼感紗無痕褲-F,,774.0,6
7931769,曼秀雷敦男士淨味控油沐浴乳650ml,,774.0,6
7044886,小甘菊野生玫瑰謢手霜20ml-條狀,"以大馬士革野生玫瑰精油作為基底,醞釀出的花香調護手霜,",773.0,10
7278429,多芬清爽水嫩沐浴乳補充包650g,蘊含清新小黃瓜與綠茶精華,773.0,7
7339982,3M荳痘貼神無瑕小痘18入,霧面隱形超薄透,772.0,8
7436805,EBISU經典軟毛牙刷3入,2種刷毛將齒垢去除,772.0,8
8278688,MOTO掛鈎式噴瓶*3入-耐酒精HDPE(多容量任選),用途&使用方法：,771.0,7
7828802,北歐小掃把2入組,簡約美學人體工學設計,770.0,7
7932357,樂品雙效增厚大尺寸深層卸妝棉25抽x2包,大判增厚珍珠紋，一張極淨肌,770.0,7
7222370,舒綺仕女除毛刀具1刀把2刀片 (聯名限量組),遇水釋放美容保濕凝膠,770.0,2
7253483,薄荷氛薄荷尤加利口罩滴3cc-多款任選,"\"\"\"告別口罩悶熱異味，盡享清新空氣",768.0,12
8271776,Mommy親子護唇膏2.5g-升級版,無香料+通過貼布測試,768.0,6
7519785,角落小夥伴國語辭典-32K,角落小夥伴就藏在字典的字裡行間。,768.0,2
8535854,方塊大對戰,本產品內含30片積木+一塊底板+20張紙卡+1個玩具按鈴。刺激有趣的對戰遊戲，讓孩子在遊戲中成長，促進邏輯思維發展。,768.0,2
7257979,蓮蓬頭過濾棉2入,"過濾水中雜質,潔淨沐浴",767.0,13
8196552,設計款滿版鬼怪小圖中筒襪-多款任選,獨家設計,767.0,13
7598754,經典小精靈中筒襪-多色任選,經典可愛,767.0,13
7118690,高彈力毛巾圈100入袋裝-2色任選,一組100入,767.0,13
7245735,VOLA 特大1/2棉襪-多色任選,超大尺寸,767.0,13
7089835,ES綠野迷情奢華香水洗髮精,讓無添加矽靈的香水洗髮精，帶給你如同噴了香水般的體驗，芬芳撲鼻,767.0,3
8244439,墨墨不鏽鋼長方形曬衣架16夾,"不銹鋼架構,牢固耐腐蝕。",766.0,4
8490732,媚點 雪紡親膚粉餅限定組 (粉餅  9g/粉盒 1入),雪紡親膚粉餅+專用粉盒 超值限定組,766.0,2
7350846,Za 純淨清爽卸粧霜 100g (限量),膏狀的清爽保濕感 X 油狀的清潔力,766.0,2
7098716,赫本染髮劑3N深棕黑色 (170ml/盒),"健康染髮,染劑富含植物配方",766.0,2
7425257,可爾必思TP330ml,4714947000196,765.0,51
7305948,MEKO大指甲剪/A-022,輕巧好攜帶,765.0,17
7346436,貝印L型安全修眉刀/刃長22mm*3入,細緻安全刀片的 L 形刀片，非常適合眉毛部位護理。,765.0,9
8006835,LG喜馬拉雅粉鹽牙膏100g-冰澈薄荷,選用最自然的喜馬拉雅山粉晶鹽為成分，搭配蘆薈顆粒，配合正確刷牙習慣： 幫助預防蛀牙、幫助去除引起蛀牙的細菌、強化琺瑯質、透過再礦化修護琺瑯質損傷、幫助預防牙齦問題。唇齒間留下舒爽薄荷香氣，讓你一整天清新怡人好口氣。,765.0,5
7990351,1028 ARTISAN 鉛筆眼影刷 E14,細小錐形刷頭，適中的鬆硬度，能在眼頭、眼尾小面積處精準上色。,765.0,5
8119088,1028 ARTISAN 細節眼影刷 E15,密實圓弧小型刷頭，毛量扎實彈力，精準抓粉，鮮明勾畫眼影細節。,765.0,5
7042106,(已結束合作)倫敦芮魅Rimmel 眉煩惱擬真液態造眉筆-多款任選,0.2mm極細筆尖，擬真毛流輕鬆GET,765.0,3
7904033,(已結束合作)莎莉韓森 奇蹟光感指甲油 (多款任選),優雅持色,765.0,3
7797374,(已結束合作)Rimmel 倫敦芮魅 純淨透潤長效遮瑕膏 (多款任選),敏感肌適用,765.0,3
7330286,雷達液體電蚊香組41ml-無味,"無香精、無染料,只有雷達的除蚊保護",765.0,3
7660952,普惠醫用口罩成人韓版10入天使白,4712123642611,763.0,7
7580719,ABEL-省力降噪音封箱切台-藍色(L),人體工學握把，舒握防滑,763.0,7
7935272,靠得住完美封漏長夜抑菌棉柔7片41cm (新舊包裝隨機出貨),甲殼素纖維抑菌配方,763.0,7
7832956,小林馬桶洗淨錠星星藍流120g_藍薄荷,4987072067468,763.0,7
7434149,KANGOL男中長襪-多色任選,經典時尚造型,763.0,7
7427412,角落生物_保加利亞玫瑰香水洗衣凝露,4716814954786,763.0,7
7138846,炫豔玫瑰精油護髮霜800ml,添加玻尿酸保濕液,763.0,7
7432426,曼秀雷敦Acnes藥用抗痘美白洗面乳100g,4719865605331,763.0,7
7426697,三詩達新樂垢齒白牙膏150g,4901616010604,763.0,7
7451134,超細纖維200D彈性褲襪 M-XL,超細纖維高彈性,763.0,7
7170297,萬應白花油 5cc 3號,減緩中暑暈眩,760.0,8
7565686,郭雪芙代言-ROSE IS A ROSE零著感內褲,透氣內襯,760.0,4
7108341,HARIO-V60濾紙1~2杯用110張01原色,日本原廠進口,760.0,4
8139796,Kneipp克奈圃鹽泉浴鹽500g松樹冷衫,以松樹(歐洲山松、歐洲赤松)和冷杉(西伯利亞冷衫、歐洲冷杉)為主角.來自德國百年知名原始鹽泉鹽場Luisenhall,760.0,2
7105466,CIELO宣若EX染髮霜-5P紫紅棕,簡單一按，不用攪拌，淡雅香味不刺鼻,760.0,2
7436661,Za超磁久無瑕美肌粉底液25ml_OC0W,4531632460062,760.0,2
8080618,MKUP 狠大眼睫毛膏2.8g (黑/咖) 美咖有效期限：2025.04,,760.0,2
7979759,【廠商直送】Makeup Eraser原創魔法卸妝巾隨行款-酪梨,美國年銷量600萬條的銷售傳奇，只需水的神奇環保卸妝術，Makeup Eraser原創魔法卸妝巾擁有美國獨家專利技術，全球領先的超柔細抗菌纖維，它由數百萬個細小纖維毛組合而成，每根纖維比人的頭髮細50至100倍，無需多種卸妝工具產品，無需繁複的清潔順序，只需溫水，就能輕輕鬆鬆卸除各種妝容！,760.0,2
7652119,CIELO宣若EX染髮霜-3PA松果灰棕,簡單一按，不用攪拌，淡雅香味不刺鼻特殊防氧化設計,760.0,2
7301145,婦潔VIGILL蜜蠟除毛貼片3合1綜合組,【除毛貼片】 能溫和深入毛囊，將毛髮連根拔除，最久可維持4週光滑肌膚。另添加蘆薈(Aloe Vera)舒緩配方與杏仁油 (Almond Oil)滋潤配方，除毛同時能呵護嬌嫩的肌膚，提供肌膚滋潤舒緩。,760.0,2
7432541,CIELO宣若EX染髮霜 7深黑棕,4987205896835,760.0,2
7426699,佐藤雅雪舒牙膏125g,349873014012,760.0,2
7828770,工業風-菜刀菜板架,空間收納的最佳幫手,760.0,2
7274626,LUCIDO 按壓式染髮劑(自然黑)50g+50g,簡單一按不沾手，可分次使用,760.0,2
7544740,高絲曬可皙極度防禦防曬乳60ml-溫和,,760.0,1
7620217,高絲曬可皙極度防禦美白升級組,,760.0,1
7097478,蘇菲清新涼感護墊32片微涼小黃瓜14cm,溫和舒涼、擺脫悶熱,759.0,11
7685650,角落小夥伴童巾露營篇-三色任選,吸水速乾,759.0,11
7105115,首爾DESIGN交叉弧形抓夾壓克力-5款任選,色系超漂亮的韓系髮夾抓力也很棒唷~可以夾公主頭或整個盤起來都很美滴,759.0,11
7931788,牛乳石鹼Milky牛乳精華沐浴乳補充柚子400ml,百年來堅持溫和品質的牛乳石鹼所推出的「香皂配方沐浴乳」，,759.0,11
8235387,我的心機角鯊烷潤澤修護足膜1雙入,嚴選植物來源添加-角鯊烷，搭配海洋調香氛調和，潤澤肌膚並達到滋養修護！,759.0,11
7255006,護得住超乾爽吸水棉墊9片量多加長35cm,"\"\"\"吸水專用棉體 ： 有效鎖住尿液，瞬間吸收不回滲，表層乾爽超舒適",759.0,11
7044701,艾薇塔粉紅玫瑰淨潤卸粧霜120g,卸粧同時抗齡 添加植物萃取成分,758.0,4
7576951,綠貝Tritan果漾彈蓋水壺-1000ml-多色任選,Tritan材質無雙酚A塑化劑,758.0,2
7105716,樂扣樂扣耐熱玻璃矽膠蓋保鮮盒410ml2入,市面唯一可連同上蓋一起進電鍋蒸的副食品調理盒,758.0,2
7403850,一光極品馬油平衡爽膚水140mL,4930598152750,758.0,2
8245904,【廠商直送】KS-蠶絲棉柔中腰褲3件組,專利蠶絲透氣乾爽,758.0,2
7162229,小不叮沁涼驅蚊雙效噴霧-100ml,擷取歐薄荷與沁涼因子，含有機美洲柚、佛手柑精油、結合薰衣草、尤加利精油，具有驅離埃及斑紋、熱帶家蚊、小黑蚊效能，無化學殘留、溫和不刺鼻，是居家外出最好的沁涼清爽防護用品。,758.0,2
8589522,【廠商直送】摩達客立體門貼對聯-二片組-兩款任選,◉春節開運招財◉,758.0,2
7319201,比得兔釘扣觸控手套-顏色隨機出貨,防風防寒、保護雙手、保暖又時尚,758.0,2
7350604,角落小夥伴長袖睡衣套裝,台灣製造,758.0,2
7734126,爵戀iP海洋精華洗髮精480ml-水潤修護,爵戀全新升級,758.0,2
7647044,京禾多功能數位電子時鐘(萬年曆)/JH-700-兩色任選,1.小台機型，辦公、居家不可少！經典黑白配,758.0,2
7433128,艾瑪花園馬鞭草加倍膨鬆洗髮精500ml,4719264250392,757.0,4
7108527,絲蘊瞬效蓋白噴霧120ml-經典黑,"一噴蓋白, 立即上色",757.0,3
7099615,自然風逗貓棒-多款任選,玩具本體使用再生紙材質，晃動後會發出貓咪喜歡的沙沙聲,756.0,7
7146241,貝思寶兒檸檬紅茶利樂包330ml*6入,清新酸甜滋味，百年果茶經典配方，成份天然「無色素、無香料、無添加果糖」，使用檸檬原汁調配,756.0,7
7427353,日本獅王奈米樂超濃縮洗衣精補充包900g,4903301242031,756.0,4
7799559,舒芙蕾-鋅離子蕾絲無縫褲,超細32針莫代爾 Micro Modal,756.0,4
7775461,大王elleair柔韌吸水擦手巾200抽3入,柔軟溫和的肌膚接觸,756.0,4
7307883,絲蘊精油養護染髮系列4N經典巧克力棕,完美遮蓋白髮,756.0,4
7661043,DEVE橄欖摩洛哥堅果清潔卸妝油450mL補充包,4513574033252,756.0,4
7403900,Lishan馬油化妝水260ml,4582425684301,756.0,4
7659897,艾詩潤白保濕沐浴乳1000ml-馥馨花香,獨特鎖水配方，潔淨的同時保持肌膚水份。,756.0,4
7432640,麗白薏仁高保濕沐浴乳600ml藍瓶,4513574030305,756.0,4
7432271,馬油滋養護髮霜160g,4582400830051,756.0,4
7432602,韓國isLeaf香氛順盈護髮油_蘋檸也配100ml,8809529880177,756.0,4
7386762,樂扣樂扣PET提把冰箱側門水壺2.6L,不含塑化劑、雙酚A,756.0,4
7330661,瑪榭120丹無反光加長褲襪,無反光系列120 Denier,756.0,4
8237562,妮維雅男士積雪草B5原力修護機能水150ml,,756.0,4
8051334,莊臣_水溶性馬桶清潔刷_含替換刷頭_皂香4入,4901609001510,756.0,3
7341823,京禾12位元計算機/JH-2780-12 -雙色可選,小台機型，辦公桌上不可少!經典黑白配,756.0,3
8061731,高絲曬可皙高效防曬極效防水凝露呵護組,耐汗、水、摩擦，持續型超服貼配方。,756.0,2
7050152,J-Lin 細纖植絨美妝蛋-水滴型,軟Ｑ材質、回彈力強，拍打在臉上十分舒適。,755.0,5
7522431,Solone訂製舒芙蕾海綿/圓形,如同舒芙蕾般蓬鬆的空氣感海綿，輕拍即可創造服貼無瑕底妝。,752.0,10
7436220,幸福物語日系醫療口罩10入伸展貓咪,4719879881080,752.0,4
7108455,潔力豆海綿菜瓜布-爐具/鍋具專用2片裝,適用於清潔鐵/不銹鋼等材質鍋爐,750.0,12
7146246,樹頂100%蕃茄汁晶鑽包1L,蕃茄在日常生活中除了被拿來當水果直接食用外，也常在料理上看到它被拿來當食材的使用。為考量市場需求及其本身的特性，樹頂100％純蕃茄汁不加糖，不含防腐劑，不額外添加鹽，在結構和口感上是厚實飽滿的。如此的特色讓它能夠更廣泛地被運用，如烹調食物，調酒的材料，或是直接單純當果汁飲用,750.0,10
7098335,麥維他消化餅250g,經典消化餅原味，添加小麥粉54%&全麥粉16%,750.0,10
8122749,法柏花漾香氛包3入,採用歐洲進口高級香精油,750.0,10
8237417,靠得住溫柔草本抑菌日用量多26cm13片,,750.0,10
7094834,韓國原辰修護面膜-藍甘菊修護30g片3入,保濕修護、舒緩泛紅、強化肌膚抵抗力,750.0,6
7325821,樂品全方位雙面桌鏡(大),超清鏡面，360度旋轉鏡面,750.0,6
7044958,森之果物嚴選180g-天然甘栗,,750.0,6
8246925,OMORY輕奢厚棉防燙隔熱手套-北歐黑,厚棉材質隔熱防燙。,750.0,6
7345898,貝印極薄刃L型安全修毛刀-刃長20mm*3入,刀片寬度窄的 L 形剃須刀，非常適合加工嘴巴周圍和鼻子下方等小部位。,750.0,6
8051512,出前一丁北海道味噌豚骨湯味速食麵5入,4897878140602,750.0,6
7094832,韓國原辰修護面膜-維生素提亮30g片3入,提亮膚色、光滑淨膚、補水保濕,750.0,6
7608243,韓國原辰輕薄面膜3入-粉色胜肽緊緻,"膠原蛋白&胜肽COMPLEX--, 以膠原蛋白作爲肌膚的支柱, 保持肌膚水分,維持肌膚彈性",750.0,6
8237877,米森有機黑芝麻餅20g_5入,,750.0,6
7105590,艾瑪花園蜂王乳青春賦活馬賽液態皂500m,維持肌膚酸鹼平衡，維持肌膚酸鹼平衡,750.0,3
7055442,Biore排汗爽身淨味劑-潔淨皂香滾珠 40ml(新舊包裝隨機出貨),「汗瞬乾粉體」日本突破性新技術，讓汗水蒸發速乾，不易阻塞毛孔，肌膚呼吸般透氣、維持潔淨乾爽舒適，自信一整天,750.0,3
7105574,艾瑪花園綠蜂膠薄荷涼感洗髮精500ml,改善因油脂分泌造成的油癢問題、頭髮清爽蓬鬆,750.0,3
7799315,【廠商直送】OT SHOP毛針織畫家貝雷帽-多色任選,素色厚羊毛編織,750.0,3
7105571,艾瑪花園銀杏葉立體豊盈洗髮精500ml,長效控油不黏膩、維持頭皮清爽舒適、頭皮呈現輕盈蓬鬆感,750.0,3
7341925,THE FACE SHOP肌本博士舒敏修護液200ml,能修護敏感躁動肌膚的溫和化妝水,750.0,2
8138748,DARIYA芭露蒂風格彩染霜-莓果甜粉,大容量染髮霜，一瓶即可染出美麗秀髮。,750.0,2
7068400,Vess蜂蜜保溼卷梳,,750.0,2
7440221,野口研究馬卡鋅酵母膠囊30粒,4903361680767,750.0,1
7690995,【廠商直送】迪士尼｜Disney 蛇紋圓包 多款任選,外觀採用蛇紋素皮革、俏皮圓餅包,750.0,1
7268714,澳佳寶孕護葉酸/90's,對象族群:備孕中夫妻、孕前期女性、外食族、上班族、氣色差者,750.0,1
7386798,【廠商直送】鳳盒子杏仁五穀餅12入*2盒組,原料嚴選 在地製作,750.0,1
7918987,AHC零死角防曬水感凝露40ml SPF50+,AHC植萃防禦科技，多重強效抵禦曬黑、曬紅、曬後老化的來源-紫外線(UVA、UVB)、紅外線、空氣髒污,750.0,1
7440227,野口研究蜂膠蜂王乳膠囊30粒,4903361680781,750.0,1
8094282,【廠商直送】Style格調-2.4米三桿防風扣伸縮曬衣架,加厚板折疊臂,750.0,1
7699641,【廠商直送】愛司盟維生素B12錠狀食品60粒Vitamin B12 TABLET,有助於紅血球的形成,750.0,1
7785961,【廠商直送】41度C蒸氣熱敷眼罩5片五入組-綜合,快速升溫、豐沛蒸氣、安全控溫,749.0,1
8524600,HOUSUXI補水保溫瓶1500ml-兩色任選,食品級304不鏽鋼,749.0,1
7958390,待刪除-重複賣場-碧歐斯BIO水感微礦能量噴霧300ml-二入,醫師認證敏弱肌專用健康水 一噴“涼感舒緩”,749.0,1
7227919,國際牌鈕扣型鋰電池2入CR2032-2入,Panasonic最高等級電池,748.0,11
7565540,凱蒂長袖套裝,好穿舒適,748.0,2
8248156,童角落條紋碰碰護耳帽-白熊粉,3-10歲適用。,748.0,2
7243329,OMORY小清新彈跳保溫冷瓶680ml-象白,底部橡膠設計，防滑耐磨,748.0,2
7931502,MAX酵素美肌保濕沐浴乳450mL,,748.0,2
7425556,扇雀飴超酸梅飴 _2019新,4901650103485,747.0,19
7301863,綠貝兒童抗菌不鏽鋼碗組-多色任選,雙層隔熱設計，防燙更安全,747.0,3
7512694,卡樂芙奢彩安瓶染髮霜-暮光綠灰棕,添加光感持色配方! 染髮同時護色固色鎖色!,747.0,3
7601307,OMORY-簡約保溫保冷袋-長黑野營,露營黑色極簡簡約主義風格，時尚大方。,747.0,3
8543153,LUCIDO倫士度零涼感去味沐浴露540g,日本原裝進口,747.0,3
7105734,樂扣樂扣純淨抗菌保鮮盒/1.1L/長方/淺灰/B1C6,上蓋密封矽膠圈可拆洗，防止膠條發霉,747.0,3
7261069,LUCIDO倫士度男性全方位保養清爽型化妝水110ml,"隨著年齡增長而在意的七大肌膚問題,一瓶就搞定",747.0,3
7787283,VOLA 防潑水防曬裙-多色任選,布面防潑水加工，彈開水珠不濕腳,747.0,3
7521518,CONDOR 超纖維抗菌擦手球-多色任選,採用瞬間超吸水超細纖維。,747.0,3
7832277,DR.V清新煥白美齒漱口水10ml*14入,去除口腔異味口齒清新,747.0,3
8534447,女經典款全觸控手套,秋冬季騎車保暖防風手套，防潑水全手掌防滑,747.0,3
7097863,舒妃椰子蘋果潤澤護髮油100ml,乾燥脆弱髮質適用,747.0,3
7816924,樂絲朵_L摩洛哥護髮精華油60ml,,747.0,3
7111246,卡樂芙奢彩安瓶染髮霜-夜幕霧藍綠,添加光感持色配方!染髮同時護色固色鎖色!,747.0,3
7783031,DARLIE好來漱口水500ml-護齦礦鹽,有助去除 99.9%口腔細菌,747.0,3
7432896,KAFEN鑽石閃耀護理油_向日葵70ml,4715302233037,747.0,3
7257996,舒摩兒陰道灌洗液(醋酸)#兩瓶裝133ML,獨家專利 安全舒適 陰道灌洗設計,747.0,3
8061660,碧歐斯BIO全效賦活柔滑潔面霜100g,有效深層潔淨毛孔內的髒污及殘妝,747.0,3
8212432,韓律植萃修護漸變色潤唇膏4g-酒漬莓果,保濕滋潤、荷荷巴油&巴西棕櫚萃取、修飾唇色,747.0,3
7135832,衣物棉被壓縮袋XL(100*100cm/附吸氣閥),防水 防塵 防蟲 防霉 防臭,747.0,3
8614960,【J′ADORE】銀針耳環愛心桃心,【J′ADORE】精品,747.0,3
7105783,樂彩森林 智能滾珠遊樂園-77PCS,DIY創造力。,747.0,3
7540229,自然之綠潔顏沐浴液態皂250ml-矢車菊,義大利原裝進口,747.0,3
7125507,卡樂芙奢彩安瓶染髮霜-晨曦亞麻棕,添加光感持色配方!染髮同時護色固色鎖色!,747.0,3
8590487,依必朗養髮洗髮精600g咖啡因健髮,不含蠟、0矽靈，適合天天使用，強健脆弱新生的頭髮，使髮絲恢復健康與活力。,747.0,3
7073394,待刪除-荷美敷液體OK繃 10g,傷口大小形狀不設限,747.0,3
7752261,【HOUSUXI】派對巴士餐袋-多色任選,,747.0,3
7903408,我的心機嫩白身體去角質250ml-6%菸醯胺,,747.0,3
7445550,Burt’s Bees神奇草本修護棒4.25g,配方升級 ! 加倍修護 ! (高純度積雪草、薰衣草)【關鍵成份】治癒系修復大神-積雪草,745.0,5
7253659,JINYU 冰沁無痕絲襪3雙入-多色任選,全透設計腳尖透明,745.0,5
7041910,Catrice摩登濃長艷翹防水睫毛膏,防水抗汗，眼妝乾淨不暈一整天,745.0,5
7559042,吊掛式衣物壓縮袋70x105cm,輕鬆吊掛、壓縮收納、衣物不變形,745.0,5
7404057,Loshi_BABY凡士林65g,4936201103560,745.0,5
8540040,洗顏髮帶條紋 多款任選,,745.0,5
7103849,大兔耳造型派對髮圈-2款任選,裝飾、造型用,745.0,5
7432529,KOSE光映透美肌職人日本酒保濕面膜7入,4971710390810,745.0,5
7432956,MB_金屬光魅力魔髮梳_玫瑰金,4712876602436,745.0,5
7435999,德國Bref強力馬桶芳香清潔球50g3入_檸檬,圓球設計:全方位接觸水流，清潔每個角落,745.0,5
7122435,風格皮拖-編織紋-3款任選,渲染紋皮質中底，風格獨特,745.0,5
7159417,日本NONIO終結口氣牙膏130g-抗敏,來自口臭科學研究所 幫助淨化口氣專業品牌。,745.0,5
7774759,【廠商直送】mauve-素色緹花中腰褲3件組-黑/粉/杏F,*嚴選純棉材質 *彈性包臀 *舒適透氣,745.0,5
7082477,S.D.R.奢華尊爵黑珍珠洗手乳500ml,含有保濕霜的特別配方，打造飽水柔嫩之肌底,745.0,5
7250658,樂品活性碳醫用口罩30+3枚盒裝,高透氣,745.0,5
7108602,雄獅油性細字奇異筆 NO.600 (12入)-3款任選,適於各種書寫、繪畫、設計等不同用途，無論於紙類、木材、布類或玻璃、陶瓷、塑膠、金屬等材質表面均可使用。,745.0,5
7251058,迪士尼公主系列兩入女童三角褲,好穿舒適,745.0,5
7403695,”亞迅”鼻腔擴張貼片(未滅菌)標準款透明12枚,4566322160014,745.0,5
7301820,POWER HOUSE衣物香香豆340g-多款任選,衣物保存狀態持久散發香味,745.0,5
7225440,統一藥品液快絆液體絆創膏4g,,745.0,5
8603185,吊掛式 集水袋 防潮 除濕袋 100g除濕包 衣櫃 除濕劑 除溼包 防潮袋,,744.0,62
8544497,【廠商直送】FRESA-真空蒸煮微波保鮮盒1L,獨家專利抽氣閥延長7倍鎖鮮,744.0,3
7295661,Miro.lu 多功能美妝蛋超值組 (新舊包裝隨機出貨),１親水性，可乾濕兩用 。　　　　　　　　　　　　　　　　　　　　　　　　　　,743.0,7
8237953,米森BC益生菌草莓脆麥片_隨手包40g,,741.0,19
7404661,Gery厚醬餅乾100g-多款任選,口感濃郁，滋味香醇，超級好吃,741.0,19
7042105,(已結束合作)倫敦芮魅Rimmel 眉煩惱塑型極細防水眉筆-多款任選,絲滑柔順的質地，防水抗暈染,741.0,3
7122304,GATSBY強粘造型慕絲185g,1.泡沫式慕絲，迅速均勻包覆髮絲,740.0,4
7882535,Forever Young我心深處戒指組5入-銀色,我心深處，你的角落。幾許相知，歲歲年年,740.0,4
7589136,凡爾賽乳液瓶350MLVS-856(3色隨機出貨),經典造型設計,740.0,4
7064426,肌研卵肌溫和去角質泡洗顏160ml,AHA + BHA添加-溫和洗淨老舊角質及毛孔髒污,740.0,2
7088495,蔴鑽農坊-原味薑母茶45g,,739.0,5
7273149,蔴鑽土芭樂茶3.5g*15入,"蔴鑽農坊堅持與本地農民合作,精選台灣種植土芭樂未成熟小果實,在適合加工期採摘、清洗切片,以獨特的技術慢火烘焙,是保有原始芳香美味的果茶,氣味清新宜人",739.0,5
8559346,【廠商直送】日本FaFa FREE 無香精濃縮柔軟精補充盒1500ml,深入纖維底層，拔除頑垢,739.0,1
7326835,防護防塵薄手套12入-多種尺寸任選,護手的絕佳商品,738.0,18
7134979,海洋風立體內衣洗淨袋1入,細密網目緊密縫合，柔韌耐用完整保護。,738.0,12
7569727,Malizia香氛沐浴乳1L-多款任選,雞蛋花&蓮花:讓人愛不釋手的雞蛋花&蓮花撲鼻而來，溫和包覆每一吋肌膚，揮灑閃耀迷人的氣息，香氛同時轉化心情，讓您感到優質的舒適感。,738.0,2
7394878,童KT刺繡止滑防風防水手套-尺寸任選,"防風防水功能,適應寒冷潮濕環境",738.0,2
7963797,艾杜紗 魔束捲翹睫毛底膏 (限量新色) 6g,美睫梳設計，向上提拉至完美弧度，長時間維持捲翹不軟塌，根根分明不結塊媲美植睫毛般輕盈持久！,738.0,2
8540122,Mude 重拾自我眼線膠筆 (多色可選),Refind ME 重拾自我眼線膠筆,738.0,2
7431706,KONAD老虎積雪草瞬柔修護潤絲精1000ml,韓國研發，結合山羊奶與韓方草本配方※,738.0,2
7071866,Simple清妍SOS毛孔調理控油精華 25ml,實驗證實 使用23hr速效抗痘,738.0,2
7144829,飛利浦 雙孔充電器,使用8級VO防火材質,738.0,2
7432501,白雪姬-無痕白嫩美人指霜30g,4533213672550,738.0,2
7565519,Farcent香水胺基酸沐浴露780g-癮誘粉漾,前、中、後調香水香氛，洗後肌膚散發層次香水氣息,738.0,2
7482233,粉漾腰首腳枕,,738.0,2
8079104,【買一送一】Farcent香水胺基酸沐浴露 780ml(下單1出貨2),,738.0,2
7477056,【廠商直送】日式-羊羔絨暖暖毯,舒適雙面皆可用保暖毯,737.0,1
7484670,hold黏-掀蓋式短柄膠黏拖把-鐵灰,隨掀即用 方便收納,736.0,4
7104984,泰國MAG MAG還魂梅40g,泰國航空頭等艙迎賓零食,735.0,15
7426836,步行足部軟墊-足趾用12枚,4956810707812,735.0,15
7083838,綠的藥皂80g*3,乙類成藥，安心有保證,735.0,7
7351663,上山採藥鳳梨酵素活氧洗顏乳100g,果漾酵素結合細緻泡沫,735.0,7
7372819,利口樂瑞士草本喉糖袋裝70g-兩款任選,"前味是一陣清新芬芳的香蜂草檸檬味,後味則是多種植萃混合的豐郁草本香氣",735.0,7
7135802,綠的藥皂消毒殺菌80g*3入,適合全家人天天使用,735.0,7
8169322,A.P雨傘遊戲機極致動能平口褲,特殊拔印技術，印花久洗不褪色,735.0,3
7278414,蒂沐蝶髮的森林浴洗髮精450g迷迭香防斷,1/ 日本特有の樹種 明日檜木萃取,730.0,2
7707322,ALLIE持采亮化UV防曬水凝乳_光肌茉桃香60g,4973167057667,730.0,1
8147431,【廠商直送】RICO baby 嬰兒潔牙溼紙巾30片*3盒,獨立包裝，衛生且易於攜帶,730.0,1
7426634,me淨白清新漱口水460ml-蜜桃薄荷,4901616010949,729.0,3
7432439,MINON豐潤保濕乳液100g,4987107616524,729.0,1
8173881,媽媽寶葉酸綜合膠囊,4976652017047,729.0,1
8237227,L'OREAL 巴黎萊雅 玻尿酸眼霜級撫紋精華霜PRO30ml 紫熨斗,,729.0,1
7723619,親親香皂100g,改善肌膚菌相,728.0,9
7099567,犬用每日潔牙棉繩玩具棒型 SS,使用天然素材，狗狗一邊拉扯繩索遊玩時，棉繩纖維會像牙刷一樣，清潔牙齒、牙垢,728.0,7
7273146,蔴鑽黑豆薑茶13g*10入,薑的用途廣泛廣受喜愛,728.0,5
8098652,Miro.lu 原木氣墊按摩梳,彈力緩衝氣囊，按摩舒適,727.0,3
8534272,LEC激落君除黴清潔劑100g,日本原裝進口,726.0,2
7404233,立山雪峰天然水500ml,4987332407102,725.0,25
8237878,星太郎超寬條餅香菜口味70g,,725.0,25
7094479,碧歐斯BIO金萃玫瑰黃金活顏潔面凝膠100ml,泡沫豐富細緻，可徹底潔淨肌膚,725.0,5
7257965,巧巧 壁掛式(美形)廁刷組-顏色隨機出貨,壁掛防沾地,725.0,5
7308047,賽吉兒菁萃柔嫩乳霜30ml,特別推薦給45歲以上/熟齡女性使用,723.0,1
7425259,可爾必思開心成長飲160ml_蘋果乳酸菌,4714947170011,722.0,64
8051895,比得兔門簾_田園趣_藍,4718995355406,722.0,1
7931894,比得兔長門簾_白色雪花,,722.0,1
7255232,摩戴舒成人醫用鑽石型口罩5入-多款任選,"\"\"\"好呼吸不悶熱",720.0,16
7134981,泰山冰鎮檸檬紅茶300ml*6,冰鎮紅茶是由紅茶萃出液搭配檸檬口味，讓口感呈現出果香的清醇,720.0,12
8600774,Frenature富紐翠椰子脆片50g,,720.0,12
7254681,曼秀雷敦Acness清爽吸油面紙60片,柔軟不易破的薄膜材質,720.0,8
7044959,森之果物嚴選120g-整粒蔓越莓乾,美國密西根優質整顆新鮮蔓越莓鮮果製,720.0,6
7615014,貓-CIAO啾嚕管狀肉泥80g-多款任選,日本原裝進口,720.0,6
7232014,樂彩森林 珍珠盒裝史萊姆-3入,"天然材料,媽媽放心。色彩鮮亮,細膩質感。啟發創造兒童思維",720.0,6
8051837,CSD中衛無粉檢驗手套PVC100入L,4711908505103,720.0,4
7433361,BANDAI角落小夥伴入浴球Ⅳ75g,4549660325512,720.0,4
7426909,ECONECO lucia coaster 陶瓷吸水杯墊,4710001797163,720.0,4
7394835,首領VIP巧克力風味棒25g*24入,鬆脆的威化,720.0,3
7270980,巴黎Evoluderm臉部磨砂霜150ml-蜜桃,巴黎原裝進口,720.0,3
7423241,猫-Amo Petric超結團低塵豆腐砂6L,3秒快速成團，用量節省30%,720.0,3
7563152,舒妃自然匯薑萃髮麗霜50ml-紅栗,不含PPD,720.0,2
7739020,SPORT衛生套12入-飆捍型,超薄體驗,720.0,2
7406733,Annecy護髮瞬乾兩用快速髮梳,乾濕兩用，梳針前端圓潤，適合頭皮。,720.0,2
7144725,韓國Enaak點心麵3入*8袋-雞汁,口感酥脆,720.0,2
7888127,箱購-Paldo御膳麵16入-炸醬,1.韓國原裝進口,720.0,1
7083798,巴黎Evoluderm修護髮膜500ml-全效修護,富含摩洛哥優油、乳木果油,719.0,2
7222377,舒芙仕女除毛刀片(中性肌用)-杏仁椰乳 (新舊包裝隨機),獨特潤膚皂,718.0,2
8489174,【廠商直送】cocodor彩色小屋擴香瓶200ml-親親寶貝,內容物:擴香瓶200ml、造型擴香棒1入,718.0,2
7222375,舒芙仕女除毛刀把(中性肌用)-杏仁椰乳 (新舊包裝隨機),獨特潤膚皂,718.0,2
7802108,【廠商直送】驛森町 深層按摩瑜珈柱,採用環保EVA材質,718.0,2
7624784,舒適-舒芙仕女除毛刀把-清爽檸檬,潤膚皂內添加3種滋潤成分：檸檬、乳木果油、野草莓                                                                                                                                                                         簡單方便  沐浴即可同時除毛  享受肌膚光滑清爽,718.0,2
7697983,OMORY童趣棉被收納袋-藍色熊59x48cm,收納衣物、棉被、床包。,718.0,2
8504098,樂扣樂扣透明耐熱玻璃保鮮盒750ML正方形,Bisfree材質上蓋，不含雙酚A與環境賀爾蒙,718.0,2
7981330,待刪除-【廠商直送】天香小醬-熟成麻辣醬170g,主廚以花椒煉油，再加入八角、桂皮、丁香等漢方拌炒後靜置；再以紅蔥、大蒜與開陽炒香，隨後加入辣豆瓣與辣椒著色調味，依特定比例混合花椒油與辣椒，並擱置五天使其熟成，嚐起來麻辣色香並重，滋味強烈卻圓潤豐厚。,718.0,2
7077008,發現茶棗尋蜜紅3.5g*15入袋裝,棗尋蜜紅：甘甜滋潤，養出你的好氣色,717.0,3
7171524,Le Pichet植萃英國梨小蒼蘭洗髮精500ml,淨化頭皮補充髮根水份，強化髮絲不易斷裂，延緩髮根老化，柔順不乾澀糾結。,717.0,3
7432724,森田藥粧玻尿酸複合精華修護面膜5入,4715872646381,717.0,3
7709704,森田藥粧備長炭深層控油面膜3入,打擊油光，淨化控油,717.0,3
7931748,森田藥粧備長炭深層控油面膜3入,,717.0,3
7105880,淨 男士去屑洗髮乳750g-冰爽薄荷止癢,1.CLEAR淨專為男士設計，男士強韌健髮淨爽型去屑洗髮乳,717.0,3
7082758,台塑抗熱修護菁華乳160g,濕髮用，免沖洗,717.0,3
7108648,海倫仙度絲絲滑柔順去屑潤髮乳750ml(新舊包裝隨機出貨),"鎖水配方,結合髮毛鱗片撫平科技",717.0,3
8169410,ADK咖啡紗浴巾-多色任選,咖啡紗系列毛巾,717.0,3
7105882,淨 男士去屑洗髮乳750g-深層淨碳型,CLEAR淨專為男士設計，男士深層淨碳去屑洗髮乳,717.0,3
7432498,Seborin咖啡因洗髮露250ml,4015000981194,717.0,3
8030861,迪士尼成人平面口罩10入-漸層星際寶貝,親膚性纖維不織布,716.0,4
7041909,Catrice小顏光燦修容餅,服貼細緻輕柔粉質,716.0,4
7050875,NAILTONE 極緻八合一護甲油 (9mL)-新舊包裝隨機出貨,功能濃縮！一瓶即抵上層油、基底油、硬甲油,716.0,4
7072848,獅王奈米樂超濃縮洗衣精660g-抗菌,日本獅王專利MEE配方，分解髒污至奈米等級，徹底洗淨纖維內深層髒汙。,716.0,4
7091860,丹麥TULIP特級午餐肉罐(減鈉40%),健康美味 家庭都需要的,716.0,4
7237227,A BONNE’ 奇蹟牛奶SPA亮白身體乳 500ml,白雪女孩養成計畫,716.0,4
7272929,法國聖桃園果醬284g-多款任選,"成份皆為天然水果萃取,無添加防腐劑,甜味來自於果醬中的果肉及果汁",716.0,4
7593937,Malizia 24H爽身噴霧150ML-多款任選,淡淡香氣的經典原味爽身香氛噴霧清爽觸感伴隨您一整天。小包裝好攜帶，方便攜帶隨時隨地補噴，瞬間能讓肌膚變得乾爽芳香。,716.0,4
7157641,WINMAX極度溫和去光水(60ml),含檸檬精油(舒緩)、柑橘精油(紓壓)、葡萄柚精油(潔淨)、玫瑰草精油(潤澤)、花梨木精油 (滋養)與天然維他命E，保濕潤澤指甲，溫和不乾燥。,716.0,4
8119093,1028 ARTISAN 勾勒眼線刷 E19,斜切設計彈韌刷毛，細緻精準不刺眼，能輕鬆拉長、填補或勾勒一筆到位的細緻眼線。,716.0,4
7097313,妮維雅止汗乳液美白精華40ml-櫻花,不含酒精成分，無添加色素,716.0,4
7611104,妮維雅止汗爽身乳液50ml-深層煥白,"全新升級的長效乾爽止汗配方,富含「50倍超高濃度維他命C」與甘草精萃,打擊腋下黑色素",716.0,4
7470824,獅王OCTO清屑舒癢洗髮精320ml,4903301437239,716.0,4
8596014,柔視全效保養液 360ml(隱形眼鏡藥水),★清洗,716.0,4
7250048,樂扣樂扣-PP保濕微波盒-蒸氣孔540ML2入,食品級PP材質不含塑化劑及雙酚A,716.0,4
7523176,P&G_Ariel微香潔淨4D洗衣膠球22P補,4987176062321,716.0,4
7253770,妮維雅滋潤抗曬乳液SPF30 PA++ 75ML,可用眼周肌膚,716.0,4
7432483,SHIKIORIORI豆乳保濕化妝水500ml,4513574028081,716.0,4
7432845,ROSETTE米糠淨嫩洗顏乳120g,4901696539415,716.0,4
7225603,色紗橫條浴巾(73*140CM)-2色任選,吸濕柔軟、舒適親膚、台灣製,716.0,4
7467365,Perfect 洗顏專科超微米極淨卸妝乳 180ml,極致溫和配方，清爽卸出水嫩正素顏,716.0,4
7263827,媚點 細緻蜜粉餅(透明),紋理細緻，自然粧感,716.0,4
7088378,妮維雅水潤輕透乳液400ml,海洋礦物保濕配方，即時補充肌膚所需水分,716.0,4
7698002,點胭脂 繁花似錦壹壹零 球型粉撲刷,• 不脫妝的秘密 為精巧絕倫的完美底妝而生,716.0,2
7872685,【廠商直送】紅豆食府麻辣肥腸150g/盒， 共2盒,經典四川名菜，老滷大腸頭Q軟帶勁，麻香帶勁辣而不嗆,716.0,1
7427077,克潮靈集水袋補充包3入_玫瑰香,4710731052501,715.0,13
7875161,IM非乳膠水光雙面粉撲2入-水滴(顏色隨機出貨),雙面可用，超軟Q速上妝,715.0,13
7292739,高級附挫刀套直剪(TL-0925),附銼刀蓋子 直刀口剪刀,715.0,13
7598681,韓國蠟筆小新彩底立體耳朵短襪-多色任選,蠟筆小新,715.0,11
7404022,泡泡先生後腳跟刺繡短襪-多色任選,超萌泡泡先生系列襪款！暖萌來襲,715.0,11
8573818,麗芝士威化餅乾組700g,,715.0,3
7828745,工業風-無痕皂盤萬用架,"免釘免鑽牆,不破壞牆面",714.0,6
7629347,蘭諾LENOR衣物芳香豆180ml-晨曦玫瑰,日本銷量No.1衣物芳香品牌,714.0,6
7223266,舒適Xtreme3熱情夏威夷仕女輕便刀(3入裝),熱情夏威夷風豔麗色彩,714.0,6
7099607,調皮汪汪逗犬棒-多款任選,狗狗專屬逗狗棒,714.0,6
7273473,COOL ANGEL 親膚典雅無痕褲,,714.0,6
8237738,小林製藥可亮維眼鏡防霧拭鏡紙20入,,714.0,6
7041926,essence再見唇印霧感持色唇釉 3ml,持久 8 小時不掉色不轉印,714.0,6
7426771,Ora2淨色無暇牙膏-薄荷,4901616008816,714.0,6
7224201,JINYU 超棉1/2休閒襪3雙入-多色任選,天然純棉織造,714.0,6
8237924,ORIHIRO蒟蒻果凍_哈密瓜葡萄柚12入,,714.0,6
7301082,婦潔淨柔蘆薈除毛貼片(手/腳部用)16+2pcs,婦潔蘆薈除毛貼片能溫和深入毛囊，將毛髮連根拔除，最久可維持4週光滑肌膚。特別添加蘆薈(Aloe Vera)舒緩配方，除毛同時能呵護細緻肌膚，給予肌膚滋潤舒緩。,714.0,3
8561387,(已結束合作)莎莉韓森純然亮采指甲油15ml,0,714.0,3
8276780,Za不畏豔陽清透防曬乳(臉部身體用)SPF50,適用於臉部與身體，全面封阻UVB,714.0,3
7378961,水之印 AQUA LABEL 濃密泡保濕洗面霜 130g,在臉上輕輕搓揉，超細緻微粒泡泡能長驅直入毛孔，連細微髒污都能徹底洗淨！,714.0,3
7797338,(已結束合作)Rimmel 倫敦芮魅 純淨透潤長效粉底液,適合敏感肌的乾淨裸妝,714.0,2
8602897,【即期品】巴黎萊雅極緻純色訂製唇膏 (情人節限定色)-157冬日木(效期:2023/9/30),新的一年，就讓巴黎萊雅極緻純色訂製唇膏與妳一起美出新高度!,714.0,2
7091019,INTEGRATE 柔焦輕透美肌粉底液OC10,創新！無重力粉體,714.0,2
8535847,迪士尼洗手乳300ml蘋果梨-維尼,溫和迷人的蘋果梨香氣，中性溫和配方呵護雙手，溫和洗淨的安心感，洗後散發優雅香氣。,712.0,8
7597863,韓國絨毛小小兵全版中筒襪-多色任選,可愛卡通,712.0,8
8237906,前田5連乳酸菌蛋酥50g,,712.0,8
7633433,日系晶鑽擴香瓶補充液80ml-多款任選,"本產品為補充液,通用各品牌香氛精油瓶之容器,可替換使用,內附新的擴香棒,全新配方香味更強,持續散發5-8週,散發效果佳,讓室內空間持續芳香.",712.0,8
7279633,蕾妮亞吸水淨味墊16片防輕漏80cc,NEW!棉體改良強化吸收力，帶來極淨乾爽感,712.0,8
7214271,舒絲仕女輕便刀2+1入,"\"\"\"添加潤滑條",712.0,8
7432132,Shikioriori白椿油Ｗ潔顏乳190g,4513574008526,712.0,8
7255128,涼感1/2襪-2雙入-多色任選,涼感纖維,712.0,8
8538161,超消臭導氣減壓氣墊襪-L-多色任選,360度無死角全導氣網織法,712.0,8
7426451,Relove_私密肌30秒面膜濕紙巾,4712933172223,712.0,8
7425250,加卡比薯條(奶油味)盒裝90g,4901330641818,712.0,8
7069960,海龍王紫蘇梅230g,酸！甜！Q軟開胃涮嘴,712.0,8
7088754,莉婕絲逸歡造型定型液150ml,強力定型 持久不毛燥,712.0,8
7767926,IM 自然植感眼影暈染刷,●超越動物毛の優越性,712.0,8
7790159,Mdmmd.極細抗暈控油雙頭眼線筆(2色),◆極細眼線液 X 超抗暈眼線膠筆,712.0,2
8224821,VOLA 百搭色塊長襪-多色任選,襪口舒適包覆不勒腳、不鬆垮,711.0,9
7053406,金屬小爪夾2入-3款任選,裝飾、造型用,711.0,9
8243424,綠貝伸縮式速乾洗瓶刷,便利掛孔設計，輕鬆吊掛省空間,711.0,9
8044725,IM 神隱級強力雙面雙眼皮貼-深邃款240枚,●橄欖設計，厚重眼皮或中後段眼皮下垂有很強的支撐立，瞬間大眼睛，超隱形不曝光,711.0,9
7098410,上好佳鮮蝦條原味18入,迷你版的菲國蝦味先、小巧攜帶方便,711.0,9
7271355,Calorie卡路里-燕麥穀物棒250g,嚴選天然燕麥與巧克力的最佳組合,711.0,9
7932359,IM三段式美妝蛋防塵收納盒-水滴,三段式晾曬，收納、攜帶、晾曬3in1,711.0,9
8540713,吸濕排汗3倍減壓氣墊船襪-M-多色任選,採用合格認證有機棉原料,711.0,9
7056045,龍口春雨坊粉絲2入-冬菜粉絲,沖泡即可食,711.0,9
7240522,素面1/2休閒襪3雙入-多款任選,超值三入組合,711.0,9
7348994,足弓透氣五指襪-多色任選,高級素材 超舒適,711.0,9
7214050,高露潔兒童超級軟毛牙刷2-5歲2入,小巧刷頭能靈巧的清潔小朋友的牙齒,710.0,7
8129817,FSCODE沐妍堂-櫻花精油舒壓入浴粉50g,花香伴您泡澡消除身心疲勞紓解放鬆,708.0,18
7295476,大正兒童專用牙刷(6-12歲),超小刷頭，圓型刷毛，專為(6-12歲)兒童口腔設計，專業造型手柄，附加手柄貼紙，第一次使用前可先寫上使用者姓名，再貼在手柄上。,708.0,12
7948781,拚色襪口兔子刺繡堆堆襪-多色任選,可愛刺繡,708.0,12
7094877,李施德霖漱口水-薄荷250ml,可全天候保護口腔全面潔淨，避免細菌滋生而產生牙菌斑和牙齦問題,708.0,12
8132745,湯姆貓與傑利鼠 蘋果梨洗手慕斯250ml,清新香氛舒適好心情,708.0,12
7470930,日本Taguchi排水口清潔劑2入30g,4562127380824,708.0,12
7596769,韓國小愛心中筒-多色任選,可愛愛心,708.0,12
7090330,Kesho洋甘菊女性專用濕式衛生紙20抽,添加洋甘菊、金銀花、金盞花、蘆薈,708.0,12
8229981,日系民族風撞色中筒襪-多款任選,撞色穿搭,708.0,12
7225612,蠟筆小新童巾-多款任選,"反應性印花,顏色堅牢度較優",708.0,12
8055138,樂品3段速淨防變形洗衣網-角型M,格紋密織比粗網更防護面料,708.0,12
7227945,國際鹼性4號4入(紅收縮),日本銷售第一,708.0,8
7620652,涼感超細纖維 1/2少女襪2雙入-多款任選,觸感柔順，吸汗透氣,708.0,6
7519332,米大師穀拿滋棒9.5g*8入-多款任選,蔓越莓穀拿滋堅果棒採用100%蔓越莓汁及果乾更加凸顯酸酸甜甜好滋味,708.0,6
8237202,專科水潤保濕輕乳霜50g,,708.0,2
7432383,豆乳美肌多效保濕凝膠霜100g,4964596447907,706.0,2
8071397,日本小白兔暖暖包(貼式) 14h,,705.0,5
7105333,艾戀 鯨魚型超防水矽膠胸貼,柔軟舒適自黏式的矽膠隱型乳貼,705.0,3
8611239,【廠商直送】Style格調-透明抽屜式30面寬五層收納櫃,透明設計 選取好便利,705.0,1
7838606,I am okay 透明加大扁型筆袋-3色任選,無毒、無塑化劑,704.0,8
7077248,一日蔬果100% 160ml*6入-水蜜桃蘋果(包裝隨機出貨),100%蔬果製成.無添加砂糖.無砂糖.無色素.,704.0,8
8169325,A.P雨傘塗鴉印花平織平口褲,100%純棉黃金比例布料，成衣,704.0,4
7443811,A.P雨傘運動印花針織平口褲-幾何丈,100%棉質地輕柔光滑,704.0,4
7647559,A.P雨傘潮流印花平織平口褲,100%純棉黃金比例布料,704.0,4
7138064,三詩達巧虎兒童牙膏70g -多款任選,強化齒質、幫助預防蛀牙、潔淨口腔。,703.0,7
7521230,【廠商直送】美國Sundown日落恩賜 茹素B12 500mcg錠(200錠/瓶),適合全素者、無動物性配方,703.0,1
7084199,頂豐TOPPIK噴霧式假髮144g深棕色,增髮纖維幫你增髮 更增自信,703.0,1
7522416,Solone小海豚安全修眉刀,鋒利刀片，安全防護網格設計，貼心附蓋安全收納。,702.0,18
7817352,靠得住茶樹舒涼棉衛生棉9片28cm(新舊包裝隨機出貨),美國天然茶樹精油,702.0,9
8235194,靠得住完美封漏長夜抑菌棉柔8片35cm (新舊包裝隨機出貨),全新升級!甲殼素纖維抑菌配方,702.0,9
8254767,汪汪隊立大功-免削彩虹筆-4入,,700.0,14
7425279,味之素醇緻原味-玉米濃湯58g,4901001399048,700.0,12
7425282,味之素醇緻原味-馬鈴薯濃湯47g,4901001399055,700.0,12
7580722,SKB輕復古中性筆 G-2506A-兩款任選,森系套裝：橄欖綠、牛油果綠、松石綠、孔雀灰藍、瑾紫﻿,700.0,7
7078012,北海鱈魚香絲103g,營養豐富、容易消化,700.0,7
8005400,樂品旅行用螺旋紙軸棉花棒(單支包)50支 *4包,100%天然棉花,700.0,5
7101417,舒味思氣泡水寶特瓶500ml*4入,"來自英國擁有200多年歷史的舒味思Schweppes,以其絕佳的品質深獲英國消費者信賴",700.0,5
7665243,艾諾琪-大師系列-M110大眼影打底暈染刷,用於整個眼皮打底上色，或眼影暈染，使眼妝更為自然柔和。,700.0,4
7426541,貝利達_抗敏加強型牙膏,8017331052648,700.0,2
8237944,AGFBlendy咖啡歐蕾5.4g_27入,,700.0,2
7049858,BB水光EX極效奇蹟修護安瓶精華8ml,珍貴高純度積雪草苷與多種修復科研成分協作，,700.0,2
7435413,Za黑武士眼線筆0.4ml_BK999,4531632408088,700.0,2
7379525,Ｍ27 恆星眼膠筆,輕鬆上手愛不釋手，定妝持久不暈妝，在油的雙眼都能搞定，讓你輕鬆擁有燦爛卻神秘的深邃大眼,700.0,2
8237943,AGFBlendy咖啡深煎大人咖啡歐蕾9g_30入,,700.0,2
7425146,双養養氣潤顏茶5gx20包,4710341329079,700.0,1
7173066,膳魔師不銹鋼真空保溫杯400ML-珠光白 玫瑰粉,旋轉式上蓋，操作方便，清洗容易，不會藏污納垢。,699.0,1
7063438,KINYO 藍牙聲霸音箱(兩色隨機出貨),雙喇叭、雙震膜，立體環繞音效，猶如身臨其境。,699.0,1
7691532,【廠商直送】漫威｜Marvel 休閒書包(有胸扣) 多款任選,1.漫威滿版英雄人物設計,699.0,1
8237507,WOMENSECRET玫瑰閃耀女性淡香精30ml,,699.0,1
8514076,禾聯小小陶瓷式電暖器白HPH-04XT010,,699.0,1
7440307,保濟堂酵素王15包,4714117000322,699.0,1
7203940,aiwa-愛華-黏塵除毛球機,去球黏毛二合一,699.0,1
7406667,夢17草本泡泡染髮乳-楓糖紅(12包),"灰、白髮專用   恢復亮麗秀髮,變年輕不是夢",699.0,1
7925588,【廠商直送】英倫時尚格紋兩件式風雨衣,經典平價兩件式雨衣，背部附有透氣三角小領片。,699.0,1
7476320,生命之鑰草本植萃精華液100ML,生命之鑰經由長時間濕敷液體滲透至肌膚底層,699.0,1
8167609,【廠商直送】RASTO-FE3一開六插三孔延長線1.8M-多色任選,BSMI識別碼：R53661 驗證型號：31606,699.0,1
7568870,NOKIA 行動電源10000mAh,側邊Micro USB輸入孔,699.0,1
7719956,美吾髮植優護髮補色刷-自然深棕18g,簡單一刷．白髮隱藏,699.0,1
8064221,【廠商直送】RICO baby金盞花濕巾70抽-Premium*6入,金盞花精油舒緩寶寶皮膚,699.0,1
7319851,首爾DESIGN-法式薄蕾絲內衣套組,,699.0,1
8234344,SUNLIFE森萊富維他命C1000發泡錠20錠,符合歐盟規範，品質安心有保障！,698.0,3
7403795,MIYOSHI 無添加泡沫洗顏200ml,4537130102022,698.0,2
7119036,Alpecin雙效咖啡因抗頭皮屑洗髮露200ml,強健髮根和抗頭皮屑雙重功效,698.0,2
7818907,思波綺瞬亮涼感洗潤組-限量,深層清潔，擺脫油膩扁塌,698.0,2
7293470,雨傘牌緞檔浴巾-多色任選,100％純棉，輕柔舒適。,698.0,2
7403922,GABAIYOKA撕除型黑炭面膜90g,4560251184356,698.0,2
8581897,寶寶絨記憶舒壓腰靠墊-多色任選,0,698.0,2
7703191,OMORY奈米絨珪藻土地墊-大理石紋長黑,珪藻泥重量輕，可摺疊 捲起好收納,698.0,2
7565549,蠟筆小新長袖套裝,好穿舒適,698.0,2
7111976,GEMINI 幾何跨界提花踏墊(45*64cm)-2款任選,純棉凹凸毛設計吸水強，減少滑動，折疊方便收納，放置浴室內最佳選擇,698.0,2
7404061,LOSHI_新PURE_VIRGIN馬油滋養霜70g,4936201104253,698.0,2
7538811,日本帕菲安珂精油潔膚露236ml-葡萄柚,100% 植萃精油，一瓶可用於洗臉和沐浴與其它用途全效功能。,698.0,2
7709550,厚底超軟塗鴉款防滑拖鞋-多款任選,室內室外好穿搭,698.0,2
7365899,VOLA 九分不起球超柔裡絨刷毛褲,整體加厚極地抗寒,698.0,2
7160553,凱蒂娃娃 顯色柔和10色眼影盤,清透微甜少女感眼妝！更添甜美可人的輕柔感 溫柔又朦朧的淡桃色，就像一顆微醺的蜜桃般令人心動,698.0,2
7097321,待刪除-L’EGERE超水光爆水安瓶雪肌霜 50g,"大優選保濕成分，透明質酸鈉 , 草綠鹽角草萃取精華等為肌膚打造補水與儲水的保濕網。",698.0,2
8144665,魅尚萱完美護髮精油80ml水潤,強效補充水分的效果,698.0,2
7703238,日本門簾-開運六福貓(藍),多功用開運風水簾,698.0,2
7097817,型色家植萃添加護髮染髮霜-607霧感亞麻棕,免漂髮也能染出霧感髮色,698.0,2
7105806,驅塵氏乾濕鑽石拖把,極致無聲打掃體驗，輕鬆優雅拖地,698.0,2
8032449,OMORY好時光彈跳保溫瓶320ml-杏仁白,˙上蓋PP材質與#304不鏽鋼內膽。,698.0,2
7386506,樂扣樂扣柔彩樂活優質水壺650ML/粉紅色/無濾網,瓶身為食品級TRITAN(共聚酯)，不含塑化劑和雙酚A。,698.0,2
8581886,寶寶絨記憶舒壓坐墊-多色任選,,698.0,2
7296215,MEKO小指甲剪/A-019,輕巧好攜帶,696.0,24
7426386,ECONECO厚手純水20抽濕紙巾,4711554675298,696.0,24
7835404,美吾髮藍風鈴奢香沐浴露700ml,藍風鈴的夢幻花香交織柑橘的清甜果香，以蘭花揉合麝香，為藍風鈴鑲嵌一層質感優雅，呈現活潑又令人心醉的迷人香氣。,695.0,5
7426825,三詩達巧虎兒童牙膏_葡萄,4901616009516,695.0,5
7105394,3天然無染加長洗臉巾(3入)/包,MIT台灣良品  100%自然原棉毛巾，無染無漂，,695.0,5
7426701,Gum-Butler集中單束護理牙刷-軟毛1入,4901616215474,695.0,5
7350822,女用鞋墊23-26cm-業務及大量步行,結合舒適按摩、足弓支撐、高緩衝力的鞋墊 專為足弓支撐設計,695.0,5
7041922,essence雙色修容盤,深淺兩色，輕鬆混刷出自然陰影色,695.0,5
8243815,簡單生活家居拖-多色任選,簡單純色明亮色彩，百搭家居品味,695.0,5
7459648,動物圖案女童褲-3入,材質親膚，透氣舒適，排汗快不悶熱,695.0,5
7066003,V.C杏仁酸驅黑煥膚微晶溫和去角質凝膠 120ml,運用杏仁酸極優越的親膚效果，能調理促進角質更新。,695.0,5
7072847,日本獅王固齒佳酵素亮白牙膏(柑橘薄荷),日本專業防蛀領導品牌。日本厚生省認證，唯一有效齒垢分解酵素。,695.0,5
7105506,精梳棉組包毛巾(3入)-款式隨機,材質:100%棉,695.0,5
7098812,美吾髮黑髮靈補色筆-深咖啡 4g,少量白髮但又還不到需要染髮的程度,695.0,5
8529834,韓系髮圈多變丹寧,,695.0,5
7432284,VeSS頭皮按摩扁梳,4977084722288,695.0,5
7445548,Burt’s Bees護唇膏4.25g-草莓,"像咬一口現摘的草莓,幸福香氣從唇齒間擴散開來",695.0,5
7362664,獅王細潔無隱角EX牙刷2入-亮白護齦,"\"\"\"日本口腔護理市場連續20年No.1の日本獅王專業研發",695.0,5
7425427,不二家大千層派232g,4902555134482,695.0,5
7404006,MIYOSHI新無添加泡沫沐浴乳450ml補充包,4537130100745,695.0,5
7330287,綠油精滾珠瓶5g-櫻花,頭眩鼻塞 肚痛 頭痛 小兒腹痛 蚊蟲咬傷 止癢消腫 肌肉痠痛 暈車暈船,695.0,5
7305896,淨 男士平衡控油沐浴露720g-活力運動,全新上市 Clear 淨 男士沐浴露,695.0,5
7944178,美吾髮陽光甜橘香水沐浴露700ml,高濃度玻尿酸 強效潤澤,695.0,5
7231046,日本馬油護手霜80g,日本高品質馬油添加,695.0,5
7117683,GATSBY潔面濕紙巾超值包42枚-控油型,"避免毛孔阻塞,控油乾爽",695.0,5
7433099,花王Bub沁香森林碳酸入浴錠40gx20錠,4901301024701,694.0,2
7426589,日本獅王細潔浸透護齦EX牙膏130g_清涼薄荷,4903301101536,693.0,7
8119663,我的心機水楊酸淨痘調理洗面乳100ml,溫和水潤綿密泡沫潔淨肌膚毛孔,693.0,7
7242944,麥維他消化餅300g-多款任選,酥脆的麥維他餅乾奢侈添加24％牛奶巧克力,693.0,7
7141522,日本低反彈鞋墊-女用(22-26cm)(新舊包裝隨機出貨),記憶海綿氣墊,693.0,7
7330276,威猛先生廚房清潔劑500g-超強效噴槍,超強效配方融油No.1,693.0,7
7557679,橘之屋-矽膠煎鏟-兩色隨機出貨,耐熱溫度達230℃，高溫烹煮時適用,693.0,7
8509478,舒潔Viva料理控油廚紙60張4入-大尺寸,實驗證實可帶走熱量119大卡,693.0,7
7053416,自白肌浸透玻尿酸保濕潔顏乳100g,經實驗證實能有效抗菌，幫助肌膚形成隱形保護膜,693.0,7
7132818,待刪除-OTTOGI韓國不倒翁韓式正Q寬冬粉400g,口感滑順不易斷,693.0,7
8052263,極夢工房印度棉毛巾2入-顏色隨機出貨,100%棉，品質嚴選控管,693.0,7
7818255,PLAYBOY 線條男中筒襪-2色任選,彈性調節襪口，耐穿不易鬆脫,693.0,7
8223831,POP POP 寶石光透感指甲油 (多款任選),,693.0,7
7701955,SF蠟筆小新BLT漢堡風味洋芋片20g*5入,台灣在地生產,693.0,7
7231477,綠貝304不鏽鋼曬鞋架,"304不鏽鋼,抗繡防潮不龜裂 3mm厚不鏽鋼,堅固耐用不變形",693.0,7
7714173,皮爾卡登薄面休閒襪-多色任選,舒適、吸汗透氣，超優品質,693.0,7
8013659,OMORY馬卡龍超細纖維抹布2入40*40cm-顏色隨機出貨,超強吸水力擦拭後不留水痕,693.0,7
7122307,Lucido-L蓬鬆持久0型腊20g,1.維持圓圓蓬鬆感，髮量UP,693.0,7
7565462,百特旅行抽氣式壓縮袋M-2入,旅行收納大容量設計,693.0,7
7372003,百研-矽膠杯刷(顏色隨機),"矽膠刷毛,清潔力強,不刮傷瓶身；即甩即乾,不易發霉。",693.0,7
7296519,GoodMax仕女三刀片除毛刀5入,◆用於修除身上多餘的毛髮,693.0,7
8189001,Altapharma綜合維生素發泡錠橘子味20錠,4305615614380,693.0,7
7063489,露得清深層淨化抗黑頭柔珠洗面乳100g,幫助減少並預防黑頭粉刺生成，給你看得見的乾淨清透!,693.0,7
7427244,MIYOSHI 無添加餐具清潔液370ml,4537130102046,693.0,7
8232979,韓國絨毛史努比短襪-多款任選,可愛卡通,693.0,7
7369538,安多輕旅行 條紋免洗船襪 4入,"獨家版型, 符合人體工學",693.0,7
7105798,驅塵氏超細緻柔邊吸水布,創新技術-柔邊不刮傷、不脫線,693.0,7
7056015,長松台灣丫環妹大豬公魚干150g,"嚴選優質新鮮食材,搭配獨特醬料,古早味零食,值得您細細品嚐,美味極品!",693.0,7
7754944,POP POP 玩色主義保濕指緣油 (多款任選),,693.0,7
8260166,艾惟諾護手霜50g 葡萄柚/薰衣草,,693.0,7
8033419,77脆可-穀麥巧克力36g,,692.0,28
8237955,米森乳酸菌草莓優格麥片_隨手包50g,,690.0,17
7426557,CreateDental_Prestige寬頭超極細軟毛牙刷1入,4901387022615,690.0,10
8020333,韓國襪長形縮口素色中筒襪-多色任選,"韓國製造,大廠出品",690.0,10
7380787,旋轉無痕六爪掛勾-多色任選,"\"\"\"可360度旋轉",690.0,10
7098342,營多珍饌系列醬香極品炒麵82g*5入-雞肉風味,濃郁的醬香香料調味，辛香甜醬油融合帶有醬香風味的調味油為此道精華所在,690.0,10
7098334,麥維他輕怡消化餅250g,經典消化餅原味再進化，熱量低於原味30%,690.0,10
7293281,正韓抓夾-雙三角系列-3色任選,質量優良,690.0,10
7931898,日本獅王CharmyMagica速乾洗潔精220ml_白玫瑰,,690.0,10
7253629,好來全亮白密泡小蘇打牙膏140g-蘆薈,創新微晶亮白科技，每一公克含1000億顆微分子1，有效微晶亮白+隔離,690.0,6
7570178,VOLA  ㄇ型冰沁包覆襪套-2雙入-多款任選,保覆裸跟，不束縛,690.0,6
7748432,PUMA 女襪口滾邊毛巾底1/2襪-多色任選,耐用耐洗,690.0,6
7825807,BVD1/2圓點直角女襪2雙入-多款任選,透氣、舒適。,690.0,5
7805999,寶可夢1/2襪-皮卡丘+伊布-2雙入-多尺寸任選,正版授權,690.0,5
7105594,范倫鐵諾豐盈造型露200ml-捲髮用,自然塑型、豐盈修護秀髮,690.0,5
7055418,Biore 高防曬明亮隔離乳液SPF50-30ML,防水滑順層: 即使流汗遇水也不易脫落，流汗時使用也清爽不黏膩,690.0,3
7760187,洗顏專科超微米卸妝水-保濕嫩透,卸掉三層髒污,690.0,3
7633547,VOLA 加大褲型透膚絲襪6入-多色任選,腰下褲型設計，一體成型完美織造,690.0,2
7633541,VOLA 褲型透膚絲襪6入-多色任選,腰下褲型設計,690.0,2
8578795,【廠商直送】小米有品-HOTO小猴簡明手電筒QWSDT003,一鍵轉換照明、爆閃、SOS三種實用功能，長按無級調光，亮度自由選擇，開機記憶上次亮度。,690.0,1
7925297,【廠商直送】馬卡龍時尚前開式雨衣,時尚簡約撞色設計,690.0,1
7565390,Storm Breaker專利雙纖自動折傘-多色任選,雙倍玻纖傘骨，增強傘骨堅固度,690.0,1
8267772,韓國Jelly-B低卡蒟蒻果凍150g*10入-青葡萄,"無糖,低卡-使用赤藻糖醇作為甜味劑,既保證了產品口感又做到了完全無糖化,享用香甜水果味的同時,完全不用擔心卡路里的攝取",690.0,1
8267767,韓國Jelly-B低卡蒟蒻果凍150g*10入-水蜜桃,"無糖,低卡-使用赤藻糖醇作為甜味劑,既保證了產品口感又做到了完全無糖化,享用香甜水果味的同時,完全不用擔心卡路里的攝取",690.0,1
8520446,【廠商直送】小米有品-小猴鋰電螺絲刀Lite-綠,1500mAh鋰電池，續航持久，滿電可打超過200顆螺絲。,690.0,1
8555441,FaceQueen玫瑰粉嫩白保濕護手膜10入,超密著襪套式足膜 X珍稀玫瑰嫩白精華,690.0,1
7199000,遠東生技三藻舒眠王膠囊30粒,天然多重植萃精華,690.0,1
8590658,倍德萊蔬萃鈣水25ml*15包,「蔬菜鈣」成分為L型發酵乳酸鈣，採用天然甜菜作為發酵原料，溶解度好，人體利用率高，是極佳的營養補充來源，不會有胃脹氣和腹瀉的問題。,690.0,1
8555409,FaceQueen蜂蜜牛奶滋潤護手膜10入,只要20分鐘，乳木果油高度潤澤精華快速滲入,690.0,1
7234664,Stasher-站站矽膠密封袋828ml-白,全球首款可站立式一體成形矽膠密封袋，超能裝、不傾倒！咖啡豆、可可粉、米粒，盡管放入你想得到的東西！,690.0,1
8237299,AHA柔膚深層洗顏乳120g,,688.0,2
7418084,聲寶五段式音波震動牙刷-粉色,5段式清潔模式,688.0,1
7170731,hanboly絲瓜玻尿酸潤澤化妝水250ml,"洋甘菊萃取,具有舒緩、淨化與調理肌膚、維護肌膚的健康,並能修護與保濕肌膚,賦予肌膚柔嫩光滑",687.0,3
7111229,美吾髮卡樂芙染髮霜-極光藍綠 50gm(新舊包裝隨機出貨),顯色度+58%有感超顯色,687.0,3
8083422,日光生活漸層粉彩運動水壺1000ml,一鍵彈開附帶吸管，方便使用,687.0,3
7271554,VOLA 30D全彈短統襪6雙入-黑,寬口設計 舒適壓力包覆腿部,687.0,3
7513181,堤瑪露香氛洗髮露1000ml-多款任選,秘煉檀香精油-古典檀香香氣.有凝神效果.能放鬆心情.紓緩情緒。,687.0,3
7500461,動物樂園暖手抱枕,,687.0,3
8072146,DHC純欖護唇膏 1.5g,,687.0,3
7864348,瑪榭安心曬透氣防曬裙-多色任選,夏季防曬必備，通勤最佳保護,687.0,3
7086534,沙宣強力持久造型慕斯250ml,強力持久造型慕絲,687.0,3
7125496,美吾髮卡樂芙染髮霜-霧感灰綠 50gm,顯色度+58%有感超顯色,687.0,3
7371092,瑪榭防潑水觸控絨布手套-多款任選,內層無接縫防水套，防寒保暖內刷毛,687.0,3
7211598,驅塵氏靜電除塵紙4入超值包,"億萬個集塵口袋設計及集塵縫隙,可深入緊抓毛髮",687.0,3
8117133,友和新攜帶型衣物去漬濕紙巾10枚,4516825005626,686.0,14
7255172,尼克加大消臭素色船襪-多色任選,消除惱人的腳臭問題,686.0,14
7255174,尼克加大消臭配條船襪-多色任選,消除惱人的腳臭問題,686.0,14
7404935,北日本軟糖50g-多款任選,嚼勁有彈性咬起來有幸福感,686.0,14
7108691,潘婷高濃保濕膠囊髮膜12ml-輕盈水潤型,油性頭皮輕中度乾枯受損髮質專研,686.0,14
7307348,Lumina洗顏用起泡網(附吸盤),1.使用網上的細小孔洞將洗顏料打出細密的泡沫，以泡沫帶走髒污。,686.0,14
8564142,歐洲Barwa酪梨保濕細嫩美肌皂100g,強效鎖水，保持水潤肌膚,686.0,14
7242918,康元葡萄餅26g*12入-多款任選,"新加坡進口 香脆口感,每口均可吃到葡萄乾 簡易攜帶包裝",686.0,7
7114639,史努比抗菌除臭超隱形襪2雙入-多色任選,百搭的可愛史努比.追求時尚與流行必備.精梳棉加上彈性萊卡織造.舒適好穿100%台灣製造,686.0,7
7240679,D&G圓點3/4童襪2雙入-17-21CM-多色任選,採用優棉精製，透氣、舒適。,686.0,7
7553933,舒適水次元5Premium刮鬍4刀片,"日本包裝全新上市,外盒使用100% 再生紙",685.0,1
7105469,CIELO宣若EX染髮霜-6P深紅棕,簡單一按，不用攪拌，淡雅香味不刺鼻,684.0,2
7099578,珂潤Curel潤浸美白保濕化粧水II(輕潤型)140,專為乾燥敏感型肌膚設計,684.0,1
7049827,珂潤Curel潤浸美白保濕化粧水(清爽型)140ml,源頭抑制黑色素形成,684.0,1
8005109,麗奇潔牙線含蠟(無味)50m,1. 取出40公分麗奇潔牙線。,681.0,9
7055343,樂品雙效化妝棉150枚盒裝 (包裝隨機出貨),"雙紋雙效設計,深層淨化+去角質",680.0,8
7105231,台灣製專利超彈力O束6入-黑,簡單大方    黑色高雅大方永不退流行   寶雅獨家,680.0,8
8490734,媚點 唇膏外殼-1入,讓日常上妝更方便、更有趣,680.0,5
8119095,1028 ARTISAN 雙有型眉刷 E18,斜角眉刷精準塑型，搭配螺旋刷順理毛流，快速填補眉色，打造自然精緻類真眉。,680.0,4
7427352,日本獅王奈米樂超濃縮抗菌洗衣精660g,4903301293224,680.0,4
7325782,日本mezaik petit自然隱形防水雙眼皮,日本OL必備款,680.0,4
7432542,賽吉兒菁萃潔浴凝露(日用型)250ml,4717143815700,680.0,2
7404117,Pelican泥炭石潔淨洗髮乳500ml,4976631649252,680.0,2
7170722,Ujelly熬夜奇肌舒活晶亮面膜5入,熬夜壓力肌修復,680.0,2
7929994,【廠商直送】Ladoore蕾朵兒 旋轉芭蕾大V領美胸成套內衣,・L'adoore 旋轉芭蕾 大V領美胸成套內衣,680.0,1
7732085,【廠商直送】Ladoore蕾朵兒 法式慵懶雪紡蝴蝶結性感睡衣,・L'adoore法式慵懶 浪漫雪紡蝴蝶結性感睡衣,680.0,1
8504077,【廠商直送】Ladoore蕾朵兒 飄逸蒲公英 蕾絲無鋼圈BRA TOP,L'adoore 飄逸蒲公英 蕾絲無鋼圈BRA TOP,680.0,1
7105770,薇佳全能修復霜50g,5%高濃度維生素原B5結合維生素B3,680.0,1
8006439,【廠商直送】極萃皙超能賦活因子修復精萃10ml,連續使用2週 重現肌膚水亮光采,680.0,1
8504067,【廠商直送】Ladoore蕾朵兒 旅行的秘密 副乳修飾寬肩帶綁帶Bra top,L'adoore 旅行的秘密 副乳修飾寬肩帶綁帶Bra top,680.0,1
8176383,【廠商直送】bitplay 撞色掛繩 8mm -多色任選,多種樣式的風格掛繩，使用瞬扣夾提供更順手的配戴方式與多樣化的搭配選擇。,680.0,1
7098797,Taiwan Yes鎂日清30包-蔓越莓,複合型消化酵素可以協助身體維持消化道健康。,680.0,1
8121825,Ms.elec米嬉樂 溫感按摩美眼筆(眼部保養/溫感按摩/眼周導入儀),負離子科技，深層促進吸收,680.0,1
7426617,歐樂芬天然口腔保健液600ml,4712511962291,680.0,1
8167170,MKUP 去你的瑕疵粉餅 共2色,,680.0,1
7203475,吉列PROGLIDE無感動力刀片-4片裝,旋轉刀頭，感應臉部輪廓,679.0,1
8145216,【廠商直送】荷麗美加 上麗X輕透35潤色防曬60ml,SPF 35 I ★★★★ I 97%防禦保護力,679.0,1
7394875,童角落刺繡止滑防風防水手套桃色-尺寸任選,"防風防水功能,適應寒冷潮濕環境",678.0,2
7068842,待刪除-MKUP 微分子精華保濕噴霧100ml,妝前保濕，上妝後妝感更服貼，輕噴定妝，延長妝效，,678.0,2
7708078,肌研光透潤血色感美白面膜,維他命B12被稱為紅色維他命，能針對暗沉蠟黃調理肌底循環，使肌膚白裡透紅散發光澤,678.0,2
8589526,【廠商直送】摩達客壁飾春聯-兩款任選,◉春節開運招財◉,678.0,2
8530027,澳寶一分鐘焗油60ml逆時賦活柔韌10入,適合受損脆弱髮質。,678.0,2
7231463,綠貝文青風輕旅玻璃杯500ml,"SGS檢驗合格,符合國家標準",678.0,2
7523344,肌研白潤高效集中淡斑乳液140ml,4719865610762,678.0,2
7097318,日本薏仁保濕潤白水凝霜250g,質地清爽、不黏膩,678.0,2
8236855,CB莫蘭迪麻花雙層反摺帽-海軍藍,CB經典鹿身刺繡搭配經典立體麻花紋路，時尚簡約質感加分。,678.0,2
8504101,樂扣樂扣透明耐熱玻璃保鮮盒630ML長方形,Bisfree材質上蓋，不含雙酚A與環境賀爾蒙,678.0,2
7708075,肌研光透潤血色感保濕面膜,維他命B12被稱為紅色維他命，能針對暗沉蠟黃調理肌底循環，使肌膚白裡透紅散發光澤,678.0,2
8558695,【買一送一】SENKA專科 極效服貼莓果晶透面膜 1片/4片(下單1出貨2),,678.0,2
7280912,韓國isLeaf香氛順盈護髮油-與你香鬱100ml,改善各種秀髮受損困擾,677.0,3
7283339,睛寶沖洗液500ml,衛署醫器製字第000702號,676.0,13
7403885,JapanGals_MAINICHI_MY早安面膜30枚,4513915016029,676.0,4
8054039,Elegance幻境嘉年華毛巾-2入組,嚴選最好的美國棉,676.0,4
7403907,MITOMO 超潤面膜-日本酒(6枚),4582419533776,676.0,4
7111988,雅絨-圓形浴帽-4色任選,"超柔親膚觸感,舒適,吸水",676.0,4
7135833,衣物棉被壓縮袋L(80*100cm/附吸氣閥),防水 防塵 防蟲 防霉 防臭,676.0,4
7064269,蕊娜制汗爽身香體露-亮白玫瑰 50ml,含抗氧化成分維他命E#，讓腋下自然柔滑透亮,676.0,4
7062760,歐碧衛生棉條絲柔表層量多夜安型16入,1. 德國原裝進口，獨特絲柔表層置入更容易,676.0,4
7432402,美源花果香快速染髮霜5(棕色)40g*40g,4987205051395,676.0,4
8272275,GATSBY口罩舒爽噴霧30ml-兩款任選,長時間維持涼感,676.0,4
7578974,立體直線條小可愛,,676.0,4
7094826,韓國原辰安瓶面膜藍安瓶保濕30g片3入,深層補水、鎖水保濕、舒緩肌膚乾燥,676.0,4
7861462,簡單工房石墨烯毛巾3入,透氣性佳、持久耐用,676.0,4
7432583,美源花果香快速染髮霜7(深黑棕色),4987205896927,676.0,4
7063538,思高-白茶櫻花化妝水500ml,500ml大容量化妝水,676.0,4
7267001,R.R粉底液粉撲30入-菱型,"液狀,霜狀粉底和遮瑕膏適用.",676.0,4
7101358,伴桌朝天蒜辣190g,遵循古法釀製致力重現傳統美味,676.0,4
7432509,SHIKIORIORI-豆乳美肌沐浴乳600ml,4513574028104,676.0,4
7980404,OMORY防油防水桌巾-方格咖137x183cm,自然垂墜 質感滿分,676.0,4
7116556,金緻護髮精油草本植萃精華-30ml迷你版(新舊包裝隨機出貨),深入髮芯修護、滋潤，由內到外鎖水、保濕，進而提升髮絲彈性與活力。萃取薰衣草與甜橙精油，強大舒壓能量與深度潤澤，喚醒秀髮原生的美麗與強韌,676.0,4
7523348,SHILLS維他命C高效美白化妝水500ml,4713696628484,676.0,4
7148757,Revlon魔力紅萬用髮梳,高質感鋼琴烤漆，觸感細緻光滑,676.0,4
7403902,MITOMO 超潤面膜-山茶花(6枚),4582419533639,676.0,4
7307713,善存維他命C甜嚼錠30錠,"免配水,直接吃 酸酸甜甜好滋味",676.0,4
8054016,LIFE雲上山丘緹花毛巾-2入組,嚴選最好的美國棉,676.0,4
7531232,野餐餐具單肩包,1.耐用的ABS塑料製成 設計易於清潔，確保衛生,676.0,4
7432400,美源花果香快速染髮霜4NA(自然亮棕色)40g*40g,4987205051449,676.0,4
8589915,待刪除-【廠商直送】Tangle Teezer王妃梳 Mini英倫手握梳-薄荷綠,英國專利護髮梳，熱銷全球,676.0,2
7661173,龜田咖哩米果15枚,4901313207147,675.0,9
8533515,陽光家族-北歐折疊式曬架12夾,,675.0,9
8082909,VOLA 消臭1/2透氣2雙入-L-2色任選,瑞士專利除臭紗抑菌消臭,675.0,5
7139398,歐樂B牙齦護理牙膏90g-持久清新,三天減少牙齦出血之發生率,675.0,5
7143682,休足時間清涼舒緩貼片6入,原廠正貨 日本原裝,675.0,5
7341205,上山採藥積雪草密集滋養護手霜 60ml,添加修護之王積雪草、薰衣草萃取等十種植萃成分,675.0,5
7105513,阪條雪尼爾門墊,採特殊纖維.吸水並具排水蒸氣功能.快速乾燥優點,675.0,5
7403755,Loshi馬油濃密保濕潤唇膏10g,4936201101078,675.0,4
7476146,日清綜合水果穀物脆500g-楓糖果實,嚴選多種穀物，經高溫烘焙製成的香脆可口脆片,675.0,3
7426508,飛特登長效型假牙黏著劑40g,4710945631288,675.0,3
8507043,刷樂專業護理漱口水750ml-礦鹽除菌,汲取台灣東部 天然深層礦物海鹽,675.0,3
7990077,艾諾琪-大師系列-M204 大火苗蜜粉刷,局部定妝，可於定妝後掃掉臉上多餘的粉、用掃或滾或按壓方式上妝。,675.0,1
8011517,雀巢Nestle 美祿巧克力粉 經典原味袋裝25G*14,,674.0,6
7283340,龍牌一條根滾珠凝露40ml,滾珠不沾手,672.0,4
7800910,點胭脂台北紅鶴柔霧桃腮植絨美妝蛋 1入,• 點胭脂透過原生系列，讓您看見台灣的特有動植物,672.0,4
7237065,佩佩豬-PP彈跳水壺500cc(任選),童趣水壺,672.0,4
7138838,奈良彌亞護髮染-M7馬卡褪色劑40g*2,不添加 PPD,672.0,3
7204997,304不鏽鋼學習筷-Snoopy,右手專用矽膠指套設計，適合3-7歲小孩使用 ，促進大腦活動 ，有助於智力發展,672.0,3
8585593,【廠商直送】Versace經典迷你瓶5ml,小香皆為沾式(無噴頭)，輕塗抹於頸部、手腕、耳後跟等脈搏跳動處，可散發香味。,672.0,3
8585553,【廠商直送】Versace絕對香戀水晶迷你瓶5ml,小香皆為沾式(無噴頭)，輕塗抹於頸部、手腕、耳後跟等脈搏跳動處，可散發香味。,672.0,3
7641348,飛利浦美型行動電源,天生輕巧，225g,669.0,1
7733121,妮維雅5效淨痘卸妝水400ml,5效淨痘  淨膚無瑕,668.0,2
7306639,MEKO雙頭眼影刷/H-007,毛量豐富抓粉效果好,667.0,23
7799227,蛋黃哥沐浴巾2入組-白,三麗鷗正版授權,665.0,7
7799221,蛋黃哥沐浴巾2入組-黃,三麗鷗正版授權,665.0,7
7723298,STM寬齒按摩梳兩入組-903+908,寬齒按摩，厚多髮量,665.0,7
7097353,璞珞經典濾掛咖啡_9g*8入-多款任選,100%阿拉比卡咖啡風味入口有榛果及柑橙柔和的酸甜感，口感圓潤細緻，延續至尾韻帶出焦糖及巧克力甜感。,665.0,5
7445192,CB超細纖維浴巾台灣限定-乳牛,洗滌後擦拭就能順吸速乾,665.0,1
7123516,一匙靈 抗菌EX防螨成分PLUS洗衣精 瓶裝2.4KG,洗15分鐘超越日曬兩小時，除菌防霉。,664.0,4
7432760,SANA豆乳美肌緊緻潤澤眼霜N20g,4964596485794,664.0,2
7097738,媚比琳睫毛控 魔術捲翹記憶睫毛膏,首創沙龍級效果睫毛膏,664.0,2
7091166,I’M MEME我愛心機好感乾燥唇萃,自然好感顏,664.0,2
7425731,KISSME花漾美姬睫毛精華保養液5.5g,4901433076579,664.0,2
8129812,FSCODE沐妍堂-小蒼蘭精油舒壓入浴粉50g,花香伴您泡澡消除身心疲勞紓解放鬆,663.0,17
7426638,ProPearl淨白牙膏-勁涼薄荷100g,4582118954308,663.0,3
8237236,Kokie微霧光無瑕粉底液_白皙色30ml,,663.0,3
8086290,1028 好髮無傷玫瑰果護髮精油60ml 香氛動人 背影殺手新品搶先曝光 現貨搶購中,,662.0,2
8237277,Kissme勾勒美瞳柔滑眼線膠筆01美式咖啡_28g,,662.0,2
7805714,好自在熊抱安睡棉-量多夜用(12片31.7cm),超吸透氣，升級防漏超安睡,661.0,8
7425168,KIRIN午後紅茶-原味紅茶500ml,4909411084790,660.0,20
7961583,樂品雙層可接式空氣髮捲42mm3入*2組,優質抓髮魔鬼氈，雙層網扣透氣更牢固,660.0,6
7061725,毛寶冷洗精按壓瓶1000ml,全新配方，洗淨、柔軟、除蟎、抗菌、護膚等多效合一，同時完成．,660.0,5
7640048,Plackers果香含氟兒童牙線棒75支裝,專為兒童設計,660.0,4
7661099,歐樂芬兒童含氟蜂膠牙膏_葡萄口味60g,4712511964134,660.0,4
8132135,夢納明兒童漱口水250ml-草莓,預防兒童蛀牙、保護牙齒,660.0,3
7122297,GATSBY銳立髮醬110ml,1.Air Powder成分讓「輕盈髮感」與「造型力」完美並存,660.0,3
8601106,碧菲絲特水嫩即淨卸妝棉50枚-美樂蒂限定,胺基酸保濕不乾澀！,660.0,3
7436523,匠心醫用級成人平面口罩50入檸檬磅蛋糕,4719872074236,660.0,3
7085573,時尚拉鍊長夾-2款任選,我的美麗永遠優雅大方 多功能性夾層滿足收納需求質感五金展現My Beauty魅力無限,660.0,2
7941816,舒妃自然匯薑萃喚黑養髮浴髮露300ml,DN-AGE禦光老因子：提升頭皮防禦力，預防光老化,660.0,2
8132641,UNO高肌能全效保濕精華水100ml,專為男性研發的肌膚護理！,660.0,2
7435942,Za3D塑型兩用眉筆0.2g_0.4g_BR631,4531632422169,660.0,2
7941820,舒妃自然匯薑萃柔順強韌護髮膜300ml,三胜肽X六胜肽：協同膠原蛋白、彈力蛋白作用，有效對抗頭髮老化、脆弱、易斷裂問題。,660.0,2
7098773,TUNEMAKERS原液甘草草本舒緩調理乳100ml,富含甘草根萃取的草本舒緩調理乳，幫助舒緩肌膚。天天使用，穩定肌膚健康狀態,660.0,1
7345498,【廠商直送】Playful Toys 頑玩具 海豚音樂腳踏,輕鬆學習/促進腦部發育,660.0,1
7355410,OMORY-積木樂扭立式萬用擠牙膏器-粉色 1入,◆可愛積木造型，底部穩固，可堆疊。,659.0,11
7355468,OMORY-積木樂扭立式萬用擠牙膏器-藍色 1入,◆可愛積木造型，底部穩固，可堆疊。,659.0,11
7931619,杜蕾斯雙悅愛潮裝12入,,659.0,1
7432391,伊露恩昆布增色染髮護髮霜_柔和黑褐200g,4989834201721,659.0,1
7279485,橘之屋-密網立體洗衣提袋,"洗衣袋提袋設計,可提可掛,外宿族群自助洗衣超方便。",658.0,7
7264038,萊雅礦物淨化泥面膜控油淨化型 50ml,巴黎萊雅礦物淨化泥面膜系列，特選自各地的天然礦物泥，皆富含微量礦物成分，很適合依據泥膜特性與肌膚需求，來選擇合適的泥膜保養,658.0,2
7048716,SHILLS很耐曬防曬冰鎮噴霧SPF50+ 180ml,『六大功能』：具隔離、防護、防曬、白皙、潤色、保濕的六大功能。,658.0,2
7734120,爵戀iP海洋精華護髮乳480ml-深層修護,爵戀全新升級,658.0,2
7099512,我的心機火山礦物煥顏代謝泥凍膜150g,獨特泥凍劑型，凝凍MIX泥膜技術,658.0,2
8056144,紡之田緹花中腰無縫褲5件組-混色F,材質親膚，透氣舒適，排汗快不悶熱,658.0,2
7445035,美國BOD男香100ml-勢不可擋,前調:馬鞭草、佛手柑、檸檬,658.0,2
7899742,【廠商直送】鴻琴生活阿多尼斯泡澡球125g*2-玫瑰,美容保養成分添加，泡澡保養肌膚,658.0,2
7214063,高露潔3D音波Cushion Clean電動刷頭2入,7倍*超濃密刷毛，打造綿密泡沫幫助清潔，去除牙菌斑,658.0,2
7098317,ONE全面淨化洗顏慕斯180ml-多款任選,微米泡泡， 能深層潔淨，同時溫柔呵護肌膚,658.0,2
7914470,爵戀iP海洋精華亮澤修護護髮膜230g,4971710523645,658.0,2
7433203,BIOLISS植旅乳木果油洗髮精480ml_盈潤,4971710398540,658.0,2
7105753,樂扣樂扣限量版不鏽鋼保溫瓶/340ML-兩色任選,食品級矽膠圈，密封性強,658.0,2
8056145,紡之田素面低腰無痕褲5件組-混色F,材質親膚，無痕透氣舒適，排汗快不悶熱,658.0,2
7899737,【廠商直送】鴻琴生活阿多尼斯泡澡球125g*2-寶寶,美容保養成分添加，泡澡保養肌膚,658.0,2
7336362,京禾12位元計算機/JH-2778-12T -銘板玫瑰金,工業風金屬面板 走在時尚最前端,658.0,2
7899739,【廠商直送】鴻琴生活阿多尼斯泡澡球125g*2-薰衣草,美容保養成分添加，泡澡保養肌膚,658.0,2
7048664,香蕉船兒童防曬乳液SPF50+ 90ml,不含Parabens防腐劑&Oxybenzone. 不含香精、無油配方,658.0,2
7433204,BIOLISS植旅乳木果油潤髮乳480ml_盈潤,4971710398557,658.0,2
7560749,褲底咖啡紗花紋低腰女內褲6件組-顏色隨機出貨,褲底咖啡紗，透氣舒適，冰涼手感，異味控制,658.0,2
7433234,ShiminakuC維他命白皙精華液20ml,4571296692850,658.0,2
8166773,熊寶貝精油室內擴香100ml-療癒愉悅,蘊含天然植萃精油,657.0,3
8577911,卡翠絲艷陽熱吻定妝保濕噴霧-斐濟,有如水霧般細緻輕盈的噴灑效果，除了鎖住臉上化妝品防止脫妝、使妝容整天平滑無瑕、不泛油不浮粉，同時能使妝容更加服貼自然。,657.0,3
7595556,絲蘊強健髮根洗髮露420ml-日本海藻,萃取天然日本海藻成分，深層淨化，調理活化頭皮、強健髮根，維持頭皮健康，秀髮強韌健康,657.0,3
7796791,牙周適牙齦護理牙膏90g-溫和淨白,給刷牙發現流血的你，並美白牙齒,657.0,3
7105860,多芬胺基酸清爽淨化洗髮乳700g(新舊包裝隨機出貨),強韌髮絲: 配方添加小分子胜肽修護因子，針對油性髮質修護,657.0,3
7108335,coffee play-陶瓷錐形咖啡濾杯1-2杯,陶瓷材質兼具隔熱及保溫,657.0,3
8078964,我的美麗日記面膜系列 8入,,657.0,3
8083184,海倫仙度絲去屑洗髮乳750ml,,657.0,3
7062762,李施德霖薄荷漱口水750ml,清爽沁涼薄荷口感,657.0,3
7404123,Beaua摩洛哥堅果橄欖洗髮乳550ml,4513574019010,657.0,3
7169973,美麗日記雪珍珠超能修護面膜5入,嚴選珍稀修護成份-雪珍珠,657.0,3
7643436,Artis di Voce香氛保濕護手霜40g-黑醋栗,[柔嫩雙手]- 富含滋養成分，柔化舒緩疲倦的肌膚。以絲滑輕盈且易吸收的質地來滋潤保護雙手。,657.0,3
8051154,SUHADA美姬緊緻光澤面膜30枚,4573342841298,657.0,3
7433242,MELLSAVON洗面乳130g_草本,4560249795144,657.0,3
8582400,玩具寵物店 -兩款任選,,657.0,3
8084236,海倫仙度絲小蒼蘭香氛去屑洗髮乳750ml,,657.0,3
7279079,ADD+喀什米爾羊角朊蛋白護髮素330ML,,657.0,3
7402480,森/棉麻深型收納盒/中,1.硬挺布面處理不易鬆垮,656.0,4
8515302,【廠商直送】OT SHOP質感純羊毛貝雷帽-多色任選,英倫復古風,656.0,2
8515384,【廠商直送】OT SHOP素色羊羔絨漁夫帽-多色任選,保暖羊羔絨,656.0,2
7059994,施巴溫和保濕潔面露150ml,三重保濕配方，洗臉後肌膚Q彈水潤不緊繃！,656.0,2
8051888,比得兔抱枕_120週年比得兔,4718995351118,656.0,1
7292623,蜂王無患子香皂80g*4入,零負擔的天然潔淨成分,654.0,6
7576904,304不鏽鋼健康撈油勺,高密度濾油網設計,654.0,6
7224239,VOLA 消臭1/2排汗襪2雙入-黑L,德國專利除臭抑菌紗,654.0,6
8578616,KANGOL條紋中長女襪-22-25cm-多色任選,英國經典品牌,654.0,6
7056036,鄉村坊陳皮梅300g,1.嚴選精緻李子陽光下長時間,654.0,6
7775422,大王elleair強韌清潔廚房紙抹布200抽,擦拭廚房與餐桌周邊,654.0,6
7309036,良澔葡萄乾250g-梅子風味,辦公室OL嘴饞小點心,654.0,6
7708218,氧顏森活黑鑽松露保濕光采面膜25ml,消費者實測肌膚保濕彈嫩、亮澤水光度94%有感!,654.0,6
7267007,R.R簡約風迷你雙頭眼影棒6p,全長約3.8公分的精巧設計可放入小化妝包，方便攜帶，隨時補妝。,654.0,6
7869115,樂品美體腳正超輕量增高鞋墊2.5cm,長直美腿，隱形增高,654.0,6
7433173,SEXYLOOK乳酸菌控油洗面乳120ml,4710155277955,654.0,6
7279643,蕾妮亞輕潔抑菌薄型衛生棉6片3入30cm,輕薄瞬吸99%抑菌  瞬效淨味抑菌二合一,654.0,6
7440688,小林安摩樂熱敷貼片-肩用2入,4987072032756,653.0,7
7088396,妮維雅保濕透亮深層卸妝棉25片,瞬效卸妝,653.0,7
7091869,UCC冠軍監修醇厚香韻濾掛咖啡10g*10入,由世界咖啡沖煮⼤賽台灣區冠軍調配,651.0,3
8237929,Ribon果汁果凍條8入,,650.0,13
7426317,Mdmmd新涼感抑菌衛生棉_涼感_量多28cm,4712933908211,650.0,10
7566610,石墨烯寬口襪-多色任選,遠紅外線功能,650.0,10
7108612,角落小夥伴純棉溫泉篇童巾-3色任選,100%棉,650.0,10
7598713,韓國雙條紋蠟筆小新中筒襪-多色任選,有趣穿搭,650.0,10
7069934,聯華萬歲牌燕麥飲10入-堅果纖蔬,精選萬歲牌腰果，添加高纖蔬菜，豐富膳食纖維能促進新陳代謝，維持一整天的豐沛能量,650.0,5
7523456,碧歐斯BIO全效賦活去角質凝膠60g_水潤配方,8888176027371,650.0,2
7795751,澳潔蕬山蒼子草本豐盈洗髮精500ml,"複方有機山蒼子和香檸檬、苦橙精油強化細軟髮彈力,告別扁塌,髮絲豐盈蓬鬆,讓有機果香陪伴你的秀髮輕揚一整天",650.0,2
7444751,歐洲my’BIO芬蘭藍藻礦物甦活沐浴露500ml,【適用於極乾燥膚質】添加藍藻提取物能促進肌膚新陳代謝，富含多種礦物質混合物可同時清潔和保養，搭配同系列身體乳使用護膚，維護肌膚營養緊緻毛孔,650.0,1
8568494,AVEDA頭皮淨瑕去角質梳230g,9200000000676,650.0,1
8028165,德之寶南瓜籽油舒暢複方30粒,150mg 蕁麻葉萃取+400mg 南瓜籽油,650.0,1
7936967,【廠商直送】Hangten 極度包覆運動內衣2入組,動起來吧~女孩們,650.0,1
7523664,佐藤樂得護咀嚼錠120粒,4719857260975,650.0,1
7498499,TS6私密精油香霧16ml-清晨朝露,草香清新調:前-晨霧、草葉/中-蘋果花、蜂蜜/後-木蘭,650.0,1
8488386,Dasique針織毛衣四格腮紅盤(兩色可選),可愛針織毛衣壓花，兩款色號分別為暖調大地色與冷調粉紫色。,650.0,1
8133849,【預購】AVEDA氣囊按摩梳子,9200000000462,650.0,1
7271635,薇佳【熊大LOVE兔兔】我們要在一起洗顏組,"富含30%胺基酸的超晶透泡泡,深層清潔毛孔髒污",650.0,1
7391277,蠟筆小新雙層不鏽鋼隔熱便當盒-紫藍,分隔設計、飯菜分離不串味。,650.0,1
7427265,Cucute超濃縮洗碗凝露_洋甘菊香230ml,4901301313676,649.0,11
7596761,韓國粉嫩三條紋中筒襪-多色任選,百搭必備,649.0,11
7643142,冰雪奇緣系列童巾27*54cm,柔軟舒適,649.0,11
8051210,MarkII酷比涼薄荷精油棒2cc,8851447020005,649.0,11
7426741,Dent-Inn超級細毛牙刷-軟毛,4538604010294,649.0,11
8237902,北陸蛋黃哥造型餅乾45g,,649.0,11
8084554,KA’FEN亞希朵酸性蛋白高保濕洗髮精500ML,,649.0,2
7947097,KLORANE 蔻蘿蘭豐盈澎鬆洗髮精400ml,亞麻籽萃取，能夠包覆髮絲，強化髮根，對抗扁塌，營造輕盈空氣感，讓秀髮更有豐盈感。柔和花香調，量感澎鬆；溫和潔淨因子，泡沫細緻綿密，不易刺激。,649.0,1
7947101,KLORANE 蔻蘿蘭頭皮淨化涼感洗髮精400ml,水薄荷萃取，能夠淨化頭皮與髮絲，減少氣味與髒污附著，深層清潔及舒適涼感讓頭皮深呼吸，維持清新並感受髮絲輕盈柔亮。檸檬與薄荷的花果香調，清新宜人；溫和潔淨因子，泡沫細緻綿密，不易刺激。,649.0,1
7537852,KLORANE 蔻蘿蘭護色亮澤洗髮精400ml,長效維持染後髮色，保護染後色澤,649.0,1
8609398,【廠商直送】E-books晶片複合讀卡機-TypeC+USB3.2-T46,USB介面：USB 3.2 x1 + USB 2.0 x 2,649.0,1
8133856,【預購】Avene舒護活泉水300ml_2入組,9200000000469,649.0,1
7773324,【廠商直送】Ronever 迷你真無線藍牙耳機,開機自動配對-取出即開機,649.0,1
7757454,可捲式記憶棉頸枕28*25*11cm-多色任選,辦公 / 旅行 / 露營 / 出差,649.0,1
8585052,L`OREAL Paris 巴黎萊雅 紅繃帶 日霜 10效 奇蹟修護組 日霜50ml+修護22ml*2,,649.0,1
7425167,KIRIN午後紅茶-奶茶500ml,4909411084950,646.0,17
7057674,16 BRAND 甜蜜之吻果凍唇釉-多色任選,添加保濕成分抹上就有水潤嘟唇且持色力好，特殊水光膜科技不沾口罩,646.0,2
8613405,Za菲林假日啞霧唇泥 -多款任選,全新Za唇泥系列，帶來絲滑上妝體驗,646.0,2
8277489,Za美白煥顏兩用粉餅,遮瑕度絕佳發亮粧感！,646.0,2
7575897,不鏽鋼細孔增壓省水蓮蓬頭-ABS,低壓對應強力增壓,645.0,5
8235444,我的心機綠茶淨化臉部去角質凝膠120ml,添加天然綠茶萃取，結合玻尿酸、海藻糖雙重水平衡能量，改善肌膚油水失衡。,645.0,5
8051238,Mirolu韓式髮根蓬鬆二用夾2入,4712876603181,645.0,5
7123044,威猛先生-潔廁清香凍38g,防止汙垢、細菌附著,645.0,5
7431862,LuckySuperSoft 維他命E玫瑰洗手液400ml,美國熱銷 經典品牌,645.0,5
7261917,OMORY-北歐長柄TPR清潔馬桶刷-莫蘭迪,北歐風格，品質與美結合。,645.0,5
7349921,牛仔小夾心包-多色任選,耐磨牛仔布,645.0,5
7441357,台鹽護牙齦牙膏140g-全亮白,草本漢方萃取,645.0,5
7439779,煙斗LU2017都會平口褲-顏色隨機出貨,絲光棉超細柔質感、透氣舒適,645.0,5
8223435,【廠商直送】PROFUSION液態腮紅全系列,◎輕薄、持久，幫助上妝,645.0,5
7431887,Avengers雙效洗髮精蘋果香236ml,溫和滋潤配方，洗髮潤絲一次完成,645.0,5
7092025,Miro.lu韓式自粘加長型導熱髮捲2入(包裝隨機出貨),捲度，輕鬆上捲動感豐盈,645.0,5
8139625,OMORY多功能萬用吸水墊30*40cm-餐廚藍,吸水/速乾/防刮/瀝乾,645.0,5
7330659,瑪榭50丹無反光加長褲襪,無反光系列50 Denier,645.0,5
7090138,高露潔纖柔備長炭牙刷3入,•  深層溫和潔淨 + 備長炭刷毛,645.0,5
7401958,瑞士愛得佳牙膏-美白,歐洲原裝進口,645.0,5
7633427,PERFECT香氛擴香瓶100ml-多款任選,"本產品採新穎設計,全新配方香味更強,持續散發4-6週,散發效果佳,讓室內空間持續芳香.",645.0,5
7542026,巴黎春天髮の呼吸固定式髮捲(2入)-多款任選,一夾多用造型神器,645.0,5
7749069,曼秀雷敦淨味去油沐浴乳,"採用FRESFPLEX專利除臭技術, 有效瓦解異味根源, 洗淨惱人的體味與汗味",645.0,5
7297183,堤瑪露峇里島lulu spa煥膚精油沐浴露700ML,永久花精油+亞麻籽萃取配方,645.0,5
8121448,臺灣茶摳茶樹抗菌皂110g*3入,植物添加一源自澳大利亞茶樹精油，可溫和淨化毛孔、調理肌膚,645.0,5
7426223,曼秀雷敦活炭深層沐浴乳 650ml,4719865604761,645.0,5
7098891,逸萱秀潤澤防斷裂護髮乳180g,30秒即可沖洗-深度修護受損髮絲,645.0,5
8139623,OMORY多功能萬用吸水墊30*40cm-海棠灰,吸水/速乾/防刮/瀝乾,645.0,5
7399566,珍珠抓夾系列-多款任選 (贈品韓製髪飾.顏色隨機),質量優良,645.0,5
8237052,匠心醫用級成人平面口罩30入清新花語_三色,,645.0,5
8157016,雪蕾兒-性感細網蕾絲褲-F,,645.0,5
7167574,海盜桶大,1.朋友聚會.親子互動的良品,645.0,3
7608065,角落小夥伴珪藻土地墊-夢想屋45*34.5cm,1.邊角弧線設計,645.0,1
7104820,CHIC CHIC日本製造型抓夾 硝光系列-2色任選,跟著日本流行趨勢走~~高貴典雅，百搭精選,643.0,7
7800960,LuLuLun面膜升級款7入-平衡保濕,1.打造天生自然美肌,642.0,3
7833074,小林馬桶洗淨錠星星藍流120g_草本香,4987072071137,640.0,5
7063499,UNO新潤洗顏130g-潤,添加淨油碳粉的超濃密泡沫！,640.0,5
7258490,日本近江兄弟高保濕超潤唇膏-豆乳香,"豆乳發酵液與大豆萃取液雙重配合,可長時間滋潤",640.0,4
7719288,獅王細潔寬薄牙刷2入-炭能抗菌,搭配日本研發的超極細毛全口清潔無死角,640.0,4
7719275,獅王細潔寬薄牙刷2入-椰萃護齦,搭配日本研發的超極細毛全口清潔無死角,640.0,4
7064638,萊雅三合一卸妝潔顏水-保濕型 95ml-2022版,添加法國玫瑰保濕精萃、法國高山泉水能深層潤澤肌膚,640.0,4
7470955,勤務車入浴球,4549660277385,640.0,4
7981329,待刪除-【廠商直送】天香小醬-雞油香蔥150g,以滾水加入蔥、薑煉製雞油，濾渣去除水份後加入紅蔥酥油炸封存靜置，片片香蔥沉浸於雞油中，色澤透亮，口感酥脆，淋於麵類或飯上即可享用，佐以青蔥碎更添風味。,640.0,2
7816567,FZC持久眼線液筆 (多款任選),持久配方-長時間不暈染 擺脫熊貓眼,640.0,2
7063482,嬌生LITE清爽潤膚油300ml,JOHNSON'S嬰兒清爽潤膚油蘊含純淨礦物油，經實驗證明，純正溫和，配合快速吸收配方，能幫助肌膚形成保護膜，鎖住水份，呵護寶寶肌膚維持柔軟光滑,640.0,2
8245864,【廠商直送】露奇亞消化益生菌20入,專利保胃益生菌緩解消化道不適,640.0,1
7091023,專科完美防曬乳液升級版40ml,即使流汗也不影響防曬力！,639.0,3
7263826,媚點 優雅柔光頰彩PK-01,自然高雅，優雅柔光腮紅；無須技巧，打造自然紅潤感,639.0,3
7203522,吉列SkinGuard紳適系列刮鬍刀頭4入裝,吸震緩衝科技,639.0,1
7875153,IM電眼貼可愛S型-72枚,3M醫用透氣膠帶,638.0,22
7064449,曼秀雷敦水潤肌瞬間清爽防曬凝乳 40g,超強耐水耐汗，適合戶外運動&海邊玩樂,638.0,2
7673289,【廠商直送】女款素色蕾絲隱形襪 淺口襪-6雙入,止滑矽膠 防滑底,638.0,2
7403899,PLUNA膠原蛋白乳霜20g,4582338260692,638.0,2
7432269,伊露恩草本染髮霜7深褐色50g+50g,4989834201660,638.0,2
8237376,葛妮絲甘菊護手霜輕巧組合包_30mlx210mlx1,,638.0,2
7105721,樂扣樂扣耐熱玻璃長方保鮮盒1000ML限量版(兩款隨機),採用耐熱400℃玻璃材質，烹調保鮮一手包辦,638.0,2
7064446,曼秀雷敦水潤肌瞬間清爽防曬噴霧50g,輕鬆一噴， 秀髮.背部.後頸.腳趾等全身皆可迅速完成UV防護,638.0,2
8235712,CB莫蘭迪麻花雙層反摺帽-麻灰,CB經典鹿身刺繡搭配經典立體麻花紋路，時尚簡約質感加分。,638.0,2
7064485,曼秀雷敦水潤肌瞬間清爽防曬露 50g,超強耐水耐汗，適合戶外運動&海邊玩樂,638.0,2
7559933,爵戀 RELAX極尚花蜜潤髮乳500ml-蓬鬆,放鬆舒緩的蜂蜜花香調,638.0,2
8614969,【J′ADORE】銀針耳環6入多面名媛,【J′ADORE】精品,638.0,2
7661192,伊藤園咖啡牛奶200ml,4902081030609,637.0,13
7277761,日光生活-海綿杯刷,"\"\"\"本產品適用於洗刷杯子及奶瓶",637.0,13
7423087,川口製果MikanChan蜜橘圈圈糖150g,4901380173055,637.0,13
7083769,歐洲Barwa蘆薈保濕修護美肌皂100g(新舊包裝隨機出貨),來自歐洲波蘭在地生產,637.0,13
7136254,美琪抗菌洗手隨身組,有水勤洗手，沒水乾洗手，實驗證實有效抗菌,637.0,3
7290658,潘婷垂順直髮洗髮乳700ml(新舊包裝轉換中 隨機出貨),,637.0,3
7403928,EARTH-CHEM ONPO檜木碳酸溫浴入浴錠(4種×3錠),4901080577412,636.0,4
7297178,樹澤洗髮精1000ml白麝香彈力修護,0％皂鹼.防腐劑.染料,636.0,4
7540707,待刪除-Jealous Sweets軟糖125g-酸味水果條,100%純素。,636.0,4
7426555,Hapika角落生物電動牙刷替換刷頭2P藍,4961691105367,636.0,4
8243733,待刪除-水舞成人醫療立體口罩10入-翻糖棉花,甜甜棉花戴著走,636.0,4
7105320,舒芙蕾 愛妹妹無縫抗菌碘紗內褲,科技創新 莫代爾+裸氨32針織，彈力親膚，輕薄透氣,636.0,4
7064237,新蕊娜男士專用制汗爽身噴霧150ml-2款任選,全球No.1制汗品牌運動用，能釋放出超過100萬顆止汗因子,636.0,4
7164248,氧顏森活鳶尾花日月潭紅玉抗痕面膜3入,紅玉紅茶：經過發酵過程後使紅茶鮮葉產生豐富茶多酚－茶黃素、茶紅素及兒茶素，超強抗痕撫皺,636.0,4
8145891,洗顏專科超微米明亮莓果潔顏乳100g,,636.0,4
7059986,滋卿愛淨白調理洗面乳110g,,636.0,4
7088674,MEN’S Biore 爽身控油沐浴精750g,添加爽身淨活成分，有效維持洗後乾爽實感，甩開黏膩開啟清爽!,636.0,4
7403962,PharmaactW洗手乳補充包1000ml,4513574012714,636.0,4
7325826,VOLA 防風手套-反光灰 L/男款,外層防潑防風面料,636.0,4
7531272,咖啡紗毛巾3入,瞬間吸水性強，輕柔舒適,636.0,4
7540705,待刪除-Jealous Sweets軟糖119g-快樂熊,100%純素。,636.0,4
7523442,SAVON_DORON泥炭毛孔潔顏霜120g,4936201105755,636.0,4
7319775,堤瑪露白藜蘆醇淨白霜150ml,舒緩保濕肌膚,636.0,4
7500264,角落夥伴純棉圍脖-多款任選,使用純棉搭配彈性纖維織造布料,636.0,4
8155193,ELLE 線性動感女短襪3雙入-多色任選,法式優雅，平價入手,636.0,4
7105732,樂扣樂扣純淨抗菌保鮮盒/470ML/長方/淺灰/B1C12,上蓋密封矽膠圈可拆洗，防止膠條發霉,636.0,4
7105166,尼克吸排涼感平口褲,涼感爽性 耐洗不變型 排汗速乾超透氣,636.0,4
7327259,貝印敏感肌用顏面修容刀3P,特色：,635.0,5
7104822,CHIC CHIC日本製造型抓夾-3款任選,跟著日本流行趨勢走~~高貴典雅，百搭精選,633.0,7
8193277,毛毛圈束鹿角 多色任選,絨毛系列~俏皮可愛,632.0,8
7298770,蕾妮亞零觸感特薄衛生棉日用20片20.5cm,0.1cm超激薄x超能吸,632.0,8
7427207,媚力惑色女用棉洗褲5入包_XL,4711467268143,632.0,8
7277602,小久保牙齒矯正器清潔錠12錠,酵素去除頑固污漬,632.0,8
7319669,角落小夥伴洗衣凝露補充1000ml-玫瑰,環保低泡沫配方，省水不殘留,632.0,8
8542020,吸濕排汗3倍減壓氣墊1/2襪-M-多色任選,萊卡彈力襪口舒適不勒,632.0,8
8504275,蠟筆小新刺繡少女襪2雙入-配條系列-22-26cm-多色任選,柔軟舒適,632.0,4
7588639,non-no 零褲痕30D褲襪-2雙入-多色任選,零褲痕 全透明,632.0,4
7588645,non-no 80D 輕壓力褲襪-2雙入-多色任選,輕壓分段、顯瘦設計,632.0,4
7432140,絲花化妝棉80P,4903111254903,630.0,14
7481621,BVD 1/2學生童襪2雙入-17-21CM-多色任選,"採用優棉精製,透氣、舒適",630.0,7
7570819,FarmStay超級食物雙效面膜5入組-藍莓,"含有 1,000 ppm 藍莓萃取物",630.0,6
7729451,PUMA 男仿鞋船襪-多色任選,耐用耐洗,630.0,6
7089532,綠的抗菌皂100g*3-純淨清爽,植物油脂製成，純淨溫和，不刺激肌膚。,630.0,6
7298735,魔術靈浴室除霉漂潔噴槍瓶500ml,超解霉根泡泡 滲透瓦解霉根,630.0,6
7729449,PUMA 男襪口配條毛巾底1/2襪-多色任選,耐用耐洗,630.0,6
7140116,HELLO BUBBLE泡沫染髮劑-11P柔霧粉,韓國流行時尚大勢髮色,630.0,3
7048935,DUCATO溫和花香去光水220ml(新舊包裝隨機出貨),"含杏仁精油保濕成分,花香可緩和去光水獨特的味道",630.0,3
7253285,妮維雅男士活力保濕乳液75ml,迅速舒緩臉部肌膚的乾燥與緊繃感,630.0,3
8239107,【廠商直送】美德醫用口罩HEPA機能運動型40入2盒-沉靜藍,▪️3層結構防護，高濾效果,630.0,1
8239108,【廠商直送】美德醫用口罩HEPA機能運動型40入2盒-舒緩棕,3層結構防護，高濾效果,630.0,1
7308376,4合1充電傳輸線-多款任選,雙向USB-C接頭可轉換USB-A、Ｍicro USB的4合1充電傳輸線,629.0,1
8036896,Gemini竹纖維彩虹紗布浴巾-多色任選,甲醛與福馬林通過CNS國家標準,629.0,1
7790517,叮寧8H長效防蚊液100ml-含派卡瑞丁,採用環保署核准最新防蚊成分-派卡瑞丁(Picaridin)；該成分獲世界衛生組織及美國環保署認可，於歐美等先進國家已銷售多年。,629.0,1
7041937,Catrice 大地女神眼彩盤9.5g,沉著有質感的棕色調高級配色,627.0,3
7060830,護妍天使晶透淡印精華液10g-煥顏淨痘,平撫痘痕 立體護水網緊緻表皮結構,627.0,3
7931054,卡翠絲煙燻玫瑰眼彩盤,想要日常妝? 還是想要大膽妝? 兩種我都要!,627.0,3
7832648,GATSBY經典後梳髮油80g,6921439805919,627.0,3
7670512,日本美肌職人面膜7入-薏仁滋潤,採用日本傳統手工紙製技術，3層構造面膜，彈性適中，密著度高，飽滿美容精華，浸透緻肌膚底層，實現細緻滑嫩美肌。,627.0,3
7573836,瑪榭運動三角款五趾襪-多色多尺寸任選,新款運動機能襪，腳底矽膠止滑點,627.0,3
7125495,美吾髮卡樂芙染髮霜-亞麻綠 50gm(新舊包裝隨機出貨),顯色度+58%有感超顯色,627.0,3
7432612,KOSE光映透極上保濕凝凍眼唇周專用面膜6gx5,4971710392654,627.0,3
7670519,日本美肌職人面膜7入-酒粕,採用日本傳統手工紙製技術，3層構造面膜，彈性適中，密著度高，飽滿美容精華，浸透緻肌膚底層，實現細緻滑嫩美肌。,627.0,3
8561437,【廠商直送】巧奇莫蘭迪成人口罩30入單片包3盒-綜合,符合國家醫療器材品質管理系統準則，認證字號QMS5159 號 符合國家檢驗標準CNS 14774.14775,627.0,1
7171528,Le Pichet淨澈賦活牡丹胭紅洗髮精500ml,深層淨化養護頭皮，修護並強韌髮根不易斷裂，潤澤調理髮絲，洗後頭皮清新舒暢，增強髮絲韌性及防護力。,626.0,4
7901876,【廠商直送】女款刺繡透膚中筒絲襪 玻璃襪-8雙入,撞色 捲邊襪口,626.0,1
7425272,有點濃高鈣牛奶片(原味),4711436782403,625.0,25
7073434,康朵室內香氛香膏120g-白麝香,嚴選植物性萃取除臭成分，無毒無害,625.0,5
7426248,蘇菲衛生棉條導管式_一般型10P,4903111370795,625.0,5
8237899,米森芝麻藜麥一口酥20g_5入,,625.0,5
7540337,RocketSoap濃縮去油污洗潔精250mL水果香,4903367302922,624.0,16
8022062,EMO竹炭鞋內消臭除濕包 38gx2入,,624.0,16
7055345,樂品經期衣物專用洗劑80ml(新舊包裝隨機出貨),無添加，無香料、無著色劑,624.0,16
7306401,瑪榭40丹透膚加長褲襪,大腿處無痕設計，穿著短裙、短褲不NG,624.0,6
7310341,刷樂新動感牙刷4支入,小於0.01mm 2倍抗敏纖柔細軟毛 深入清潔牙齦溝,624.0,6
7730317,DAZUKI 時尚造型鬧鐘-兩色任選,1. 經典系列，大型鬧鐘,624.0,2
8180086,永和三美人 多角度 小房子海綿 10入,• 深入細節，多角度好靈活,623.0,7
7426587,日本獅王NONIO終結口氣牙膏_甜梨玫瑰,4903301259305,623.0,7
7078057,YOPOKKI辣炒年糕-甜辣,道地韓國口味,623.0,7
8535861,迪士尼洗手乳300ml清甜莓果-熊抱哥,清甜優雅莓果香氛，中性溫和配方呵護雙手，溫和洗淨的安心感，洗後散發優雅香氣。,623.0,7
7821368,C-微碳酸舒綿入浴劑50g-森林薄荷香,以碳酸蘇打(碳酸鈉)為基底的發泡型入浴劑,623.0,7
7390500,樂品晶鑽化妝品分隔整理盒(弧形1+7格),超質感透明收納，收納物一目了然,623.0,7
7097781,Charley微碳酸舒綿入浴劑-薰衣草佛手柑香/50g,以碳酸蘇打(碳酸鈉)為基底的發泡型入浴劑,623.0,7
7330275,威猛先生廚房清潔噴槍瓶500g-無香精,"100%強力除油,一噴一擦乾淨溜溜",623.0,7
7108461,百利快乾抗菌掛勾手套(中) 60’S,長度35cm及捲邊設計，有效防止倒流及撕裂。,623.0,7
7091841,OTTOGI韓國不倒翁DIY煎餅粉500g,嚴選小麥粉製成,623.0,7
7519868,【即期品-廠商直送】美國Sundown日落恩賜 頂級甘胺酸鋅加強錠(100錠/瓶)(效期:2024/12/31),Albion世界頂級礦物質,622.0,1
7350393,毛球擦手巾-多款任選,觸感柔軟，超強吸水性,621.0,9
7337390,培寶成人護膚柔濕巾50片-綠茶,添加綠茶精油、蘆薈精華、維他命E、天然抗菌成分，超厚、超大尺寸舒爽柔軟的觸感讓肌膚清爽無負擔，不含酒精、香料、螢光劑；溫和不刺激，讓成人肌膚也能倍受呵護。,621.0,9
8023190,絲花化妝棉80片x2盒,,621.0,9
7338124,三麗鷗-愛與和平口罩掛繩(4入),,621.0,9
7953422,韓國童毛毛笑臉彩色中筒襪-多色多尺寸任選,繽紛可愛,621.0,9
7326264,Lumina盒裝日本大份量吸油面紙,特色：,621.0,9
7271435,反折圈圈紗-1/2少女襪-點點-多款任選,"保暖舒適,觸感柔和",621.0,9
8051275,立得清全面防護抗菌抗病毒濕巾50抽,4710347085467,621.0,9
7134458,IM新二代美妝蛋(水滴),親膚雙倍柔軟，乾濕兩用,621.0,9
7094894,樂品果凍GEL腳後踵貼 (包裝隨機出貨),可水洗，可重複使用,621.0,9
7555819,復仇者聯盟系列毛巾27*54cm,柔軟舒適,621.0,9
7599119,日光生活-人體工學美足銼板,輕鬆去除硬化角質,621.0,9
7323677,Lumina乳皂兩用起泡網,1.修剪及打薄眉毛，使眉毛俐落易上妝。,621.0,9
8250223,尼克加大石墨烯1/2襪-多色任選,使用黑金石墨烯素材,621.0,9
7426713,DentalExpert標準型牙刷-軟毛1入,4901387022639,621.0,9
7427520,Cleverin_Gel加護靈緩釋凝膠150g,4987110010869,621.0,1
7137282,小林兒童退熱貼6片入,依刊登商品圖檔內容所示,620.0,4
7448896,絲芙蒂嫩白卸妝洗顏霜190g,卸粧時不會隨著卸除彩粧及髒汙而導致緊繃乾燥，卸粧同時也能喚起肌膚明亮光采，打造卸後透亮好膚質,620.0,4
7055425,Biore抗痘控油洗顏慕絲更替瓶 160ml,SPT日本淨膚鎖水技術,620.0,4
7307225,日本近江兄弟高保濕超潤唇膏4g-敏感唇,針對配合高度Squalene Oil(鯊烯潤唇成分),620.0,4
7407997,馨朵拉草本植萃護髮素500ml-滋潤修護,天然來源達90%、0矽靈,620.0,2
7113682,布朗蜂蜜極致亮澤美容液450ml,快速導入 麥盧卡蜂蜜 高保濕胺基酸 高濃度生膠原蛋白 透明肌,620.0,1
7088672,莉婕頂級奶霜泡沫染髮劑-0SP戚風棕色,極致遮白！泡沫綿著力4倍提昇，包覆滲透髮絲,618.0,2
8019450,卡翠絲 卡維亞高詩眼影盤,四種細緻眼影組合，柔和的玫瑰色和裸色適合每一位女孩。,618.0,2
7940369,【廠商直送】KS-棉柔中腰褲4件組,布料柔軟吸濕排汗性佳,618.0,2
7398250,甘百世巧克力粉杏仁豆80g,甘百世嚴選杏仁豆淋上香濃巧克力,616.0,8
7398249,冬之願巧克力80g,甘百世精心調製香濃的巧克力,616.0,8
7426254,眼鏡清潔擦拭巾,4957434004745,616.0,7
7068599,珂潤Curel潤浸保濕化粧水150ml-II輕潤型,含保濕成分(桉葉精華),616.0,1
7227944,國際鹼性3號4入(紅收縮),日本銷售第一,615.0,7
7090149,好來全亮白極緻牙膏120g-雪絨花,進擊: 分解頑固牙漬，重塑牙齒亮白，打擊色澤不均#,615.0,5
7108458,百利不鏽鋼瓶刷,日本原裝進口，日本熱銷明星商品,615.0,3
7522424,Solone訂製美型睫毛夾/EC36,精心測試打造貼合亞洲人眼型完美弧度，高彈力膠條，不傷睫毛一夾即呈完美扇形弧度。,612.0,9
7257964,Life立馬雙面衛浴刷,"雙頭刷,馬桶刷洗便利",612.0,9
7230530,高絲植淬白潤肌精玻尿酸超淨透洗顏霜129ml,豐富綿密泡沫可徹底清潔老廢角質及髒污,612.0,3
7090943,INTEGRATE 輕盈美睫精萃睫毛膏彎彎翹麗7g,自根部開始就向上捲翹!捲翹定型的養護型睫毛膏,612.0,2
7472230,(已結束合作)Rimmel 神力纖長瞬翹濃黑睫毛膏,獨家專利配方 FULLSTRETCH TECHNOLOGY ，全新完全延展質地,612.0,2
7427521,Cleverin_Powersabre加護靈筆型補充包,4987110010913,612.0,1
7083621,絲花絲柔化妝棉32片,極細纖維對肌膚少負擔,610.0,8
7523493,KISSME一筆耀眼極細眼線膠筆0.07g_01黑色,4901433076449,610.0,2
7138456,MKUP -3°不怕汗香氛防曬50ml,超高防曬係數SPF50+，抵禦紫外線UVA/UVB，雙重防護、長效抗曬！,610.0,2
7816696,LuLuLun大女孩彈力光澤面膜升級款7入,4582305068894商品名稱:LuLuLun大女孩彈力光澤面膜升級款7入,609.0,3
7149644,木槿花草本暖宮護墊8片18cm,天然植萃精油、強效抑菌,608.0,16
8122593,J lin X AM 多功能目梳夾子組,,608.0,2
8172507,IM 非乳膠化妝海綿-方形12入,●快速完妝，全顏完美細節,605.0,11
8052162,Barwa複合維他命保濕補水護手霜100ML,全季節皆適用的乳霜質地,603.0,5
8508528,ORION 好麗友香烤洋芋片(洋蔥)64g,,601.0,19
7739826,【廠商直送】女款大地風格刺繡透膚絲襪中筒襪-11雙入,精緻刺繡圖案,601.0,1
7274816,MEKO拆線筆,可輕鬆描繪及勾勒眉型、眉色自然、筆芯質感柔滑、容易上色。,600.0,24
7108462,3M百利木漿棉吸水抹布,迅速吸收本身重量10倍以上的液體,600.0,8
7117113,Calbee薯條4入-田園蔬菜,蕃茄口味配上含豐富蔬菜成份的香脆薯條，味道清甜可口，香脆有益,600.0,8
7407465,唯白淨嫩透白SOD草本抑菌棉7片日夜28cm,檸檬草SOD精華 淨嫩透白,600.0,8
7407688,唯白草本抑菌護墊20片17cm-美少女戰士,檸檬草SOD精華 淨嫩透白,600.0,6
7362381,日本獅王NONIO牙刷-細柔按摩(顏色隨機出貨),來自口臭科學研究所， 建議搭配NONIO終結口氣牙膏使用,600.0,6
7580718,SDI 職人用工藝刀-NO.0443C,安全割線設計，方便效率高,600.0,5
7203483,吉列薄荷大鬍泡210g,使用清洗皆方便容易讓刮鬍後的皮膚感覺平滑柔順,600.0,5
7543384,樂彩森林 泡泡補充罐473ml-小,既可當補充罐也可直接玩,600.0,5
7146218,樹頂100%石榴莓綜合果汁利樂包6入,新鮮天然如同現榨果汁,600.0,4
7523330,泡泡入浴棒_星星,4535304299899,600.0,4
7147953,Solone大藝術家玩色-E06眼線描繪刷,採用富有彈力、柔韌不刺眼的仿生毛尼龍絲。極細絲徑，銅管定型，精準細緻筆尖，能勾勒出一筆到位的細緻眼部線條。,600.0,3
7231393,SOFINA漾緁輕妝綺肌長效粉盒-進化版,全新包裝升級漾緁輕妝綺肌長效粉餅進化版,600.0,3
7088483,台灣一番香橙片150g,無添加人工色素.防腐劑.糖精,600.0,3
8234335,SUNLIFE森萊富維他命C發泡錠20錠,一天一錠，促進膠原蛋白形成。,600.0,3
7144643,米森BC益生菌脆麥片300g-多款任選,首創！第一支益生菌ｘ脆麥片,600.0,2
7466178,達特世醫用4D立體口罩D2魅力四色20入,4719881663728,600.0,2
7301341,婦潔 除毛滾輪蜜糖熱蠟150g,99.9%天然成分-無添加色素,600.0,2
7307870,ONE煥采去角質美肌皂135g,淨白透亮，去角質,600.0,2
8006664,【廠商直送】Walkplus織步加-輕壓足弓襪-3雙入-黑灰-22-24,環護足弓設計，輔助緩衝與避震,600.0,2
8541541,【廠商直送】美德醫療醫用防護口罩50入-豪迷彩/闇迷彩,經防潑水處理，阻擋飛沫及顆粒粉,600.0,2
7523760,俏正美BBPlus糖衣錠60錠,4987028612353,600.0,1
7098766,Dr.Huang全方位清透防曬乳SPF50  30ml,具有综合UVA / UVB完整的雙重保護，能預防肌膚曬傷曬黑，維持肌膚年輕，保濕滋潤使肌膚呈現白皙紅潤光采，預防肌膚老化。,600.0,1
7618999,【廠商直送】一家人益生菌植敏水潤滋養旅行組100ml*3入,水潤柔順，重現彈性光澤,600.0,1
7445829,依洛嘉時空膠囊40入-Q10逆時潤彈,保濕滋潤肌膚,600.0,1
8116540,【廠商直送】柏薇菈淨白潤色隔離乳SPF35-50ml,修飾臉上瑕疵、均勻膚色,600.0,1
7122425,成功減震迴力健腹三輪(第4代),靜音結構、防滑手把,600.0,1
7687687,Sukin玫瑰果保濕滋養泥膜100ml,以乳霜為基底的玫瑰果泥膜富含保濕的玫瑰果、卡卡杜梅和框檔果,599.0,1
8223238,CINQUAIN思珂 全能草本滋養光澤精華乳面膜(１盒／５片),極.濃.潤，滿滿26ml安瓶注,599.0,1
8245214,【廠商直送】日本John’s Blend 洗髮精460ml,採用草本萃取保濕成分和胺基酸,599.0,1
8051067,全日營養酒粕極酵美妍對策粉末3gx30P食品,4970458820764,599.0,1
7565994,Laneige蘭芝睡美人極萃滋養晚安唇膜20g,超滋潤嘟嘟唇,599.0,1
7144828,DIKE雙向TypeC快充行動電源10000mAh-2色任選,旗艦級防護,599.0,1
7636854,【廠商直送】康朵香氛擴香補充瓶200ml*3瓶-白麝香,特含「頂級鮮花凝香技術」，在鮮花綻放的瞬間凝粹馥郁芬芳，杜絕異味並在環境中持久散發迷人淡香，迅速消除惱人氣味！,599.0,1
7636975,【廠商直送】奇檬子洗衣槽全效抗菌清潔錠5顆*6盒,高效發泡易溶技術,599.0,1
7354953,UZU渦 MOTE睫毛膏,特殊礦石美容成分-Endmineral、溫水可卸、肌膚低負擔、強效耐水、防油、耐濕度,599.0,1
8608325,【廠商直送】KINYO復古無段式桌扇-白,採用無刷馬達，超靜音大風量，辦公、外出皆適合。,599.0,1
8245198,【廠商直送】日本John’s Blend 潤髮乳460g,無著色/無礦物油/無矽靈,599.0,1
7308894,嗜香氛夏翠絲酵母萃取控油洗髮300ml,添加清新薄荷涼感,599.0,1
7636977,【廠商直送】康朵香氛擴香膏120g*6罐-平安除穢,除穢納百福，淨身保平安,599.0,1
8488502,KAFEN還原酸系列保濕洗髮精760ML,,599.0,1
8078961,KAFEN還原酸系列深層護髮素760ml,,599.0,1
7930165,【廠商直送】抗菌消臭足弓五趾長襪4雙入-黑色22-26,"抗菌科技纖維,台灣織造  左右腳設計、立體腳跟編織，足弓包覆加強，繃帶型加壓，五趾設計",599.0,1
7234976,OXO-POP細長方按壓保鮮盒-1.8L,專利設計單手按壓即可打開及關閉，適用收納咖啡豆、餅乾、蔾麥等乾貨收納。組件皆可拆卸清洗，可堆疊方便收納。,599.0,1
7049962,DV醇耀妍沙棘版10包入,沙棘果-超氧化物,599.0,1
7049839,Curel 潤浸保濕超微米精華噴霧150g,可用於不易保養照護的背部或腰部等全身部位。,599.0,1
8023393,【廠商直送】埔里百香果5斤裝/箱,南投縣埔里，由於氣候環境因素適合百香果生長，是台灣最主要的百香果產區。埔里百香果外皮呈現紫紅色或是暗紅色，還沒切開就可以聞到滿滿撲鼻的香濃百香果味。切開後豐富的黃金果肉散發香氣濃郁的百香果味，吃起來就是迷人的酸甜酸甜滋味。,599.0,1
7114728,SuKin經典保濕泥膜100ml,"提供肌膚最佳抗氧化修護,天然精油成分溫和滋養並集中補水拯救膚況",599.0,1
7819259,【廠商直送】Ronever PD電源供應器組Lightning-白,純白組合-iOS系列-PD快速充電器+Type-C to Lightning快充線,599.0,1
7636444,【廠商直送】康朵天然防果蠅噴劑400ml*3瓶,溫和不刺鼻 有效防止害蟲,599.0,1
8245255,【廠商直送】日本John’s Blend 香氛潤澤修護護髮油80ml 白麝香,給予髮絲保濕滋潤，秀髮加倍柔順,599.0,1
8488375,【廠商直送】日本John’s Blend 香氛擴香瓶140ml,能持續3個月，消除惱人氣味,599.0,1
7590993,輕量多功能兩用包-多款任選,輕巧實用、多層插袋設計、可背可提。,599.0,1
7254040,舒適水次元5刮鬍刀組-鬼滅之刃我妻善逸,"添加神經酰胺(Ceramide), 加倍保濕,保濕凝膠盒有效減少與肌膚摩擦 (與傳統潤滑條刮鬍刀相比)達40%, 刮鬍更舒暢,保濕凝膠盒，順刮鰭，精修掀蓋，換刀提示，超水洗結構",599.0,1
7111982,UC硅藻土吸水地墊35*60cm-3色任選,"瞬間吸水,濕氣調節",599.0,1
7404202,ECONECO 繪子貓夢幻馬戲團玩偶-緞帶Unita,4549549885113,599.0,1
7665728,CINQUAIN思珂 3D光感精華粉底SPF50**(多款任選),專為亞洲女性量身訂製色號,599.0,1
7559316,義美生醫蛋美妍膠原飲10入,最安心的保健品牌,599.0,1
7633820,Hello Kitty純棉衛生棉收納包組,瞬吸透氣設計解決悶熱不透氣困擾,599.0,1
7665563,Celefit透明九宮格眼影（多款任選）,用浪漫感性的9色集結而成，媲美專櫃等級的精選眼影盤，超強服貼力、暈染力，讓眼妝絕不飛粉結塊，完美展現絲綢般的柔軟服貼感，精緻小巧設計完全不占空間，出門旅遊隨身帶著走，絕美眼妝輕鬆就擁有！,599.0,1
7308208,嗜香氛天使之吻多胜肽潤澤洗髮300ml,保濕潤澤,599.0,1
7228584,304-樂扣樂扣我的不鏽鋼保溫杯/500ML/黑色,寬大瓶口設計,599.0,1
8488504,KAFEN 卡氛還原酸系列控油洗髮精760ML,,599.0,1
8082925,Annecy 氣墊黃金梳,,599.0,1
7111991,纖妍吸水浴巾70*150cm-3色任選,超細纖維，吸水速乾,598.0,2
7098704,Mdmmd.極地因子舒緩修復全能安瓶13ml,保濕、修復、安撫、賦活一次到位,598.0,2
8561567,凱蒂娃娃絕不暈染速乾眼線液0.7ml,防汗、防水和防暈染，帶有超細 0.1 毫米筆尖，柔順質地適合描繪各種眼型，新手入門推薦!簡單打造深邃雙眼就靠它!,598.0,2
7661190,一榮和顏愛味炭烤墨魚起司70g,4935958865981,598.0,2
7083873,蒂沐蝶深層純淨護髮乳500ml,蘊含歐洲有機認證成分,598.0,2
7083819,Phyto Derma朵蔓頭皮淨化角質霜150ml,添加多種草本成份，結合頭皮養護專業沙龍級成份，能淨化調理頭皮,598.0,2
8541479,【廠商直送】【4U2】Powder Matte粉霧持久唇膏,質地如棉花糖般柔軟，柔霧啞光加上輕盈的質地，,598.0,2
8585007,【廠商直送】挺立舒小顏醫療口罩30片*2盒-多色任選,‧交談無阻礙–足夠的嘴部活動空間，讓交談變得輕鬆,598.0,2
8564062,義大利Florinda永恆白麝香香氛植皂200g,植物基底成分，天然不刺激,598.0,2
7433219,日本MELLSAVON沐浴露_清新植萃460ml,4560249795380,598.0,2
7257997,舒摩兒舒粉 7oz(198g),精製玉米澱粉 天然健康,598.0,2
7485831,百特兔304真空保溫瓶500ML-多色任選,無色無味清潔便利,598.0,2
8587234,【J′ADORE】可調式戒指雙層閃鑽心-銀,【J′ADORE】精品,598.0,2
7523263,璞草園12草本精油淨膚露_草本舒爽500ml,4713006583144,598.0,2
7228744,開心牧場纖細正開彩布膠折傘(3色可選),一手掌握，纖細輕折傘,598.0,2
7932155,復古歐風造型鬧鐘ACK-7114,復古歐風質感生活,598.0,2
7523370,我的心機超能安瓶晶亮透白面膜4入,4713410993041,598.0,2
7122034,CAROME自然濃密睫毛膏6ml,獨家設計、反覆塗刷不結塊，刷量，刷頭，以黃金配比精心設計之睫毛膏。添加山茶花油與獐牙菜萃取：增加亮感並防止斷裂。摩洛哥油與人蔘根萃取：保護睫毛增加濃密度。,598.0,2
7698005,CINQUAIN思珂 心機絲滑潤唇膏(玫瑰果茶/草莓果凍),單擦水嫩，輕盈保濕,598.0,2
7754245,狗狗拖鞋(男/女款)-多色任選,超柔軟鞋底不變型,598.0,2
7447245,CB中性口拉鏈止滑防風觸控手套,"使用防風保暖素材,靈活合手好操作",598.0,2
7432653,我的心機高效安瓶EX極致淨白面膜4入,4713410990002,598.0,2
7440283,日本味王男用維生素B群加強錠60粒,4710829656864,598.0,2
7083803,義大利輕奢液體皂500ml-馥漫珍木,義大利原裝進口,598.0,2
7134315,日本MELLSAVON沐浴露460ml-花香,冷加工肥皂,598.0,2
7426499,獅王_假牙黏著劑_40g,4903301588719,598.0,2
8237488,LuxBathGlow保濕亮澤護髮精490g,,598.0,2
7425734,日本AB雙眼皮睡眠記憶貼80入,4571307600294,598.0,2
8564104,義大利Florinda麝香黑莓香氛植皂200g,植物基底成分，天然不刺激,598.0,2
7268673,TS6護一生潔淨慕斯-加護型100g,生理期間、孕期產後、須特別照護期專用,598.0,2
7064250,多芬潤澤卸妝乳 195ML,卸完肌膚水嫩不乾澀,598.0,2
8230728,Protecort抗菌腮紅刷1入,"特殊抗菌加工處理,天天乾淨上妝,肌膚健康亮麗.腮紅刷毛柔軟親膚,抓粉力佳,修容打亮輕鬆妝點好氣色.",598.0,2
7709551,厚底超軟熊熊防滑拖鞋-多款任選,室內室外好穿搭,598.0,2
7425740,日本AB上妝專用雙眼皮貼80入_膚色,4571307600362,598.0,2
7105699,嚴選Q彈家居拖鞋-3色任選,「Vero＆Nique 維諾 妮卡」為精品室內鞋品牌，以時尚設計呈現出與眾不同的機能特性，不斷研發與創新，近年來更是積極的開發更加舒適的拖鞋，所以每款拖鞋都必須在「靜音」、「防滑」與「舒適好穿」的前提之下才能生產製造,598.0,2
8051171,SAVON_DORON積雪草礦物泥面膜100g,4936201106400,598.0,2
7404146,ECONECO 繪子貓環保馬克杯(花卉嘉年華),4512698400063,598.0,2
7083871,蒂沐蝶茶樹清爽植萃護髮乳500ml,蘊含歐洲有機認證成分,598.0,2
7759891,SEXYLOOK安瓶原液面膜4入-修護,西西露原液安瓶面膜系列「首創」黃金比例原液配方,598.0,2
7403797,COGIT 鼻頭專用角質調理去粉刺酵素泡泡8g,4969133270451,598.0,2
7105706,ATTA運動風簡約夾腳拖-5色任選,「ATTA艾堤堤亞 」”足壓分散，疲勞退散 Relieve & Relax ”如同英文字 Relieve 意義為舒緩，Relax 為放鬆，強調在穿著ATTA拖鞋時，能為您的足部帶來意想不到的舒緩及放鬆效果,598.0,2
7105426,黛絲恩 完美淨化極潤修護護髮素450ml,添加天然植物精華，為頭皮帶來清爽舒緩感受,598.0,2
8223242,CINQUAIN思珂 雲朵拍拍空氣腮紅(3色任選),一拍紅潤好氣色，打造誘人臉龐~,598.0,2
7097822,義大利Florinda薰衣草舒眠香氛植皂200g,使用3%高品質香水，帶來濃郁持久的香氛。,598.0,2
7083783,E.S.T.愛戀物語櫻花頂級液體皂500ml,VEGAN 素食認證,598.0,2
7523261,璞草園12草本精油洗髮露_舒淨頭皮500ml,4713006583120,598.0,2
7790664,艾絲特浴巾-多色任選70x140cm,多款細纖維洗浴用品,598.0,2
8241732,角落刺繡彩點觸控雙層手套-貓咪,最可愛的角落小夥伴陪你療癒過冬！刺繡工藝呈現可愛的角落小夥伴角色。,598.0,2
7753891,方格拖鞋(男/女款)-多色任選,超柔軟鞋底不變型,598.0,2
7432893,KAFEN生薑韌髮頭皮洗髮精500ml,4715302234874,598.0,2
7379212,樂扣樂扣雙色PP咖啡隨行杯470ml-象白,"''卡扣設計便於固定掀蓋\"\"",598.0,2
8172883,多芬結構修護洗髮露380ml玻尿酸浸潤,針對敏弱頭皮及缺水乾燥髮絲，注入10萬億高純度玻尿酸分子，實現秀髮2倍柔順水潤透亮,598.0,2
7639295,童角落印標漁夫帽-多款任選,超人氣角落小夥伴,598.0,2
7523316,MARCHE新天然素材入浴劑480g薰衣草,4548514153936,598.0,2
8241719,角落刺繡彩點觸控雙層手套-蜥蜴,最可愛的角落小夥伴陪你療癒過冬！刺繡工藝呈現可愛的角落小夥伴角色。,598.0,2
7119035,Alpecin運動型咖啡因洗髮露250ml,強健髮根,598.0,2
8532095,愛迪達超越挑戰男性淡香水50ml,特殊運動香水，不會與汗味結合,598.0,2
7262418,巴黎Evoluderm親膚溫和眼唇卸妝液250ml,經皮膚科測試,598.0,2
7368206,VOLA 內刷毛防風裙-黑,擺脫寒冷保暖升級,598.0,2
8507413,【買一送一】妮維雅純萃保養身體水凝乳-有機酪梨350ml(下單1出貨2),,598.0,2
8534738,韓國isLeaf輕髮泥80g自然線條,,598.0,2
8237419,伊露恩日本植物菁萃洗髮精_岡山櫻花500ml,,598.0,2
8581458,Pocky午茶馬克杯禮盒,,598.0,2
8083434,SEXYLOOK極致煥白雙耳掛面膜10入,,598.0,2
8086497,可瑞絲蜂膠活力光澤洗髮精1000ml,,598.0,2
8237486,LuxBathGlow保濕亮澤洗髮精490g,,598.0,2
7518605,【廠商直送】美國Sundown日落恩賜 游離型超級葉黃素+山桑子軟膠囊(60粒/瓶),最終葉黃素有效純度高達90%,598.0,1
8169161,Lovita愛維他緩釋型維生素B12 60錠,市售最高1000微克,598.0,1
7251146,Medicare深層清潔音波電動牙刷-多色任選,特級杜邦刷毛,598.0,1
7114965,藍盾騎士 柔感U型立體平口褲,XL–5X腰臀加大穿著體感更舒適,597.0,3
7660958,普惠醫用口罩成人25入富貴紅,4712123643199,597.0,3
7041913,Catrice Prime&Fine舒活持妝噴霧,持妝分子的添加，能夠加強底妝與肌膚的連結．降低出油所造成的脫妝困擾細緻的噴霧能夠均勻薄透的覆蓋於全臉肌膚，讓全臉妝容更加穩固不易斑駁除了做於妝後定妝，這款多功能的噴霧也可以作為妝前噴霧使用：直接噴於全臉或者噴在刷子上沾取底妝上妝，能夠快速鎮定、舒緩肌膚，加強底妝的保濕度，為肌膚帶來舒活清新的舒適感受，也能使接下來的上妝步驟更加服貼,597.0,3
7353104,lavera緊急修復護手霜75ml-乾燥肌,改善皮膚粗糙,597.0,3
7647046,京禾多功能正倒數計時器-三色任選,１.兩大基本功能，可倒數計時及累積計時。,597.0,3
7257951,吊掛式雙層曬衣網,晾曬省空間,597.0,3
7157788,NAILTONE極潤蜜桃指緣油8ml蜜桃香,濃潤精華油質地，一抹深層鎖水，徹底阻絕乾燥,597.0,3
7599750,霓淨思18%杏仁酸透亮煥膚精華5ml,新一代植萃無痛煥膚權威,597.0,3
7403730,全日營養活力成長鈣果凍條10gx7包,4582316410460,597.0,3
7404005,MIYOSHI新無添加泡沫沐浴乳500ml,4537130101544,597.0,3
7122283,GATSBY無敵顯色染髮霜-水漾銀灰,1.爽朗冷酷的白銀灰色,597.0,3
7310875,Gliss極致賦活修護潤髮乳200ml,來自海洋能量修護，髮絲柔潤好梳理,597.0,3
7261481,Nature Tree氨基酸精華液60ml,"緊實肌膚撫平細紋,防止肌膚粗糙",597.0,3
7874613,巴洛克香氛蠟燭-木蘭花,前調：佛手柑\柑橘,597.0,3
8541999,【廠商直送】【4U2】訂製暈染唇刷,可在唇部上塗抹和混合顏色，,597.0,3
7403719,全日營養蜜桃青木瓜果凍條10gx7包,4582316410484,597.0,3
7050874,NIALTONE 極厚光感護甲油 (9mL)-新舊包裝隨機出貨,2倍厚度(與本公司產品比較，每人使用感受不同)，媲美凝膠指甲油的光亮厚膜感,597.0,3
7779661,RASTO RX41傳輸線Type C QC3.0-1M+2M,支援2.4A大電流，充電快速,597.0,3
7108509,富麗絲染髮系列-復古薰衣草紫,8種氨基酸滋潤及藍睡蓮萃取成分,597.0,3
7094884,星之冠剪染護髮專用圍巾,鬆緊卡扣設計,597.0,3
8114728,Eco denta漱口水250ml-草本多效,來自立陶宛的口腔保健品牌,597.0,3
8185704,【廠商直送】迪士尼｜Disney 便當袋 多款任選,開口順暢易收納,597.0,3
7157787,NAILTONE高鈣強韌硬甲油8ml,添加鈣離子，強韌指甲,597.0,3
8495689,CB反光麂皮觸控防風手套-多色任選,CB嚴選經典鹿頭反光印刷工藝。,597.0,3
8230730,Protecort抗菌蜜粉撲1入-鬆粉式,"特殊抗菌加工處理 ,天天乾淨上妝,肌膚健康亮麗. 纖長絨毛,抓粉力佳,柔軟蓬鬆,親膚舒適,打造輕薄透亮妝感,適用於鬆粉式蜜粉.",597.0,3
8237881,幸福堂香蕉蛋糕10入_魯,,597.0,3
7931734,洗顏專科超微米胺基酸溫和潔顏慕絲150ml,,597.0,3
8524858,小金方格馬克杯450ml-兩色任選,,597.0,3
8150999,三花五片式平口褲 S-XXL 花色隨機出貨,,597.0,3
8023712,【買一送一】我的心機拋光去皮亮澤足膜1雙入(下單1出貨2),,597.0,3
8051806,一心一罩大童小臉3D醫用口罩薰衣草森林10入,4712937972591,597.0,3
7064489,肌研皮脂對策洗顏乳100g,日本樂敦獨特白泥配方，能有效吸附肌膚油脂，深層洗淨毛孔髒污,597.0,3
7097844,舒妃植物染髮霜-自然黑褐色60g,特殊植物護染配方，染髮同時護髮，染後髮色均勻出色不乾澀。,597.0,3
7403716,全日營養 乳酸菌果凍條10gx7包,4582316410385,597.0,3
7088693,Biore極緻精華油沐浴露500ml-白茶與海鹽,保持肌膚年輕水嫩的要素之一是”皮脂”，膚觸改變的關鍵時刻,597.0,3
7055423,Biore高效活性眼唇卸粧液 130ml,快速卸除眼唇彩粧，維持眼周肌膚水嫩舒適,597.0,3
7063479,嬌生嬰兒油 125ml,JOHNSON'S嬰兒清爽潤膚油蘊含純淨礦物油，經實驗證明，純正溫和，配合快速吸收配方，能幫助肌膚形成保護膜，鎖住水份，呵護寶寶肌膚維持柔軟光滑,597.0,3
7242748,舒利渼人工皮傷口隱形貼-腳跟用/中傷口 6入,"\"\"\"第二代美國SureSkin進口醫療級水膠體敷料",597.0,3
7055456,Biore溫感淨透卸粧精華乳200ml,溫度按摩：在輕推按摩中釋放舒適溫熱。,597.0,3
7063532,思高-金鏤梅毛孔細緻乳液200ml,採用德國進口玻尿酸添加金縷梅萃取等成分,597.0,3
7432801,麗白薏仁泡沫沐浴乳550mL本體,4513574031906,597.0,3
8511759,【J′ADORE】可調式戒指千紙鶴,【J′ADORE】精品,597.0,3
8061564,OTTOGI韓國不倒翁韓式甜辣醬300g-甘口,★韓國人氣商品,597.0,3
7402721,Udilfe吸水止滑輕地墊-兩色任選,1.質地綿軟，吸水性佳,597.0,3
7579537,我的心機深層潔淨身體去角質250ml-竹炭,告別老廢角質，迎接細嫩肌膚。,597.0,3
7072832,待刪除-Life8去污潔白慕斯鞋包加強型280ml,免水洗 微小慕斯分子 清潔髒汙效果佳,597.0,3
7307878,富麗絲染髮系列-乾燥玫瑰,8種氨基酸滋潤及葵花籽油成分,597.0,3
7734519,韓國isLeaf極潤修護免冲洗護髮素 150ml-亮澤捲髮,精粹多種優質成分,597.0,3
7063530,思高-金鏤梅毛孔細緻精華液200ml,採用德國進口玻尿酸添加金縷梅萃取等成分,597.0,3
7143392,舒妃何首烏護髮染髮霜-三劑#7自然黑褐(白染),特殊植物護染配方，染髮同時護髮，染後髮色均勻出色不乾澀。,597.0,3
7812411,角落小夥伴室內香氛擴香瓶150ml-甜橙,豪華大容量香氛更持久,597.0,3
7425338,益生堂_仙楂粒隨身包,4713510534915,597.0,3
7108512,富麗絲染髮系列-銀河灰綠,8種氨基酸滋潤及藍睡蓮萃取成分,597.0,3
7063522,思高-活齡滋養乳液200ml,採用德國進口玻尿酸添加海藻萃取等成分,597.0,3
7824118,卡翠絲柔焦控油定妝噴霧,噴霧中所含的非洲樹皮提取物可降低毛孔對妝容的影響，並使膚色有打亮般效果。,597.0,3
8028194,德之寶鈣鎂D3發泡錠15錠,每一錠含有鎂300毫克+鈣400毫克+維生素D3 5微克。,597.0,3
7398019,Satto-超纖維除塵撢組合頭-白色,超極細纖維，有效吸附微小灰塵。,597.0,3
7404326,KINYO Type-C智慧變燈充電傳輸線,支援QC快充協議。,597.0,3
7431796,LuckySuperSoft尤加利薄荷沐浴鎂鹽544g,全成分︰鎂鹽、精油,597.0,3
7257981,增壓淨化蓮蓬頭,增壓設計蓮蓬頭,597.0,3
7729689,我的心機琥珀酸毛孔調理筆15ml,解決肌膚毛孔、油光問題,597.0,3
7250108,樂扣樂扣-調理盒430ML附量匙,附有量匙，輕易拿取內容物,597.0,3
8020156,優雅和風室內布拖鞋-多色任選,台灣製造 品質保證,597.0,3
8243731,水舞成人醫療平面口罩10入-沙灘Meow,跟著萌Meow去旅行~,597.0,3
7114964,藍盾騎士 沁涼U型立體平口褲,XL–5X腰臀加大穿著體感更舒適,597.0,3
8227396,Eni Mani SILK柔膚低腰褲,親膚．抑菌．不易過敏,597.0,3
7062373,史邁爾衛生套12入-粗顆粒型,濃烈激情 極粗顆粒,597.0,3
7404128,HO馬油護髮乳230g,4513574014657,597.0,3
7237235,依洛嘉滋養護甲嫩白手膜3入裝,添加玫瑰精油、可可脂、角鯊烷、椰子油、玻尿酸、馬齒莧萃取、乳油木果、維他命B3,597.0,3
7108526,絲蘊瞬效蓋白噴霧120ml-淺棕色,"一噴蓋白, 立即上色",597.0,3
8024066,【買一送一】森田藥粧 馬油 腳跟防裂霜100ML(下單1出貨2),,597.0,3
7931731,牛乳石鹼SkinLife滋卿愛泡洗顏160ml,,597.0,3
8275767,嬌生美體主張24小時乳液500ml,,597.0,3
8022390,韓國isLeaf香氛順盈護髮油-紫愛瑰蜜100ml,,597.0,3
7931809,Mirolu原木圓捲梳,,597.0,3
7931846,日本獅王細潔適齦佳極效8效牙膏果香薄荷95g,,597.0,3
8237112,一心一罩幼幼3D醫用口罩莓好時光10入,,597.0,3
8237283,一心一罩幼幼3D醫用口罩薰衣草森林10入,,597.0,3
8237242,CosmeStation男士頭皮養護洗髮精600mL,,597.0,3
7925869,尼克-石墨烯平口褲,,597.0,3
7719028,漫威成人平面口罩10入-美國隊長灰藍,,597.0,3
8560837,【廠商直送】巧奇兒童口罩6色30入3盒-綜合款,符合國家醫療器材品質管理系統準則，認證字號QMS5159 號 符合國家檢驗標準CNS 14774.14775,597.0,1
7265839,女士麋鹿雙層手套-多款任選,"台灣製緹花雙層針織手套雙層內裡,保暖舒適升級",596.0,4
7441877,獅王細潔深潔牙間刷SSS*8入,為配合口腔狀態準備四種牙間刷的尺寸：SSS－特別狹窄處(門牙部位)。,596.0,4
7083536,NAIRIA沙龍級分叉修護護髮霜1000ml,"配方富含修護因子, 可撫平損壞毛鱗片並防止未來損傷",596.0,4
7823402,卡翠絲基底硬甲油,這種超強的純素指甲硬化劑，使用後形成保護罩，密封指甲表面，加強指甲並使其更具抵抗力。,596.0,4
7399082,Satto-浴室毛球刷,超強纖維毛刷，能更有效捕獲幾微米的灰塵顆粒。,596.0,4
7353253,妙潔美實袋L(12入)28*23.5cm,"\"\"\"星級主廚推薦，日本同步領鮮。",596.0,4
7212143,日光生活斜撕清潔滾輪補充包90回#3入,黏著力強，輕易黏附,596.0,4
7077002,曼寧茶瑪黛牛蒡15入,馬黛茶清新蘊底滋味,596.0,4
7518758,復仇者聯盟男童三角褲2入,好穿舒適,596.0,4
8546217,蜻蜓牌歐式長毛美國棉緞條毛巾-多款任選,台灣本土品牌經典款式再升級,596.0,4
7590611,non-no 絲光緞帶毛巾-3入,,596.0,4
7253523,ST雞仔牌吸濕防蟲小包2入(衣櫥用),衣櫃專用除濕,596.0,4
7278907,DARLIE好來專業護齦牙膏120g抗口氣,"有效減少口腔細菌發生率,從源頭減少牙菌斑",596.0,4
7083537,NAIRIA沙龍級染髮護色護髮霜1000ml,"富含養髮元素可滋養秀髮, 恢復彈性光澤",596.0,4
7261943,OMORY乾濕兩用萬用懶人抹布50張-混色,強韌不掉毛絮，也可多次使用。,596.0,4
7425713,Mezaik防水型雙眼皮膠9.8ml_強力定型,4562285941868,596.0,4
7090141,DARLIE好來專業護齦牙膏120g琺瑯質修護,有效減少牙齦出血及牙齦炎發生率,596.0,4
7307756,Lumina A19蜜粉刷,豐厚的毛刷比例，纖細而柔軟，可大範圍刷勻臉上蜜粉，輕鬆完成定妝。,596.0,4
7122437,經典皮拖-光年-3款任選,經典雅緻圖騰鞋面 - 脫俗質感、丰采出眾,596.0,4
7250173,台灣製涼感紗平口褲(顏色任選),涼感紗材質,596.0,4
8598884,威猛先生去霉噴槍瓶400g-附補充裝,5分鐘強力除霉又除根,596.0,4
7515404,CHICCHIC日本造型醋酸抓夾-3款任選,跟著日本流行趨勢走~~高貴典雅，百搭精選,596.0,4
7403827,Lishan 馬油炭潔顏霜130g,4582425684615,596.0,4
7212478,超柔加厚洗護袋-內衣20x18cm,細密網孔，減少洗衣機拉扯力,596.0,4
7426298,好自在Radiant幻彩系列量多日夜用31.7cm9片,6903148244241,596.0,4
8088381,彼得兔緞條緹花毛巾-多色任選,正版比得兔授權，標籤上皆附有防偽雷射標籤,596.0,4
8533787,男經典素面防風禦寒手套,冬季騎車保暖防風手套，防潑水全手掌防滑,596.0,4
7462735,曼寧洋甘菊烏龍茶3g*15入,輕發酵中焙火的四季春烏龍茶，調和舒壓的洋甘菊，亮黃綠色茶湯中帶有蘋果與蜂蜜的香氣，茶韻甘柔圓潤,596.0,4
7262430,瑪榭四面全彈觸控手套(男)-多款任選,精緻縫線耐穿持久,596.0,4
8488043,【團購】小米兔暖暖包10入-手握式(預計出貨日1/11),持續時間14小時，平均溫度53℃，最高溫度可到63度。,596.0,4
7436001,德國Bref強力馬桶芳香清潔球50g3入_海洋,圓球設計:全方位接觸水流，清潔每個角落,596.0,4
8237947,沖繩美健梅鹽番茄乾85g,,596.0,4
7600638,Mini 304不銹鋼真空迷你杯150ML-兩色任選,可放口袋、隨身包內，隨時飲水,596.0,3
7345726,貝印附燈發光耳扒,LED燈的耳扒，可以輕鬆看到耳朵內部，便於兒童和老人護理。,596.0,2
7349153,日本貝印修眉剪(附梳子〉,將眉梳梳入眉毛，按原樣合上剪刀，即可剪掉突出眉毛的優秀商品,596.0,2
7899388,MEKO元森純素主義攜帶型伸縮唇刷,彈性非常好的高科技纖維毛 愛美的同時也保護動物,596.0,2
7620230,高絲曬可皙高效防曬噴霧60g-沁涼舒爽,,596.0,2
7425256,可爾必思CAN335ml,4714947000509,595.0,35
8237833,SOYJOY大豆水果營養棒30g藍莓,,595.0,17
7403963,Pelican蜂蜜保濕皂80g,4976631477855,595.0,15
7135811,森之精靈膠黏拖把補充包(3枚入) 16cm,黏塵去髒,595.0,5
7159415,日本獅王固齒佳薄深潔牙刷 超小頭(顏色隨機出貨),牙科醫師推薦設計,595.0,5
8032601,ALX-新纖感美型褲襪-多色任選,讓彈潤服貼 高度顯瘦的風格更完美,595.0,5
7426274,Taihokohzai眼鏡清潔除霧濕紙巾30入,4974672226371,595.0,5
7219814,舒絲仕女豔彩輕便刀-5入,添加潤滑條,595.0,5
7044874,Deary玫瑰Q10嫩白潤膚乳500ml,有機認證玫瑰果油富含γ-亞麻油酸、維他命C，結合創新微脂囊Q10、維他命E及荷荷芭油具高效潤澤、修復、舒緩及嫩白肌膚功效。,595.0,5
8496169,Lucky Super Soft嬰兒洗髮精355ml,美國熱銷品牌,595.0,5
7372004,百研-旋轉矽膠瓶刷(顏色隨機),"矽膠刷毛,清潔力強,不刮傷瓶身；即甩即乾,不易發霉。",595.0,5
7426762,大正齒周對策牙刷-極細軟毛短頭(新)1入,4987306038394,595.0,5
7258025,瑪榭抑菌護跟氣墊襪M-多色任選,抗菌除臭率高達99.9%,595.0,5
7268712,澳佳寶-葡萄籽OPC30錠,對象族群:女性族群、熬夜應酬者,595.0,1
8237938,博能生機100%冷萃初榨橄欖油500ml,,595.0,1
8513428,抽取式 擦手紙 廚房紙巾 120抽 吸油紙巾擦手紙 擦手紙巾,,594.0,27
7931955,Asahi精神多多乳酸菌飲料300ml,,594.0,27
7425170,Kirin生茶525ml,4909411084615,594.0,18
8237950,米森BC益生菌可可脆麥片_隨手包40g,,594.0,15
8502529,5段式 大面板增壓 多功能 蓮蓬頭 附贈濾芯x1 濾心蓮蓬頭 淋浴 花灑 現貨 10cm/12cm,,594.0,10
7417569,安多輕旅行 型男免洗三角褲 4入,"合身版型,符合人體工學",594.0,6
8081013,無撚格子貓毛巾-多色任選,100%棉,594.0,6
7053459,待刪除-泰國手標三合一隨身包20g*5入-泰式奶茶,泰國原裝進口,594.0,6
7621591,OMORY-北歐風插頭固定器無痕掛鉤4入,美學生活設計商品!,594.0,6
7310315,刷樂專業護理漱口水袋裝12ml*10入-清新,隨身攜帶包 時刻清新好口氣,594.0,6
7103858,飄逸金扣雪紡圈束-8款任選,裝飾、造型用,594.0,6
8087645,彼得兔星空紗布童巾-多色任選,正版比得兔授權，標籤上皆附有防偽雷射標籤,594.0,6
8189002,Altapharma維生素礦物質發泡錠芒果味20錠,4305615614397,594.0,6
7426717,Ebisu48孔6列優質倍護牙刷_超軟毛1入,4901221800416,594.0,6
7056048,富強森濃醇香羊乳片100g,"1.含著羊乳片,如同喝羊奶芳香",594.0,6
7725729,istart愛詩朵純淨絲瓜蘆薈水60ml,無色素∙無香精∙純天然  適全膚質,594.0,6
7425325,格力高9袋入番茄百利滋棒134g,4901005520820,594.0,6
7401308,星之冠 極黑美形按壓眼線液筆 2.5ml,,594.0,6
8143520,赫蒂Heidi黑巧克力80g-多款任選,,594.0,6
7436255,奈森克林L型牙間刷SSS-8+2入,輕鬆去除牙齒隙縫殘渣,594.0,6
7468521,日藥本舖醫用三次元柳葉口罩10入奶茶棕,4713072041531,594.0,6
7222191,樂扣樂扣PET冷水壺1200ml,不含塑化劑、雙酚A,594.0,6
7325052,樂品小熊兩用圓鏡,掛立兩用,594.0,6
7057406,IM四合一多功能便攜伸縮刷具組,一次擁有蜜粉腮紅刷、遮瑕暈染刷、大小眼影刷,594.0,6
8261487,迪士尼系列貼繃20片-三款任選,不黏傷口棉墊,594.0,6
7468511,日藥本舖醫用三次元口罩20入乾燥玫瑰粉,4713072041364,594.0,6
7121966,啵樂樂甜筒餅乾53.4g-多款任選,1.甜筒造型樂趣好吃有趣,594.0,6
7427170,日和手握式暖暖包10個,4987067829200,594.0,6
8507428,MOTO按押硬瓶200ml*2入-PET,用途&使用方法：,594.0,6
7320069,日本ECHO陶瓷磨泥器,"研磨後食材直接丟落在圓盤凹溝,方便製作山葵芥末、生薑、蘋果等泥狀食材",594.0,6
8496232,Shea Solutions乳油木果保濕洗髮237ml,美國熱銷品牌,594.0,6
7864365,瑪榭抑菌足弓二趾襪-多款任選,整雙抗菌除臭率高達99.9%,594.0,6
7105800,驅塵氏雙效潔淨吸水布,雙股織法乾濕兩用，乾擦除塵、濕擦除垢,594.0,6
8025079,淨新醫用成人平面口罩 50入- 全色系列,,594.0,6
7931614,日藥本舖x達特世成人醫用4D口罩天空藍10入,,594.0,6
7319587,OMORY 防水環保保溫冷手提袋-方形灰,辦公/上學/野餐/戶外/運動。,594.0,3
7427264,Cucute超濃縮洗碗凝露_檸檬香240ml,4901301307316,590.0,10
7993716,Kesho 乾濕兩用粉撲,溫柔觸感、彈性佳，夾鏈袋包裝，乾淨、方便。蜜粉、粉餅、粉底液、遮瑕膏皆適用。,590.0,10
7293595,進口安全修顏眉刀(KEL-3),採用不傷肌膚的安全刀片並使用抗菌防臭止滑的設計,590.0,10
7590192,韓國運動CRUSH!中筒襪-多色任選,運動造型,590.0,10
8226324,Hello Kitty輕柔涼爽掌心包10片24.5cm,細膩棉柔表層舒適親膚,590.0,10
7433375,阿嬤的配方樹液足貼_生薑唐辛子24g,4713008370025,590.0,10
8237894,北陸三麗鷗蜜桃奶茶餅乾42g,,590.0,10
8030818,超人力霸王直版襪2雙入 初代+風馬 2尺寸任選,正版授權,590.0,5
8504590,熊大與好朋友們少女襪2雙入-22-26cm-多款任選,柔軟舒適,590.0,5
7108255,蠟筆小新少女襪2雙入－多款任選,好穿舒適,590.0,5
8604165,舒酸定深層潔淨抗敏牙刷3入-纖柔毛,專為牙齒敏感問題設計,590.0,5
8186938,【廠商直送】Sunland香氛蠟燭70g油桃花+風鈴草+鼠尾草,天然植物芳香，用香氣治癒精神世界,590.0,2
8020201,接地氣室內拖鞋N01-格紋平衡-多色任選,天然養生 在家也能輕鬆接地氣,590.0,1
7604179,待刪除-I DEW CARE瑜珈喵喵舒緩無油組,體驗無酒精、無香料、無色素，舒緩保濕肌膚無負擔的入門首選！小巧輕便攜帶方便~,590.0,1
8020189,接地氣室內拖鞋N02-回歸自然-多色任選,天然養生 在家也能輕鬆接地氣,590.0,1
8020176,拇指外翻氣墊舒適女拖鞋-多色任選,側面開孔 不壓迫,590.0,1
8117310,Avene 雅漾保濕舒緩潔顏慕斯150ml,柔軟豐富泡沫，溫和清潔臉部肌膚，洗後潔淨不泛油。,590.0,1
8181496,【廠商直送】ANKOMN-旋轉氣密保鮮盒1.2L - 兩色任選,免用電、更環保、易開關、極耐用,590.0,1
8094274,【廠商直送】Style格調-37面寬三層收納櫃-附輪  - 多色任選,可拆式移動滑輪 超貼心,590.0,1
8089718,TESCOM 遠紅外線負離子吹風機 TID450TW粉,,590.0,1
7114726,待刪除-SuKin經典基礎修護晚霜120ml,天然精油成分為肌膚健康提供水份和滋養,589.0,1
7310319,刷樂超細滑潔舌牙線棒散裝50支入,新型3D潔舌功能設計,588.0,12
7041903,essence眼彩刷-3ST,刷毛柔軟，可精準快速暈染眼影,588.0,12
7323673,Lumina修眉剪刀,1.修剪及打薄眉毛，使眉毛俐落易上妝。,588.0,12
8588297,越中富山風呂入浴劑25g艾草綠,4987332143222,588.0,12
7271551,VOLA 30D全彈中統襪-黑,寬口設計 舒適壓力包覆腿部,588.0,12
7340937,【斯洛維尼亞】Frutabela低卡纖果棒30g-杏桃優格,綜藝大熱門主持人Lulu吃過大力推薦!,588.0,12
8122812,天竺鼠車車直版襪2雙入-22-26CM-多款任選,柔軟舒適好穿,588.0,6
7114659,史努比抗菌除臭走路襪套2雙入-多色任選,舒適好穿100%台灣製造,588.0,6
7098347,SWISS MISS可可粉248g-黑摩卡,濃郁SwissMiss黑甜巧克力 伴隨微微香甜的摩卡尾韻 給味蕾頂級奢華的享受,588.0,4
7098437,PALDO八道韓國乾拌麵130g*5入,以”左手拌一拌、右手拌一拌”,588.0,3
8153111,【廠商直送】D’s PROSSA 日本輕奢花瓣鏤空蕾絲透氣蠶絲內褲,彈性伸縮褲圍 零束縛感舒適合身,588.0,1
7404059,一光極品馬油身體乳180g,4930598152712,587.0,2
7432846,SANA豆乳美肌煥白洗面乳N150g,4964596700231,586.0,2
7432997,SANA豆乳美肌緊緻潤澤洗面乳N150g,4964596700521,586.0,2
7673286,【廠商直送】女款棉質動物刺繡中筒襪-5雙入,動物刺繡圖案,586.0,2
7426970,HelloKitty白鞋清潔濕巾20抽,4715664513624,585.0,15
7931975,KIRIN午後紅茶_微糖奶茶500ml,,585.0,15
8022068,EMO防潮珠珠乾燥劑 5gx20入,,585.0,15
7320011,Simon Coll黑巧克力25g-85%,高達85%的可可含量、低糖份且可可含量高達99%,585.0,13
7309450,Tryall全分離乳清蛋白35g-法式香草,"市場最高蛋白質含量 ,每包含有 28g 蛋白質",585.0,12
8555704,安多-純萃低腰免洗褲4入,"重磅純棉,E.Beam 滅菌科技",585.0,5
8137406,鱷魚防蚊液100g-多款任選,用途:可用於登山、垂釣、野營、郊遊、庭園除草等戶外活動及蚊蟲出沒場所。,585.0,5
8123919,全腦開發繪畫本：色彩感知,培養色彩感知能力、配色能力、觀察力、圖形組合能力。,585.0,5
7425269,有田雪屋190g,4711127202241,584.0,8
8072159,夢17 摩洛哥堅果油護髮膠囊-6顆裝,好攜帶免沖洗護髮膠囊,583.0,7
7224203,VOLA  韓系1/2刺繡襪-多款任選,多種可愛圖紋獨家設計,582.0,10
7903156,【廠商直送】女款棉質素色坑條紋中筒襪-4雙入-多款任選,秋冬大地色系,582.0,3
7470868,Chandelle白髮遮瑕粉餅_棕色,4906781426724,582.0,1
7276948,樂品雙效化妝棉80枚補充包 (包裝隨機出貨),雙紋設計，深層卸除,581.0,19
8147352,BVD石墨烯+竹炭1/2氣墊襪3雙入(顏色隨機出貨),遠紅外功能,580.0,4
8577783,雪蕾兒-加大彈性螺紋棉褲(F),,580.0,4
7736513,室翲香泡泡炸彈清潔霸350g-綠野瓜香,"添加微奈米香氛膠囊, 沖刷時泡沫中的膠囊會釋放綠野瓜香, 馬桶越刷越乾淨, 越刷越清新",580.0,4
7108456,好潔淨抗菌杯刷組,可替換式海綿刷頭,580.0,4
7436779,RainskyPG三折自動開收傘,傘骨組成:鐵 鋁 玻璃纖維,580.0,2
7746146,【廠商直送】Ladoore蕾朵兒 願望雪花 性感大腿襪-白,L'adoore 願望雪花 性感大腿襪,580.0,2
7779620,【廠商直送】迪士尼 櫻花證件套-四款任選,質感皮革 不易損壞,580.0,2
8504059,【廠商直送】Ladoore蕾朵兒 翻糖花園 蕾絲性感丁字褲,L'adoore 翻糖花園 蕾絲性感丁字褲,580.0,2
7420284,【廠商直送】蕾朵兒Ladoore 挑逗禁區 蕾絲性感丁字褲 (粉),嚴選細緻奢華蕾絲,580.0,2
7420282,【廠商直送】蕾朵兒Ladoore 挑逗禁區 蕾絲性感丁字褲 (白),嚴選細緻奢華蕾絲,580.0,2
8554331,【廠商直送】FEEASE深呼吸消菌除臭噴霧250ml-多款任選,消臭 芳香  衣物除菌,580.0,2
8504050,【廠商直送】Ladoore蕾朵兒 初戀詩篇 法式蕾絲精品小褲,L'adoore 初戀詩篇 法式蕾絲精品小褲,580.0,2
7085570,時尚短夾包-3款任選,簡約自我潮流風格多功能夾層滿足收納需求質樸工藝經典皮革,580.0,2
7746132,【廠商直送】Ladoore蕾朵兒 環遊世界 蕾絲大腿襪-2色任選,L'adoore 環遊世界 蕾絲大腿襪,580.0,2
7098772,TUNEMAKERS AHA原液角質對策水120ml,角質對策水，使用後帶有剛好的清涼感，水狀質地清爽無負擔。,580.0,1
7281693,呂 滋養韌髮人蔘染髮劑-5.0紅棕色,染髮不只同時保護秀髮與頭皮，還可滋養秀髮,580.0,1
7368888,Moonlight 進化版茶樹控油洗髮精 400ml,3大控油精華 讓頭皮飛起來的清爽感,580.0,1
7832835,艾杜紗高機能毛孔淨透凝膠EX_165g,4713410900308,580.0,1
7957695,TUNEMAKERS毛孔淨化蒟蒻洗顏粉8g,蒟蒻天然親膚性，吸附毛孔多餘油脂，加入日常洗面乳使用，清潔黑頭粉刺效果加倍,580.0,1
7436745,貼利膚防水皮膚保護膜50ml,4712244010511,580.0,1
7281689,呂 滋養韌髮人蔘染髮劑-7.0橘棕色,染髮不只同時保護秀髮與頭皮，還可滋養秀髮,580.0,1
7502409,高露潔Cushion Clean牙刷-螺旋煥白,"\"\"\"螺旋型亮白*刷毛更有效幫助拋光、亮白牙齒.",579.0,7
7122461,成功塑身迷你彈力帶(2入),雙拉力可自由搭配 適合深蹲、抬腿、拉筋，輕薄好攜帶,578.0,7
7823410,麗仕植萃香氛沐浴露550g-仙人掌與雪松,4種美容級玻尿酸鎖水精華，全方位高效補水美肌,578.0,3
7278425,麗仕水嫩亮白香水沐浴露550g-藍風鈴,"氣質藍風鈴香氛, 引你走進神秘夢幻的森林秘境",578.0,3
7082766,Dr’s Formula 510妝模作樣洗髮精600g,拒絕毛躁蓬亂，重現順直柔亮,578.0,2
8561604,【廠商直送】挺立舒x連靜雯聯名款10片*2盒-多色任選,‧交談無阻礙–足夠的嘴部活動空間，讓交談變得輕鬆,578.0,2
7832701,SHILLS很耐曬超清爽維他命防曬冰鎮噴霧_金,4713696629047,578.0,2
7097356,濱田大阿蘇甘露醬油300ml,以日本九州醬油為基底調製，甘甜的醬油，對抑制生魚片腥味的效果明顯，並能襯托魚肉本身的鮮甜風味。,578.0,2
8495708,沛特斯茶樹複方控油洗髮精550ml,韓國研發製造，100％安心植萃配方,578.0,2
7254158,Caravan打薄剪刀1入,"\"\"\"可搭配披肩及梳子輔助使用。",578.0,2
7266016,RR完美捲翹睫毛夾1入,輕輕一夾就捲翹!廣角弧度貼合眼窩，,578.0,2
8613132,Za快樂野餐眼影盤4.8g (多款任選),Za2023春夏彩妝-快樂野餐,578.0,2
7434874,PLAYBOY 男款兔頭隱形襪3雙入-多色任選,高含棉量有助吸濕，保持乾爽,578.0,2
7833050,卡樂比富果樂減糖麥片350g,4901330746056,577.0,3
7522444,Solone精巧眉睫刷,螺旋刷頭輕鬆梳理眉流、均勻眉彩，創造自然漸層眉。,576.0,12
7108604,節奏簡約風1.0中油筆 B114(6入) -3款任選,1.0mm藍紅黑滑順又好寫，真心推薦值得入手,576.0,12
7108606,SKB自動中油筆0.5 (12入)-3款任選,按鍵式自動原子筆，,576.0,6
7398247,甘百世榛果巧克力168g,"柔綿極緻,令人鍾情著迷",576.0,4
8223218,聰明益智卡3-大魚吃小魚,本產品是一款幼教知識卡牌，讓孩子在遊戲過程中得到樂趣的同時增加對海洋生物的認識、單詞的拼寫能力、記憶力和手眼協調能力。益智教育遊戲在限定的時間內，激勵玩家不斷地挑戰自己，不管大人小孩都可以參與，趕緊來體驗這款卡牌的多種遊戲方式，測試自己的反應能力水平吧！,576.0,4
8590376,寶可夢 角色究極大圖鑑,內容共24頁，還有兩大張豐富的最新寶可夢大集合的貼紙。快來擁有它吧!,576.0,4
8336224,【廠商直送】RICO baby有機天然洗衣皂－金盞花*3入,通過無皮膚刺激Ellead測試,576.0,3
7143824,捏捏樂小麥黏土：12色,激發孩子創作潛力、並豐富其想像力！,576.0,3
7799990,東文 BP-1B 蝴蝶結中油筆(24入)-多色任選,流行蝴蝶結造型,576.0,2
7072836,待刪除-優您事動物衛生套12入-激凸蝴蝶顆粒型,來自歐爸的最愛,576.0,2
7288956,思波綺 TSUBAKI 艶澤精油 60ml,兼具7項機能的多功能護髮油。損傷修護×保濕×亮澤×解決分岔×抗紫外線×隔熱保護×整髮造型。,576.0,2
8565010,六層紗小方巾4入(各款各一),可愛的圖案,575.0,5
7567755,CAT刺繡小方巾-3入,100%純棉材質,575.0,5
7818257,A.P雨傘經典女船襪2雙入-多色任選,彈性調節襪口，耐穿不易鬆脫,575.0,5
7159704,BVD懷舊細針低口直角女襪2雙入-多款任選,"採用細針精製,透氣、舒適90度直角低口,服貼踝部",575.0,5
7440345,龍角散香檬草本喉糖80g,4987240609759,575.0,5
8274162,樂品C型環熱蒸氣眼罩4入-清新洋甘菊,C型設計，避壓眼球,575.0,5
7108485,3M無痕雙面膠條GT包-小型,使用3M獨家專利無痕膠條，黏貼時粘著穩固，去除時不傷粘著表面，不留殘膠。,575.0,5
7078002,前田製果乳球小粒蛋酥,日本原裝進口,574.0,7
7559019,I am Okay 半透明大筆盒,造型簡單,572.0,11
7425223,小兒利撒爾Quti軟糖(檸檬C)10顆,4716511021200,570.0,15
7832574,棉花共和國 CR 抗菌女用生理免洗棉褲3入,"嚴選材質舒適好穿,清爽透氣",570.0,6
7108447,3M百利菜瓜布隨手掛架組2片裝-餐具專用海綿,餐具專用海綿菜瓜布,570.0,6
7288646,御衣坊氧化鋅抑菌防護洗衣精2000ml,對皮膚無刺激性,570.0,6
7324342,綠鐘專利附膠頭刷耳扒,清潔耳朵內部污垢。,570.0,3
7944797,AROUND ME煥白身體去角質霜200ml (兩款任選),韓國製造  AROUND ME 甜柚乳油木果煥白去角質霜,570.0,2
8025734,ROSE IS A ROSE 鏤空光面耳骨夾3入組,,569.0,3
7104954,NATIO新生修護精華30ml-玫瑰精粹,添加純淨的玫瑰水與多種天然植萃精華成分，蘊含多種維生素與具抗氧化功效的單寧酸，提供肌膚豐富養分，達到持久保濕、柔嫩光滑的亮顏效果,569.0,1
7105853,多芬玫瑰水嫩沐浴乳1000g,蘊含大馬士革玫瑰與蘆薈精華,568.0,4
7426583,李施德霖薄荷除菌漱口水1+1(500+250ml),4712818295030,567.0,3
7377621,日式撞色抽屜盒-大20*10*20cm(多色任選),頂部卡槽底部凹槽穩故不傾倒,567.0,3
8495623,Cosmolive靜謐冷製手工皂100g薰衣草,歐洲製造手工皂,567.0,3
7432379,寶王護髮式染髮霜5.5G濃栗色40g+40g,4987234130108,567.0,3
8155443,泰國皇家竹酢足貼10片,生薑驅寒祛濕，去除身體濕氣。,567.0,3
7427354,日本獅王奈米樂超濃縮抗菌洗衣精補充包900g,4903301293248,567.0,3
7386871,BCL早安面膜5枚入-麝香葡萄聯名款,榮獲日本雜誌 i-VOCE 開架護膚品第一名,567.0,3
7432632,麗白薏仁高保濕化妝水500ml藍瓶,4513574029354,567.0,3
7298756,花王New Beads植萃香氛洗衣精780g-鈴蘭,"純淨鈴蘭香-凝結鈴蘭五分綻放的美好霎那,如同漫步在森林般的清新怡人  *添加天然來源植萃香氛精華",567.0,3
7272444,RICO316不鏽鋼折疊餐具組,組合餐具：湯匙、叉子、刀子，露營野餐，居家使用皆適合。,567.0,3
7832624,碧菲絲特Q10即淨卸妝棉46張入,4902806433616,567.0,3
7796732,舒酸定強化琺瑯質溫和亮白牙膏110g,適合想保護琺瑯質且美白牙齒的你,567.0,3
8065942,麗仕柔亮直順潤髮乳650g-2022版,全新配方 奢寵秀髮 髮絲光澤柔順,567.0,3
7114794,綠的抗菌沐浴露1000ml-洋梨小蒼蘭,"清新梨香搭配小蒼蘭花香,清新優雅,令人舒服。",567.0,3
7816693,LuLuLun高效保濕面膜升級款7入,4582305068856,567.0,3
7298832,Cucute噴槍型泡泡洗碗精300ml-多款任選,"來自日本的究極洗淨力,日本洗碗精第一品牌Cucute,產品力獲得消費者高度肯定。",567.0,3
7097868,舒妃髮質傷害急救菁露150g,強效的緊急修護調理功能,567.0,3
7432373,Unimat Riken馬油豆乳化妝水500ml,4903361862965,567.0,3
7402718,護2代透明椅腳套8入,"1.PVC彈性材質 ,減震耐磨好拖拉",564.0,6
7403811,MANUP近江水鏡菁粹潔顏皂100g新,4562227459918,564.0,3
8586145,待刪除-【廠商直送】Tangle Teezer王妃梳 里茲吹整梳-薄荷綠,英國專利護髮梳，熱銷全球,563.0,1
8586151,待刪除-【廠商直送】Tangle Teezer王妃梳 里茲吹整梳-粉色,英國專利護髮梳，熱銷全球,563.0,1
8589938,待刪除-【廠商直送】Tangle Teezer王妃梳 劍橋完美梳-粉嫩紅,綁馬尾、盤髮髻做造型梳髮神器,563.0,1
8589934,待刪除-【廠商直送】Tangle Teezer王妃梳 劍橋完美梳-黑曜石,綁馬尾、盤髮髻做造型梳髮神器,563.0,1
8589931,待刪除-【廠商直送】Tangle Teezer王妃梳 劍橋完美梳(新)-墨黑,綁馬尾、盤髮髻做造型梳髮神器,563.0,1
7425200,LOTTE_檸檬C糖,8801062221974,560.0,20
8533560,坐姿兔-12cm-顏色隨機出貨,"絨毛材質 ,柔軟舒適",560.0,5
7435409,凱婷零瑕肌密遮瑕膏3g_明亮膚色,4973167249246,560.0,2
7648639,VISEE柔暮氣墊眼線液筆-多款任選,點綴柔和暗暮色調，實現自然隨性雙眸的眼線液筆。,560.0,2
7433244,MELLSAVON洗面慕斯150ml_草本,4560249795168,560.0,2
7633437,PERFECT新香氛LED薰香機-多款任選,"本機可產生霧氣,讓水氣加上精油混合讓室內充滿香氣,亦配合小夜燈多段顏色變化,營造浪漫氣氛,製造香氛好氣味.",560.0,1
7869743,地球儀(8吋),繁體中文標示，資料詳盡,560.0,1
7432723,JUSO KURO PACK 2分鐘去黑頭粉刺泡泡奇蹟鼻膜,4573164181107,559.0,1
8245247,【廠商直送】日本John’s Blend 5+全效滋養防靜電保濕噴霧200ml 麝香櫻花,造型前保濕噴霧,559.0,1
7433087,Relove_男性專用私密潔淨凝露涼感_英倫紳士,4712933173442,559.0,1
7611110,妮維雅水感極護防曬凝乳70ml-清透保濕,"NO.1德國領先防曬科技:全球NO.1防曬品牌、超過80年德國領先科研,全面防禦UVA/UVB紫外線,並能抵禦穿透力強的長波UVA,預防曬黑、曬傷、曬斑、曬老等問題",558.0,2
7433105,向日葵順柔修護洗髮精500ml,4901417701008,558.0,2
7323663,韓國ShowerMate微風如沐沐浴乳1200g-沁萊姆,天然成分產生的綿密泡沫，放心洗淨。,558.0,2
7083929,海倫仙度絲男士0%矽靈洗髮乳-有效淨透500ml,"專為男士+設計,微米泡沫融匯海洋礦物,去屑去油止癢。",558.0,2
7144083,BONE 手機泡泡綁二代-L-5款任選,1.原創四角防撞設計,558.0,2
8090135,樂扣樂扣第二代耐熱玻璃保鮮盒長方形630ML,採用耐熱400℃玻璃材質，烹調保鮮一手包辦,558.0,2
8245925,無印風浴室防滑墊-78x35cm-多色任選,可裁剪， 浴室、室內皆可使用,558.0,2
8079097,海倫仙度絲去屑洗髮乳1.2L,,558.0,2
7646654,森田藥粧身體去角質凝露250g-蘆薈清新,清潔、滋潤、平衡條理肌膚,558.0,2
7646655,森田藥粧身體去角質凝露250g-Q10水亮,柔滑水嫩、淨白透亮肌膚,558.0,2
7224924,好好用舒壓棉麻地墊/40*60cm(顏色隨機出貨),天然橡膠至坐回彈性佳,558.0,2
7422031,猫狗-Amo Petric酪梨油潤鼻膏10ml,純天然有機植物萃取精華，溫和高效能,558.0,2
7253800,妮維雅男士煥膚保濕乳液50ml,不添加酒精、色素、礦物油、硫酸鹽,558.0,2
7231461,316綠貝Yum!不鏽鋼隔熱碗-多色任選,"頂級316材質,防鏽耐用更升級",558.0,2
7612181,吸護4D立體成人醫用口罩10入-牛仔藍,三層結構使用安心,556.0,4
7723277,STM隨身攜帶梳三入組-913+914+062,輕巧攜帶，尖尾分線，靜電防止,556.0,4
7937680,韓國LABUTE天天滋養面膜-5入 (多款任選),專為乾燥缺水肌膚問題設計，使用多種保濕成份提煉而成的高濃度保濕精華液，長效保濕直達肌膚底層，使肌膚水嫩透亮，維持肌膚油水平衡，調理肌膚角質及改善毛孔問題。,556.0,4
7273234,沙威隆男性抗菌沐浴乳- 保水平衡670ml,沙威隆淨味控油沐浴乳,556.0,4
8507032,刷樂益生菌漱口水600ml-舒緩口乾,每瓶含100 億菌株LP益生菌,556.0,4
8546136,雪蕾兒-絲光感親肌褲(F),,556.0,4
8022280,蘇菲彈力貼身衛生棉4入,,556.0,4
7638896,蠟筆小新-潛水布水壺袋-四款任選,具有防震.保溫.彈性效果,556.0,4
7132817,OTTOGI韓國不倒翁韓式正Q冬粉500g,口感滑順不易斷 是火鍋必備佳品,556.0,4
7111980,雅絨/柔舒運動巾-4色任選,"超柔親膚觸感,舒適,吸水",556.0,4
7136247,美琪抗菌沐浴乳680ml-茶樹,草本茶樹精油自然溫和,556.0,4
7835406,美吾髮白茶茉莉馨香沐浴露700ml,白茶茉莉精萃 珍珠精萃,556.0,4
7668851,Persil寶瀅3合1洗衣膠囊13入,百萬去污因子,556.0,4
7581255,萊悠諾香水珍珠洗衣膠囊盒裝15顆-多種任選,全新微膠囊留香科技，智慧鎖香因子   獨特微膠囊包覆技術，將酵素、淨白、抗菌、香氛、柔軟完整包覆在球體      一顆超濃縮 六效合一 抗菌 潔淨 香氛 亮白 柔順 護色,556.0,4
8208895,Burt’s Bees護唇膏4.25g- 小朋友無香精護唇膏,前所未見的奇妙新滋味,556.0,4
7105606,5125竹碳洗臉巾-3入,添加竹碳纖維成份,556.0,4
8088302,彼得兔鑽石毛巾-多色任選,正版比得兔授權，標籤上皆附有防偽雷射標籤,556.0,4
7523188,P&G_JOY噴霧式泡泡洗碗精300mL柑橘,4902430841078,556.0,4
7286098,Pril淨麗小蘇打高效洗碗精補充包1000ml-檸檬,小蘇打獨家配方 +40%*UP高效清潔,556.0,4
8027984,拭拭樂醫療級 4D立體口罩(未滅菌)12枚,,556.0,4
7545603,禾木豬鬃毛洗澡刷41cm,,556.0,4
8544486,【廠商直送】FRESA-真空微波保鮮盒1.4L,獨家專利抽氣閥延長7倍鎖鮮,556.0,2
7811801,Curél潤浸保濕屏護力BB乳(自然膚色)30ml,擁有粧前飾底、潤色與防曬三重功效,556.0,1
7811864,Curél潤浸保濕屏護力BB乳(明亮膚色)30ml,擁有粧前飾底、潤色與防曬三重功效,556.0,1
7403703,日進Leader螺旋紙軸棉花棒200支,4955574821147,555.0,9
7053652,刷樂超細滑潔舌牙線棒散裝量販包,新型3D潔舌功能設計,555.0,5
7882534,Forever Young我心永恆戒指組5入-多款任選,真愛自由，無憂無懼。日月星辰，我心永恆,555.0,3
7105733,樂扣樂扣純淨抗菌保鮮盒/600ML/長方/淺灰/B1C9,上蓋密封矽膠圈可拆洗，防止膠條發霉,555.0,3
7122303,GATSBY柔軟護髮慕絲185g,1.泡沫式慕絲，迅速均勻包覆髮絲,555.0,3
7090135,高露潔360度牙刷2+1入超值組,•  頰面/舌頭潔淨軟膠,555.0,3
7053454,JAEWON激安殿堂竹鹽海苔12入,韓國原裝進口,555.0,3
7832691,日藥本舖醫用平面口罩25入翠藍,4713072040862,553.0,7
7137959,Ora2me微觸感牙刷-超軟毛(隨機出貨不挑色),微觸感系列的刷毛更柔軟更細緻，不論對牙齒或是牙齦都能有溫柔的使用感。,553.0,7
8541741,吸濕排汗3倍減壓氣墊船襪-L-多色任選,萊卡彈力襪口舒適不勒,553.0,7
7944697,艾森絲凝膠指甲油 (多款任選),配方再升級，更快乾，更持久,553.0,7
7961595,樂品髮捲神器2入組,90度廣角好上手，一體成型不鬆脫,553.0,7
8165370,2023 雙色事務型桌曆-50K,簡約雙色設計,553.0,7
7572178,MB_可愛造型發熱暖手寶_可換芯款,4712876603198,553.0,7
7619221,DARLIE好來密泡炭潔牙刷,約 3.5X 絨感密毛、先進高密方型植毛科技.,553.0,7
8224702,VOLA 百搭撞色雙層-多色任選,襪口舒適包覆不勒腳、不鬆垮,553.0,7
8542649,吸濕排汗3倍減壓氣墊1/2襪-L-多色任選,萊卡彈力襪口舒適不勒,553.0,7
8515886,正韓抓夾梳子黑-3.5公分,,553.0,7
7183604,蘇菲極淨肌天然草本抑菌潔翼18片23cm,含兒茶素精華 抑菌日台雙認證,553.0,5
7229038,我的心機大馬士革玫瑰美白嫩膚足膜1入,玫瑰花氣味添加，在香氛中享受保養,552.0,8
8122347,法柏城市香氛包3入,採用歐洲進口高級香精油,552.0,8
7426684,日本獅王勁倍白牙膏120g,4903301186403,552.0,8
7307917,Lumina局部加強型睫毛夾,1.眼尾局部需要加強捲翹度時即可使用。,552.0,8
7111992,雅絨/掛式擦手巾-款式隨機,"快速吸濕,速乾清爽,親膚舒適",552.0,8
7931911,青梅之家青梅精軟糖40g,,552.0,8
7305046,LuminaSBR海綿(五角形)12入,水粉兩用，輕巧，方便攜帶。,552.0,8
8500685,巧虎直版襪-9-14cm-多款任選,手感柔順.透氣吸汗,552.0,8
8018433,韓國襪毛茸茸大眼睛中筒襪-多色任選,"韓國製造,大廠出品",552.0,8
7952699,韓國童三麗鷗彩底小頭中短襪-多色多尺寸任選,卡通必備,552.0,8
7540330,animo植物清爽香皂80g×3P,4571113806965,552.0,8
8239011,CHIC CHIC日本造型抓夾-貓 兩色任選,跟著日本流行趨勢走~~,552.0,8
7044760,花仙子去味大師備長炭(冰箱專用)150g,添加日本植物消臭因子,552.0,8
7096103,花仙子去味大師鞋櫃消臭易-備長炭 60g*2入,備長炭強力消臭,552.0,8
7961578,樂品多功能髮捲組25mm2入*2組,可拆分，髮捲髮夾兩用更自由,552.0,4
7441374,百搭縲縈襪套2雙入-灰+粉,"舒適觸感 ,吸汗透氣",552.0,4
7441377,百搭縲縈襪套2雙入-綠+黑,"舒適觸感 ,吸汗透氣",552.0,4
8552231,BROWN&FRIENDS夜燈藍牙真無線喇叭-多款任選,可配對STEREO立體聲,552.0,1
8278765,IM非乳膠水光雙面粉撲2入-細節修飾款(新舊包裝隨機出貨),●雙面可用，超軟Q速上妝,550.0,10
7239014,靠得住冰爽衛生棉15片28cm(新舊包裝隨機出貨),10分冰爽感，體驗前所未有的冰涼舒適,550.0,5
7133067,多功能可提附蓋收納箱-中-2入,加蓋防塵，堆疊好收納,550.0,5
7059997,施巴5.5嬌顏卸妝乳200ml,pH5.5維持肌膚健康，膚質越卸越水潤！,550.0,1
7099545,萊雅完美淨白粉嫩透白修護晚霜 50ml-2022版,全新修護晚霜添加獨創美白成分-雙效去黑因子,550.0,1
7108635,CLAYGE海泥潤髮乳S系列500ml-蓬鬆柔順,猴麵包樹精華、葡萄多酚為頭髮賦予柔順彈性與光澤,550.0,1
7433152,&honey蜂蜜亮澤修護髮油100ml,4589546890796,550.0,1
7089843,Dr. Groot養髮秘帖洗髮精385ml-麝香香氛,不添加矽靈、Sulfate硫酸鹽界面活性劑的溫和配方,550.0,1
8134000,【預購】MOROCCANOIL優油保濕水潤洗髮露250ml,9200000000611,550.0,1
8236996,日本高基能納豆激?EX膠囊30粒,,550.0,1
7568873,NOKIA  PD+QC車充-42.5W,PD/QC高速輸出，充電速度快人一步,549.0,1
8617193,【廠商直送】超速乾男船襪12雙入-漸層-黑+丈,台灣製造,549.0,1
8608334,【廠商直送】KINYO簡約夜光LCD電子鐘,時尚簡約設計,549.0,1
7944444,【廠商直送】抗菌消臭透氣五趾襪4雙入22-26 2色任選,抗菌科技纖維，通過SGS抗菌認證測試，,549.0,1
7949703,JINYU 吸濕排汗3倍氣墊素面1/2襪12雙入-黑,襪口舒適不勒腳,549.0,1
8488992,【團購廠出】太空人星空投影燈+贈馬卡龍內耳式耳機麥克風,4種燈光模式-冷白光、藍光、黃光、三色漸變，隨喜好調整。,549.0,1
8516560,Hair Recipe米糠溫養洗髮精/護髮素350ml,,549.0,1
8133002,Saborino速乾潤澤甦活洗髮精400ml,為配合現代人的忙碌步調，添加硬脂基二甲基銨羥丙基水解角蛋白，讓護理頭髮輕鬆快速，同時修護毛燥秀髮。,547.0,1
7403981,Pelican澀柿潤澤美膚皂-加強版80g,4976631477961,546.0,14
7327033,靠得住草本抑菌衛生棉12片28cm(新舊包裝隨機出貨),Kotex 靠得住 草本抑 菌 乾爽新升級,546.0,7
7434151,KANGOL素色女短襪-多色任選,經典時尚造型,545.0,5
8226322,御衣坊濃縮防霉香水洗衣精1.8L-陽光,BKC抗菌因子有效擊退霉臭,545.0,5
7091908,呦皮潛堡包QQ軟糖56g,可當便當盒使用,545.0,5
7426463,小林製藥可亮維眼鏡清潔拭鏡紙20入,4987072059104,545.0,5
8117122,Quality1st超保濕面膜7枚,4560401460941,545.0,5
7986065,韓風船襪3雙入裝-食物系列,純棉柔軟舒適,545.0,5
7790589,艾絲特髮巾-多色任選30x80cm,多款細纖維洗浴用品,545.0,5
7869116,樂品美體腳正超輕量增高鞋墊3.5cm,長直美腿，隱形增高,545.0,5
7404064,LOSHI天然馬油保濕潤膚乳液200ml,4936201105649,545.0,5
7660962,普惠醫用口罩成人韓版10入丹寧藍,4712123642680,545.0,5
8386377,YABY-水壺提揹2用袋-兩色隨機出貨,牢固手提把.面料耐用耐洗,545.0,5
8137395,美琪香皂85g6入,頂級橄欖油精華，豐富滋養，肌膚自然柔嫩,545.0,5
7772713,大王Puana純淨然酒精濕紙巾42抽,獨家技術無添加*配方10大無添加,545.0,5
8521400,一匙靈抗菌EX抑菌柔衣精瓶裝520ml-白,,545.0,5
8602686,好麗友香烤洋芋片量販盒 起司/洋蔥 204g,,545.0,5
8098620,簡單工房極超細纖維浴巾/毛巾/方巾-藍,,545.0,3
7322673,Pentel飛龍 金屬自動鉛筆P365(泡殼裝)-兩款任選,特規低重心自動鉛筆 (可製圖用),544.0,4
8276860,Za新魔睫-絕對捲翹睫毛膏,針對亞洲眼型開發，刷出濃密捲翹睫毛,544.0,2
7797355,(已結束合作)Rimmel 倫敦芮魅 純淨透潤長效控油粉餅 (多款任選),敏感肌適用,544.0,2
8245824,【廠商直送】露奇亞蔓越莓益生菌20入,體內菌群酸鹼平衡，維持私密健康,544.0,1
7099584,珂潤Curel潤浸保濕身體乳霜90g,專為乾燥敏感型肌膚設計,544.0,1
7069743,MOTO噴瓶100ml-耐酒精HDPE,分裝液狀品，可噴出霧狀。,540.0,12
7122300,GATSBY髮腊15g-超強塑型攜帶型,1.超豎立，持久站立不塌,540.0,6
7146222,貝思寶兒蜜桃果茶330mlX6入,蜜桃含有豐富的鐵，是血液細胞形成所需的重要元素，有助於改善貧血。因為其本身的特性及益處，讓它在市場上的定位較為昂貴，也被認為是優質水果之一。,540.0,5
7243491,可伶可俐毛孔潔淨洗面露 100g,獨特雙效配方—蘋果萃取精華及細緻柔珠能深入毛孔，軟化並帶走頑固黑頭，徹底清潔毛孔，預防黑頭再次形成,540.0,5
8612628,點胭脂胖水滴papai拍拍海綿,• 懶人首選︱直接乾用不沾水，雙手一攤放置Play也不怕發霉。,540.0,4
7798425,寶可夢小方巾3入20*20cm,成分：100%棉,540.0,4
7278905,好來全亮白極緻牙膏120g-多款任選,"淨白提亮: 細緻亮白微粒,煥發牙齒淨白光澤,同時呵護琺瑯質",540.0,4
7433066,日本UTENA佑天蘭_極緻潤澤護髮霜,4901234377127,540.0,4
7341203,上山採藥乳油木果極潤護手霜 60ml,添加有機乳油木果油、仙人掌萃取與櫻花萃取等十七種植萃成分,540.0,4
7155976,林玟誼 x ARTiS di Voce 指甲油 (10款任選),氣質暖心戲劇甜姐兒<林玟誼>指定色,540.0,4
7097410,福艾酒精棉片(厚)100入(韓國製),單片裝,540.0,4
7326175,Lumina瞬吸日本黏取式吸油面紙-5入,特色：,540.0,4
8051468,YBC安多利香草味夾心餅148g,4903015162014,540.0,4
8082900,VOLA 消臭1/2色塊2雙入-丈XL,瑞士專利除臭紗抑菌消臭,540.0,4
7087769,歐森好立善鎂300發泡錠20錠,鎂有助於醣類代謝、有助於身體正常代謝，並有助於心臟、肌肉及神經正常功能。助於調節身體機能、幫助入睡、放鬆壓力。,540.0,3
7440260,DHC維他命E(30日份)30粒,4511413803172,540.0,3
7433246,KIMIKIREI肌美綺麗玻尿酸沐浴乳480g,4710186360183,540.0,3
7105522,Batiste秀髮乾洗噴劑50ml淡雅花香(新舊包裝隨機出貨),英國原裝進口，熱銷64多國,540.0,3
7832805,Bandai迪士尼家族入浴球II75g,4543112786333,540.0,3
7661022,1028淨嫩肌雙層保濕卸妝水,4711064390926,540.0,2
7931988,青梅之家Gaba桑葉茶10入,,540.0,2
7433228,日本芮芙茹零矽靈養護洗髮精_護色修復500ml,4560314703326,540.0,2
7440311,渡邊維他命D400IU膜衣錠120T,4714421807877,540.0,2
7083855,型色家超級Q捲捲乳180ml,加強捲髮髮絲支撐力,540.0,2
8589918,待刪除-【廠商直送】Tangle Teezer王妃梳 英倫手握梳-粉色,英國專利護髮梳，熱銷全球,540.0,1
8615900,EDGEU凝膠美甲貼-設計款612 PLEASURE TULIP,純白的白色糖漿色,540.0,1
7097412,中衛優碘棉片12片裝,12片裝,539.0,11
8237514,UFC超潔淨牙刷小刷頭_一般毛1入,,539.0,11
7256400,J-lin隱形立體印花貼-自然隱形款(40枚),向那些容易漏餡的雙眼皮貼說bye，換上J lin雙眼皮貼開啟你的桃花眼,539.0,11
7083770,歐洲Barwa綠橄欖滋養柔膚美肌皂100g(新舊包裝隨機出貨),不含動物成分,539.0,11
7523665,利捷維有酵維生素B群C錠60錠,4713575130992,539.0,1
8037543,樂品極淨水香氛浴蓮蓬頭,304不鏽鋼面板,539.0,1
7098788,統欣生技乳酸菌30入,八大不同的乳酸菌種 ，讓您輕輕鬆鬆，幫助維持消化道機能。,539.0,1
8051058,利捷維有酵超級B群膜衣錠60錠,4713575132323,539.0,1
7351670,上山採藥茶樹粉痘調理卸潔慕斯150ml,"超微米綿密泡沫,分子更細,可深入肌底深層控油加倍潔淨",538.0,2
8126150,聖岡日式小型多用途電子秤3kg,精巧迷你型 使用不占空間,538.0,2
7432481,牛乳石鹼無添加卸妝油150ml,4901525958301,538.0,2
7670516,日本毛穴小町毛孔緊緻面膜7入,封面與人氣插畫家Yasuna合作,538.0,2
7083780,E.S.T.喚活橄欖花頂級液體皂500ml,VEGAN 素食認證,538.0,2
7432741,UNIMAT RIKEN珍珠白金保濕面膜5枚,4903361863177,538.0,2
7105749,樂扣樂扣PP多功能水壺2L,半透明瓶身設計，輕鬆分辨飲品。,538.0,2
7665787,CINQUAIN思珂 3D立體雙頭眉刷塑形筆,用水沖刷眉色依舊不脫妝,538.0,2
7053417,自白肌浸透玻尿酸化粧水250ml,效多功獨特玻尿酸保濕科技,538.0,2
7816930,碧菲絲特清爽即淨卸妝水400ml,,538.0,2
8581835,環保棉色織雅格腰靠墊-多色任選,,538.0,2
7170724,護妍天使高效制痘水楊酸添加組,抗痘凝膠10g:,538.0,2
7432740,UNIMAT RIKEN蘆薈維他命保濕面膜5枚,4903361863191,538.0,2
7432499,Seborin三效咖啡因抗屑洗髮乳250ml,4015000982238,538.0,2
7431742,晶瓚簡約輕食和風木盤-中,可當食材配料盤、點心盤、擺飾盤、餐盤等等,538.0,2
7538579,古寶無患子沐浴露500g-薑萃賦活,來自大自然的無患子皂素，含有豐富的細緻泡沫，溫和洗淨肌膚的髒污及油脂。,538.0,2
7404082,MarrieneSosu美足去角質膜-薰衣草(2回分),4582174740686,538.0,2
8577910,卡翠絲艷陽熱吻多功能刷,可站立的多功能刷，造型特殊且手握方便，如此優雅。,538.0,2
8525996,水舞醫用兒童口罩30入-耶誕泡泡龍,3D小童款，寶貝安心出去玩~,538.0,2
7568862,DIKE 鋅合金智能斷電快充線 Type-C-1.5M,智能斷電防護,538.0,2
7824260,卡翠絲偷心高手霧面唇釉,超持久的卡翠絲偷心高手霧面唇釉，液體唇釉是一整天的理想伴侶，因為它持妝長達 12 小時。,538.0,2
7310314,刷樂專業護理漱口水750ML-抗敏感,Sensi-Care 成分 封阻牙本質小管,538.0,2
7665747,CINQUAIN思珂 就是不暈染絲滑眼線膠筆(濃烈極黑/煙燻咖啡),經實測防水力高達98%！,538.0,2
7336280,OTTOGI韓國不倒翁乾拌冬粉75g*4入,"最道地的韓式乾拌冬粉,加入了醬油湯汁、洋蔥、胡蘿蔔、白菜、香油,口感Q彈有勁,獨特的韓國芝麻油香,香氣四溢讓人食指大動,225kcal的熱量是拉麵的一半,不僅可以作為配菜,也可以作為代餐享用,輕食享受,低卡無負擔",538.0,2
7053659,刷樂專業護理漱口水750ML,CHG+CPC雙防護配方,538.0,2
7257978,三段除氯淨化蓮蓬頭,三段除氯淨化,538.0,2
8274211,蝴蝶結仿毛短版圍巾-多色任選,舒適保暖,538.0,2
8098996,簡單工房竹炭橫條浴巾-多色任選,,538.0,2
8089046,Nippon Seal 魔淨雙層紗窗刷,,538.0,2
8581817,迪亞麻棉腰靠墊-多色任選,,538.0,2
7404136,Deve超潤澤護髮乳-馬油椿油椰子油480ml,4513574025301,537.0,3
7105607,630-13亮星彩條毛巾-3入,100%棉易擰乾,537.0,3
7060296,3M軟式牙間刷60入-SSS-M,360度專利螺旋設計,537.0,3
7432782,SHILLS_女神香氛遊樂園身體乳_小蒼蘭,4713696626749,537.0,3
7661034,洗顏專科超微米極淨卸妝乳,4909978704513,537.0,3
7425760,塔莉雅兒童用護唇膏2.6g_葡萄,4904651186785,537.0,3
7593936,Malizia 香氛爽身噴霧100ML-多款任選,淡雅的迷人幽香，如催眠般帶來愉悅快感。爽身香氛噴霧小包裝好攜帶，方便攜帶隨時隨地補噴，瞬間能讓肌膚變得乾爽芳香。,537.0,3
8030848,PAUL FRANK醫療成人口罩10入-彩虹字母,親膚性纖維不織布,537.0,3
7041954,Catrice單色腮紅6g,"\"\"\"細緻絲滑的粉質，顯色好暈染",537.0,3
8178360,標準型塑膠擦 - 莫蘭迪色 (盒裝24入組),此商品與藍白格款式一樣材質，號稱國民橡皮擦,537.0,3
8509070,毛寶小蘇打洗衣液體皂2000g-防霉淨味,採用美國EPA公告有效的獨特病毒洗淨因子，並經台灣知名大學研究中心檢驗可洗淨冠狀病毒(229E),537.0,3
8176936,Su.Ju嬰兒潤膚油500ml-蘆薈E,添加蘆薈油及維他命E,537.0,3
7263823,媚點 細緻蜜粉餅(自然膚),紋理細緻，自然粧感,537.0,3
7306378,艾惟諾葡萄柚活力淨亮護手霜50g,葡萄柚果香 X 菸鹼醯胺淨亮,537.0,3
7253497,妮維雅止汗乳液美白精華40ml-百合,5天有感美白,537.0,3
7805794,A.P雨傘簡約舒適時尚平口褲-黑,高彈性腰帶 柔軟舒適無勒痕,537.0,3
7237228,A BONNE’牛奶亮白身體乳 500ml,白雪女孩養成計畫,537.0,3
8246922,OMORY職人可調式防潑水圍裙-軍綠,阻隔油膩，家用/營業用都適合。,537.0,3
7105938,日光生活-28夾晒衣架1入,可折疊設計，收納節省空間,537.0,3
7266775,R.R簡約風天然毛眼影刷組2P-845073,根據用途，選擇適合的優質刷具，可讓完成的妝容截然不同。,537.0,3
7105608,A630-1亮星竹碳彩條毛巾-3入,100%棉易擰乾,537.0,3
7371053,瑪榭防潑水觸控寬口手套-尺寸任選,防潑水面料，立體剪裁，服貼度佳,537.0,3
7796672,舒酸定長效抗敏清涼薄荷牙膏120g,給敏感性牙齒又想口氣清新的你,537.0,3
7353103,lavera長效保濕護手霜75ml-敏弱肌適用,快速吸收,537.0,3
8582371,電腦型遊戲機 - 顏色隨機出貨,,537.0,3
7050145,J-Lin UP20%大瞳自然隱形160枚,店內碼:2100009538141如何讓眼睛深邃有神，但又充滿清新感～,536.0,4
8544490,【廠商直送】FRESA-真空蒸煮微波保鮮盒1.2L,獨家專利抽氣閥延長7倍鎖鮮,536.0,2
7278915,高露潔小小兵兒童牙膏40g*3入(新舊包裝隨機出貨),臨床證實能有效幫助預防蛀牙及強化琺瑯質,535.0,5
8034830,御廚系-304不銹鋼濾茶匙,茶之幫手,534.0,6
8180227,絨毛 1/2少女襪 造型風線條-綠,絨毛材質穿著舒適,534.0,6
7278902,DARLIE好來兒童牙膏40g*3入(蘋果&草莓隨機出貨),"採用食物級原料,配合強齒成分,健康固齒",534.0,6
8250552,尼克石墨烯紳士棉襪-多色任選,使用黑金石墨烯素材,534.0,6
7432460,五洲藥品PapayaTogen桃源S入浴劑_森林香70g,4987332115144,534.0,6
7427885,巧思尖頭粉刺夾,特製尖頭粉刺夾,534.0,6
7069961,海龍王冰梅50g,酸！甜！Q軟開胃涮嘴,534.0,6
7041900,essence眉毛設計師(眉筆+刷頭)1g,滑順易上色，新手也好上手,534.0,6
7234277,瑪榭前後氣墊隱形足弓襪M-多色任選,毛巾底設計，減壓避震、適度緩衝,534.0,6
8185729,熊紗布方巾-2入組(27x28cm),100%棉，速乾,534.0,6
7425358,樂天小熊餅_濃黑巧克力風味,8852008304848,532.0,19
7425221,小兒利撒爾Quti軟糖(乳酸菌)10顆,4716511021101,532.0,14
7522426,Solone美拍氣墊粉撲,採用Rubycell高密度海綿，可讓粉底更貼合於肌膚上，呈現自然輕透底妝，輕柔細緻觸感，上妝更舒適。,532.0,7
8046368,Solone面面俱到上妝粉撲6入 扇形,,532.0,7
7149695,木槿花草本暖宮衛生棉10片日用24cm,草本天然植萃精油、強效抗菌,532.0,4
7105922,無染棉質柔軟沐浴巾,安心、無染色、無甲醛,531.0,9
8051277,HelloKitty超迷你濕巾8抽8包,4715664803411,531.0,9
7111972,GEMINI 方格紗布毛巾小方巾(24*24cm)-3款任選,100%純棉柔軟吸水,531.0,9
7108463,3M百利超吸水抹布單片包,特殊不織布材質，結構緊密不易掉絮,531.0,9
8237768,Kracie玫瑰軟糖32g,,531.0,9
7143638,木槿花悠涼草本護墊20片15.5cm,專利草本抗菌配方，清爽舒適抑菌，擺脫惱人的異味,531.0,9
7954121,韓國童滿版恐龍中筒襪-多色多尺寸任選,可愛圖案,531.0,9
7397805,小海豹-地板抗菌乾拖巾30張,柔韌材質不易破裂，清潔汙垢無死角,531.0,9
7426626,獅王細潔倍柔牙刷1入,4710530620215,531.0,9
7948148,韓國街頭塗鴉表情中筒襪-多色任選,可愛塗鴉,531.0,9
7407278,韓國大學T愛心小熊條紋中筒襪-多色任選,韓國襪子,531.0,9
8508133,Ora2me淨白清新漱口水460ml-櫻花薄荷,不含酒精、 不刺激的溫和配方。,530.0,2
7044477,上山採藥熊果素去角質凝膠 80g,熊果素能抑制黑色素形成，在去除老廢角質同時還能保養肌膚，還你白c美肌！,530.0,2
8013182,日式棉麻長門簾-兩款任選,佈置美化,530.0,2
7571592,【廠商直送】十翼饌呷巧好運高升點心禮盒450g,將滿滿的心意、糕點、好運分享給您最重視的人。,530.0,1
7809119,【廠商直送】VIIDA｜Joy便攜式矽膠圍兜(動物款II任選),大口袋設計，用餐食物不漏接！,530.0,1
7044850,BCL Saborino早安面膜32枚入-經典款,60秒喚醒肌膚，搞定洗臉+補水打底+保養。,530.0,1
7636339,【廠商直送】康朵五合一洗衣膠囊20顆*3盒-蜜桃玫瑰,潔淨、柔護、除臭、抗菌、香氛五效合一,529.0,1
7951939,【廠商直送】100D雕塑美體微透膚褲襪6雙入M-XL 2色任選,高彈性纖維編織，勾紗停損技術，觸感柔細，親膚耐勾,529.0,1
7636536,【廠商直送】奇檬子洗衣膠球44顆*2包-清新花香,潔淨、柔護、除臭、抗菌、香氛五效合一,529.0,1
7636757,【廠商直送】康朵馬桶長效除臭清潔霸320g*4瓶-小蒼蘭,獨特又美觀 超持久多次,529.0,1
7470957,珂莉帕妃海泥去角質凝膠300ml,4573202061064,529.0,1
7636601,待刪除-【廠商直送】康朵衣物防蟎香氛噴霧400ml*2瓶,薰衣草香氛 有效防塵螨,529.0,1
7636778,【廠商直送】康朵衛浴溝槽零死泡沫清潔劑 300ml*3瓶,奈米銀、光觸媒抗菌技術,529.0,1
8014282,美國棉晶格浴巾TSA592-68*137cm-多色任選,甲醛與福馬林通過CNS國家標準,529.0,1
8260148,思波綺新金耀瞬護髮膜粉嫩二入回饋組,,529.0,1
7425166,KIRIN午後紅茶_無糖紅茶500ml,4909411080891,528.0,16
7323117,Lumina長柄雙頭眼影棒15入,1.實惠多入數，用後即拋方便衛生。,528.0,8
7146220,樹頂100%純柳橙汁利樂包6入,新鮮天然如同現榨果汁,528.0,4
8566487,小手拍拍益智遊戲卡-搶拍數字王,本產品是一款幼教知識卡牌，讓孩子在遊戲過程中得到樂趣的同時增加對數字的認識、單詞的拼寫能力、記憶力和手眼協調能力。益智教育遊戲在限定的時間內，激勵玩家不斷地挑戰自己，不管大人小孩都可以參與，趕緊來體驗這款卡牌的14種遊戲方式，測試自己的反應能力水平吧！                              本系列有數字、動物兩款主題卡牌可供選購，為了增加遊戲的刺激性，可多副卡牌(增加更多人數和難度)來進行遊戲。,528.0,3
7170672,舒妃木槿護髮染髮霜-三劑#8咖啡黑(白染),100%覆蓋灰白髮 染髮同時護髮 植物添加完美護染,527.0,3
7250768,德國Bref馬桶芳香清潔球50g 3入,掛勾懸掛式設計，輕鬆安裝，更換簡單不沾手,527.0,3
7403974,Pelican乳霜香皂100g,4976631477626,525.0,21
7426266,快潔適黑色紙軸棉花棒200入,4713280946185,525.0,7
7108453,百利爐具/鍋具專用菜瓜布3片,有效清潔焦黑難洗污垢,525.0,7
7108446,3M百利多用途細緻菜瓜布海綿-雙面2片裝,好握造型更省力,525.0,7
8237733,甘樂鮮果實軟糖_皮卡丘與波加曼52g_限,,525.0,7
7570818,FarmStay超級食物雙效面膜5入組-紅蘿蔔,"含有 1,000 ppm 紅蘿蔔萃取物",525.0,5
8598897,威猛先生廚房清潔噴槍瓶500g-超強效+,專業Micellar淨油科技，像磁鐵般吸附油污，去油更快30%,525.0,5
7665251,艾諾琪-大師系列-M112小火苗暈染刷,用於眼影暈色及眉骨提亮，亦可作為修飾眼窩和鼻側影，打造自然漸層及陰影。,525.0,3
7274633,GATSBY持久定型腊80g,1.標準款髮腊,525.0,3
7122320,GATSBY自然造型腊80g,1.無光澤款髮腊,525.0,3
7071745,濱田熊本熊拌飯用醬汁150ml,使用日高產的天然昆布做調味，自然鮮甜的風味非常對台灣人的口味，搭配熱呼呼的米飯/丼飯最為適合，亦可用來料理各式雞蛋料理，為濱田暢銷產品之一。,525.0,3
7122321,GATSBY勁爆超能髮腊80g,1.強勁款髮蠟,525.0,3
7297881,化妝收納包-2色任選,分類收納/旅遊/出差,525.0,3
8586136,待刪除-【廠商直送】Tangle Teezer王妃梳 利物浦攜帶梳-玫瑰金黑,英國專利護髮梳，熱銷全球,525.0,1
7434940,萬特力肢體護具手腕黑色M,4972422030032,525.0,1
7522410,Solone安全美容修毛剪,輕巧設計，舒適握柄，好握易操作。,522.0,9
7213498,好自在Pure Skin超吸透氣棉10片24cm,五倍超吸 表層乾爽潔淨,520.0,8
7149789,POP POP 指甲油4.5mL,「今夜，指想微醺」，歡迎來到，NAILBAR 指甲吧！,520.0,8
7598686,韓國全版大臉蠟筆小新中筒襪-多色任選,有趣穿搭,520.0,8
7426320,Mdmmd新涼感抑菌衛生棉_涼感_夜用加長41cm,4712933908471,520.0,8
7598683,韓國滿版立體耳朵蠟筆小新中短襪-多色任選,卡通必備,520.0,8
7800098,東文黑色長尾夾-多款任選,高品質製造,520.0,5
7436803,金喜_日本手握式暖包24H10入,1.可達到24小時持續40度以上的溫度保暖 。,520.0,4
7523259,獅王PROTEC頭皮養護控油洗髮精300g,4903301231172,520.0,2
7563856,韓國IM UNNY淨透水潤潔面乳 120g,深入毛孔清潔 賦予肌膚柔滑觸感,520.0,2
7523707,CSD中衛醫療成人口罩30入月河藍_炫綠,4711908806781,520.0,2
7426538,貝利達_抗敏感牙膏,8017331048443,520.0,2
7718875,CSD中衛兒童醫療口罩30入櫻花粉,4711908881269,520.0,2
7098829,美吾髮葵花亮澤染髮霜-5A深栗,10倍葵花精華,520.0,2
7054681,渡邊綜合B群+鋅糖衣錠90粒,高單位、高劑量 一天一錠,520.0,1
7832917,艾杜紗水潤輕吻潤唇膏LE02_1.6g,4932554125914,520.0,1
7633434,熊寶寶LED大型加濕水氧機-兩色任選,"室內空氣乾燥,本機可產生濕氣,讓肌膚補水更Q彈,滋潤,亦配合夜燈營造浪漫氣氛,亦可添加少量精油製造香氛好氣味.",520.0,1
7427057,日本金鳥防蚊掛片150日,4987115544505,520.0,1
8030336,大王elis CLINICS衛生棉6片量特多40cm,專為經血量特多所研發的專用衛生棉,519.0,3
7410917,1028 淨嫩潔淨超值優惠組,1028 雙果酵應毛孔潔淨慕絲,519.0,1
8552023,DAISY DOLL柔光透亮粉底液28ml,"宛如在肌膚上罩上一層牢固的薄膜,不輕易掉妝",519.0,1
8282253,【廠商直送】日本John’s Blend 車用夾式擴香盒補充包(2枚/盒)x3入-多款任選,經典平價香氛,519.0,1
7433274,肌研極潤健康調理凝露90g,4719880086450,519.0,1
7432967,VeSS天然礦物質手感頭皮按摩梳HC_1200,4977084302923,518.0,2
7433050,SalonLink胺基酸洗髮精1000mL,4513574033740,518.0,2
7523429,MANUKARA麥蘆卡蜂蜜清潤化妝水500mL,4580667070678,518.0,2
8246964,角落刺繡釣魚手套-豬排海沙褐,最可愛的角落小夥伴陪你療癒過冬！刺繡工藝呈現可愛的角落小夥伴角色。,518.0,2
8051125,BIORICA植物精粹保濕化妝水1L,4550084019840,518.0,2
7576853,綠貝Tritan極速運動水壺700ml-多色任選,Tritan材質無雙酚A塑化劑,518.0,2
7266079,落健頭皮洗髮露200ml潔淨健髮配方,打造頭髮健康的環境落建獨特的親膚配方， 無添加矽靈、油蠟 等成份，能溫和洗淨頭皮毛孔，去除多餘油脂，讓頭皮清爽頭髮潔淨低負擔，回復自然蓬鬆。,518.0,2
7414975,Lilybyred 明亮持久眼線液筆,眼線液筆生產於日本高科技術配方好讓眼線液筆快速附著在皮膚上。,518.0,2
8274298,針織觸控發熱止滑手套-多色任選,舒適保暖,517.0,3
7353287,妙潔妙膜力保鮮膜30cm*120m,"\"\"\"密封力：包覆食材器皿，隨形貼合更緊密。",517.0,3
7050876,YUBICO 2in1護甲油 (12mL),★YUBICO專屬打造，指尖「大人美」。,516.0,4
8507108,我的心機玫瑰水嫩臉部去角質凝膠150ml,添加天然玫瑰花水，搭配傳明酸和蘆薈萃取，改善暗沉乾燥，溫和代謝老廢角質。,516.0,4
7104804,CHIC CHIC 日本造型大圈束-4款任選,跟著日本流行趨勢走~~高貴典雅，百搭精選,516.0,4
7113661,線條室內蓆拖-3色任選,「Vero＆Nique 維諾 妮卡」為精品室內鞋品牌，以時尚設計呈現出與眾不同的機能特性，不斷研發與創新，近年來更是積極的開發更加舒適的拖鞋，所以每款拖鞋都必須在「靜音」、「防滑」與「舒適好穿」的前提之下才能生產製造,516.0,4
7271694,造型寬髮圈針織麻花-黑,造型寬髮圈,516.0,4
7441148,台鹽護牙齦牙膏140g-抗敏感,草本漢方萃取,516.0,4
8090126,樂扣樂扣第三代耐熱玻璃保鮮盒圓形140ML/白,採用耐熱400℃玻璃材質，烹調保鮮一手包辦,516.0,4
7426159,MarieBella多功能氣墊美妝蛋2入,4712876601026,516.0,4
7634411,細絨洗顏髮帶領結-多色任選,快速塑起造型使用簡捷讓人更年輕,516.0,4
7094425,小蜜媞藥用防曬潤唇膏4.25g,防曬-SPF15有效阻隔紫外線,516.0,4
7252876,歐樂B深層潔淨牙線,不易斷裂分岔，能輕鬆滑入齒縫,516.0,4
8223436,【廠商直送】PROFUSION玩美極致絲滑脣釉,風格多變駕馭氣場，艷壓群場。,516.0,4
8121442,臺灣茶摳桃花嫩白滋養皂110g*3入,親膚的甜杏仁油，質地溫和，具有滋潤肌膚的功效,516.0,4
8117136,ORIHIRO蒟蒻果凍_義大利檸檬水蜜桃12入,4571157252216,516.0,4
8013294,TS6私密護膚柔濕巾10片-沁涼(2包入),專利益菌精華TS-2L,516.0,4
7171525,Le Pichet植萃藍風鈴香氛洗髮精500ml,平衡皮脂並適度舒緩調理油性頭皮，加強頭皮保濕屏障，補充髮絲水份及養分，洗後頭皮輕盈舒爽，水潤柔亮髮絲不乾澀，,516.0,4
7134978,心姬 海洋風夾心內衣洗淨袋,「夾心式」隔層網架，能使罩杯內部得到充份清洗,516.0,4
7362694,獅王細潔無隱角牙刷2入-紳潔頭,日本先進技術3.0mm超薄刷頭，更深入清潔智齒區之難刷窄位，搭配前端螺旋細毛全面潔淨智齒死角。,516.0,4
7356078,夢17泡泡染髮乳-魅力紅20ml*2,新配方添加草本精華溫合配方：指甲花、何首烏、摩洛哥核果油等。,516.0,4
7222134,樂扣樂扣夏日沁涼水壺/1.5L,不含塑化劑、雙酚A,516.0,4
7267004,R.R超柔化妝棉(純棉)72p-845476,嚴選柔軟蓬鬆棉花多層堆疊，不使用任何接著劑，使用水壓處理工藝，讓化妝棉層層固定。質地如絲般柔軟細膩，不會在肌膚上殘留纖維。適用於濕敷、拍打化妝水、擦拭肌膚。,516.0,4
7372098,百研-強效去汙清潔布2入-30x30cm,"超細纖維材質,質地柔軟不易傷表面。",516.0,4
7423084,山本漢方黑豆麥茶(10g/26袋),4979654025515,516.0,4
8126351,ANUAN-男刷毛褲,,516.0,4
8577759,雪蕾兒-日系小碎花褲(F),,516.0,4
8212567,【廠商直送】Catchmop多用途神奇拖把專用拖把布,採用高精度複合面料製成,516.0,2
7275813,夢17染前頭皮隔離液,染燙髮護理第一步,514.0,6
7245630,OMORY-北歐風可愛鯨魚洗衣刷(顏色隨機)-附座,環保PP+PE材質，耐用抗磨損。,513.0,7
7326159,Lumina瞬吸日本黏取式吸油面紙,特色：1.日本進口原紙，雙面壓光，質地更好。,512.0,16
8563318,六摺便條紙2入 - 多款任選,內頁6款共120張,512.0,8
7898781,數字嵌入學習書,泡棉拼圖嵌入板，可以拿著泡棉拼圖作學習,512.0,4
8119091,1028 ARTISAN 無瑕美肌蛋,水滴型45度切面彈力蛋，乾濕兩用，尖端可細節完妝，切面貼合勻妝，圓弧面輕拍達最佳貼妝效果。,510.0,5
7640094,因特力淨酵素兒童牙膏40g-原味,配合正確刷牙習慣，牙膏添加：,510.0,3
8490730,媚點 簡約質感粉盒 (1入),簡約質感,510.0,3
7098418,待刪除-神戶咖啡8g*10入-香醇,日本原裝進口,510.0,3
8237414,Kokie精細素描防水眉筆_咖0.09g,,510.0,3
7330285,雷達液體電蚊香組41ml-清新,"含松木精油,有效除蚊清新自然",510.0,2
7047876,1028 鬆鬆修容蜜粉刷,多用合一Ｘ薄透自然,510.0,2
8134010,【預購】品木宣言青春無敵健康光潤機能水200ml,9200000000620,510.0,1
7432776,日本UTENA佑天蘭魔髮球_自然花香,4901234362925,509.0,4
7042111,MEKO 黃金海岸眼彩盤,"八個協調的色系,從優雅淡妝到大膽多變眼妝怎麼搭都漂亮!",508.0,2
7492143,童止滑襪-貓咪-13-15cm-多色任選,好穿舒適,507.0,13
7426438,布丁狗_薰衣草柔濕巾70抽,8001841269672,507.0,13
7778142,YPLUS 兒童花生蠟筆-馬卡龍色 (12/24色任選),不髒手-繪圖不沾手,507.0,3
7403906,MITOMO 超潤面膜-米麴(6枚),4582419533745,507.0,3
8117125,MIYAKO羅曼史萬用潤膚膏15g,4580163535558,507.0,3
7980401,OMORY防油防水桌巾-方格灰137x183cm,自然垂墜 質感滿分,507.0,3
7251662,妮維雅純萃身體水凝乳-有機米粹350ml,純萃保養 身體水凝乳系列,507.0,3
8148609,S.D.R.美好生活薰衣草麝香洗手乳500ml,品味生活 簡約奢華,507.0,3
7064270,蕊娜制汗爽身噴霧-亮白玫瑰 150ml,含抗氧化成分維他命E#，讓腋下自然柔滑透亮,507.0,3
7440288,日本味王膠原蜂蜜檸檬C口含片60粒,4710829656307,507.0,3
8248146,溫太醫甦醒凝露10ml-兩款任選,"茉莉/玫瑰清香,精油配方更珍貴",507.0,3
7094559,上山採藥毛穴黑頭面膜40g,超強磁吸淨化，深入毛孔清潔，加倍洗淨油脂髒污。,507.0,3
7323667,韓國可瑞絲植萃系抗損洗髮精600ml-毛躁髮,1.基礎護理➝摩洛哥油+荷荷芭油+酪梨油內外層修護。,507.0,3
7432399,美源花果香快速染髮霜4CA(摩卡棕色)40g*40g,4987205051463,507.0,3
7756335,雙星仙子女童三角褲2入,,507.0,3
7755171,NAILTONE 持久引力指甲油10mL (N055~N072),新導入4種頂級維他命營養補充，維他命H（美甲修護）、 維他命F（營養補給）、維他命B5（預防乾燥）、維他命E（抗氧化）。,507.0,3
7425783,曼秀雷敦頂級濃潤柔霜潤唇膏3.3g_清甜柚香,4719865615422,507.0,3
7251137,數位衛生套12入-多款任選,經ISO4074衛生套國際標準嚴格把關並符合ISO9001國際標準，ISO13485、歐盟CE等國際認證，最好的品質值得您安心使用。,507.0,3
7122463,成功顆粒按摩球,顆粒設計，刺激穴道，適合運動前後的肌肉放鬆,507.0,3
7097831,舒妃7萃有機草本捲捲立體護造乳150ml,捲髮造型，柔性護髮,507.0,3
7125611,DIKE DHS101頸掛式懶人手機支架,全方位調整設計,507.0,3
8620051,溫太醫草本潤喉珠30g,天然草本,507.0,3
7404131,MIYOSHI新無添加洗髮精350ml,4904551100201,507.0,3
7053398,珍珠線夾3入組 -多款任選,裝飾、造型用,505.0,5
7460820,MKUP草莓鼻剋星潔顏刷,形狀小巧，方便外出攜帶，好清洗,505.0,5
8022700,瑪榭膠印五趾襪-多色任選,脫掉鞋子也能驚豔全場！,505.0,5
8013103,【廠商直送】Grizzly Bear~女童有機棉三角超彈性內褲超值3入組,小女孩正值活潑好動充滿活力的階段，您需要一件舒適透氣吸汗柔軟且無化學添加的內著，陪伴她自在輕鬆無拘無束的成長,505.0,1
7985872,Solone琉璃晶淬亮甲拋光棒/NM32,,504.0,6
7266322,E.S.T.童話森林護手霜50ml-為你著迷,輕柔滋潤呵護您的雙手,504.0,4
8183926,史努比造型積木二代-隨機出貨,培養3D空間概念，激發想像力,504.0,3
7500310,時尚月光寶石手鍊-金,月亮晶鑽搭配草莓色柔珠展現Forever Young的妳既浪漫又溫柔的自我,504.0,3
7042115,MEKO 夢境下午茶腮紅餅(共6色),全新推出6款專為台灣女生打造的腮紅，包含4色霧面、2色珠光等不同質地。,504.0,3
7098833,美吾髮卡樂芙泡沫染髮劑50g+50g-極光藍,染髮、護髮、玩髮一次完成,504.0,2
7050138,I’M MEME我愛好感直覺眼影書,三款日常妝容的必備色系,502.0,1
7798331,A.P雨傘滿版極致動能平口褲,特殊拔印技術，印花久洗不褪色,501.0,2
7349782,樂扣樂扣PP保鮮盒860ML,適用於微波爐低溫、中溫加熱食物,500.0,4
7211701,Power Bull-過載斷電1開2插節能分接器-PK-858SQ,三合一節能總控開關,500.0,4
7891034,我的心機益生菌私密潔柔濕巾10抽-5入,·通過國際Ellead實證，低刺激、不易致敏。,500.0,4
8081243,【廠商直送】PROFUSION 10色眼影盤,10 種引人注目的星空銀河顏色，打造明亮清晰的眼部妝容，創造絢麗耀眼的柔魅電眼，綻放星空燦爛的視覺效果。,500.0,2
7440209,金壕營養多補薏仁膠原錠50粒,4903361681252,500.0,2
7048927,DUCATO保濕指緣油7ml-蘋果香,滋潤指甲.指緣.甘皮等指甲周邊部位,500.0,2
8248257,溫太醫一條根按摩霜50g-薑黃,草本萃取  雙薑配方,500.0,2
7435615,溫太醫一條根薑黃霜50ml,4713014190143,500.0,2
7274074,艾瑪花園植物性水潤豐盈洗髮精500ml,加強髮質彈性、呈現蓬鬆豐厚感,500.0,2
7301302,婦潔 矢車菊除毛貼片-粗毛根專用（16片）,婦潔矢車菊除毛貼片特別針對粗毛根設計，能溫和深入毛囊將毛髮連根拔除，最久可維持4週光滑肌膚。添加矢車菊(centaurea cyanus flower extract)與植物系紅沒藥醇，能加強舒緩粗毛根除後敏感肌膚，給予肌膚滋潤舒緩。,500.0,2
7440205,金壕營養多補C錠50粒,4903361681214,500.0,2
7048922,DUCATO自然潤澤/亮粉指甲油 (多色任選),"發色良好,適合各種季節與場合的自然色系",500.0,2
7440208,金壕營養多補瑪卡錠50粒,4903361681238,500.0,2
7433130,艾瑪花園藜麥去油輕盈洗髮精500ml,4719264253034,500.0,2
7436209,達特世醫用立體口罩兒童淺粉50入,4719881661007,500.0,2
7090128,高露潔3D音波黑炭電動牙刷替換刷頭2入,•  臼齒清潔刷尖,500.0,2
8600201,neuve 惹我 清爽吸油蜜粉 2入組 限量特惠 送 IE唇彩筆 PK370,,500.0,2
7436441,凱婷零瑕肌密微光粉底液30ml_00白皙,4973167956687,500.0,1
7098780,AHC無瑕煥白化妝水150ml,添加沒骨花精華，結合韓式美容發酵秘方，經過數道萃取與提煉，取得珍稀活性成分，幫助改善肌膚暗沉，細緻肌膚，綻現透亮粉嫩好氣色。,500.0,1
7301240,FiiFii除煩惱~毛掰掰慕斯110g,淨-特殊配方軟化毛髮，淨化毛孔,500.0,1
7290671,RENATA MARGE金萃髮浴300ml極潤修護,擁有冰島俗稱巴爾德睫毛美稱的白夏菊(海洋小白菊)，,500.0,1
7391352,小兒利撒爾成長鈣鎂30包-加強護齒配方,完整配方 補鈣+護齒,500.0,1
7833091,Mude裸光修護唇膜8g,8809820740163,500.0,1
7832947,凱婷零瑕肌密柔霧粉底液_00白皙30ml,4973167027493,500.0,1
7098782,AHC無瑕煥白淡斑精華乳20ml,專為暗沉、疲憊肌膚設計,500.0,1
7434945,愛的潤滑液50g,4975979100876,500.0,1
7523619,凱婷零瑕肌密微光粉底液限定組I_04,4973167792766,500.0,1
7523638,凱婷零瑕肌密微光粉底液限定組_04II,4973167829882,500.0,1
7568867,DIKE PD+QC 2Port旅充-36W,BSMI安規認證,499.0,1
7432904,BIONEO百妮神經醯胺乾燥修護原液40ml,4718050173655,499.0,1
7108694,潘婷髮型感記憶護髮雙鑽凍膜200g(需沖洗),乳液+凝凍雙層結構滲透髮芯,499.0,1
7432805,卵肌本舖_蛋殼膜卸妝凝膠100g,4589906250475,499.0,1
7606447,飛利浦 編織充電線Lightning-125/200cm,尼龍編織材質，線材美觀耐用,499.0,1
7889816,【廠商直送】 E-books S42 電競頭戴耳機麥克風,配戴舒適，符合人體工學設計,499.0,1
7540222,自然之綠雙效洗髮沐浴200ml-洋甘菊舒敏,義大利原裝進口,499.0,1
7251090,三多維他命D3 800IU+B.膜衣錠80錠,維生素D：增進鈣吸收。幫助骨骼與牙齒的生長發育。有助於維持神經、肌肉的正常生理。,499.0,1
8185663,三多維他命C500緩釋型膜衣錠60錠,高單位維他命C : 每錠含有500毫克維他命C,499.0,1
7233169,【E‧Heart】.防駝美背美胸衣(心機白),24小時美胸美背不間斷!,499.0,1
7690499,MEXX自信相隨淡香水30ml-男性,清新木質調,499.0,1
8487868,凱婷 玩色主義眼彩盤 (8g),單色或混色使用，恣意顯色,499.0,1
8508402,【廠商直送】Ladoore蕾朵兒 台灣製 三秒發熱 蕾絲V領速暖衣,L'adoore 獨家 台灣製 三秒發熱蕾絲V領速暖衣,499.0,1
7833085,Celefit蜜桃膚提亮素顏霜70g,8809497561177,499.0,1
7068657,享溫馨滴雞精60ml*5入,專業技術獨家機器萃取清澈無油脂,499.0,1
8118682,【廠商直送】SUNLAND碳纖維USB發熱毯-灰,USB供電，方便隨身攜帶，室內外皆適用。,499.0,1
7633594,L’EGERE金縷梅控油原液精露220ml,P100% 植萃原液。純素,499.0,1
7823738,【廠商直送】顧可飛檸檬酸鈣90錠,溶解快，即時補給,499.0,1
8175891,【廠商直送】AAA-實木衣帽架-原木色,交錯吊掛設計，圓弧不傷衣物不撞傷,499.0,1
7427610,倍立雅潤系列玻尿酸保濕精華凝霜 80g,長效鎖水,499.0,1
8164535,巴黎萊雅金緻護髮精油草本精華限量組,全新升級!裸感質地 不黏膩更清爽,499.0,1
7111981,UC硅藻土吸水地墊(35*45cm)-3色任選,"瞬間吸水,濕氣調節",499.0,1
8491140,【團購】日本厚木-不起毛370D九分-黑M-L(贈襪套)(預計出貨日1/11),"團購加贈：一雙韓國名畫風彩繪隱形襪套(市價49元,贈品隨機出貨)",499.0,1
7819238,【廠商直送】Ronever 三件式重低音喇叭,採用3吋雙低音震膜加兩顆衛星揚聲器，低音沉穩渾厚效果強勁。,499.0,1
7752232,運動型乾溼分隔旅行袋-多色任選,乾濕分離,499.0,1
8187091,Amuse絲絨純素唇釉 (多款任選),✨韓國大勢AMUSE女神級唇彩✨,499.0,1
7083817,Dr.Groot 養髮秘帖護髮素300ml-細軟扁榻髮,Dr. Groot’通過7種自然草本成分復合物Groot SolutionTM,499.0,1
8077978,SOMEBYMI蜂膠B5光澤屏障修護4件組,萃取四種珍貴天然蜂蜜,499.0,1
7099416,Simple清妍極致補水修護晚安凍膜 50ml,補水透亮,499.0,1
7425659,BIONEO百妮粉鑽潤色CC霜50ml_SPF50,4718050173815,499.0,1
7570827,韓國DERMAL積雪草神經酰胺卸妝油150ml,添加積雪草和神經酰胺成分的低刺激卸妝油,499.0,1
7077007,高兒茶素綠茶6g*30入-冷泡茶,兒茶素綠茶 專為體態需求設計,499.0,1
8073649,待刪除【廠商直送】EAGLE大流量三段式蓮蓬頭HS330CP,適用於低水壓環境，1kg水壓也能暢快淋浴,499.0,1
8122441,簡約夜光LCD電子鐘TD-535,時尚簡約設計,499.0,1
7055340,舞蝶時尚數位體重計(輕薄型),輕薄型 1.7cm 時尚極簡配色,499.0,1
8272691,【廠商直送】UDR專利玫瑰晶球益菌酵素EX30入,高活性鳳梨酵素SOD-Like30萬添加,499.0,1
7245305,SENSE冰箱全系列收納盒-4號組(450ml*2),自由堆疊節省冰箱空間,499.0,1
7432928,肌研極潤多效精華水感凝露180ml,4719865614395,499.0,1
7590310,美麗佳人提花浴巾-多色任選,觸感親膚柔軟,499.0,1
7270592,三段高效能過濾蓮蓬頭套裝組,三段蓮蓬頭+過濾棉+軟管一次滿足,499.0,1
7436578,MEKO花現美妍香氛玫瑰素顏霜50g,4712862901390,499.0,1
7605565,卡翠絲舞墨女伶眼影盤,想要日常妝? 還是想要大膽妝?  兩種我都要!,499.0,1
7931902,DELICATER藍光K5霧化酒精噴霧槍380ml,,499.0,1
8000005,韓國SH海豹君海苔12入,韓國水協工廠製作,498.0,4
7658852,煙斗雅痞吸濕排汗平口褲,吸濕排汗、透氣、舒爽、速乾,498.0,3
7099618,舒摩兒陰道灌洗液133ml 清新2入,弱酸潔淨防護配方 PH3.3 獨家專利 安全舒適 陰道灌洗設計,498.0,2
8585590,【廠商直送】Versace狄倫女神迷你瓶5ml,小香皆為沾式(無噴頭)，輕塗抹於頸部、手腕、耳後跟等脈搏跳動處，可散發香味。,498.0,2
7432362,Quality1stQueen’sPremium毛孔緊縮面膜5入,4560401460361,498.0,2
7889887,【廠商直送】 RASTO RX34蘋果Lightning雙入組1M+1M,環保TPE線材，線身柔軟好收納,498.0,2
7567540,棉花共和國 CR Function 冰肌絲滑背心,優越彈力,498.0,2
7097811,型色家植萃添加染髮補色露200ml-亞麻綠,校正髮色 輕鬆上色 持久補色,498.0,2
7832801,SalonLink胺基酸椿油修護潤髮乳1000mL,4513574036642,498.0,2
7833092,SalonLink胺基酸椿油修護洗髮精1000mL,4513574036635,498.0,2
8585592,【廠商直送】VERSACE狄倫淡藍女性淡香水迷你瓶5ml,小香皆為沾式(無噴頭)，輕塗抹於頸部、手腕、耳後跟等脈搏跳動處，可散發香味。,498.0,2
7307440,依洛嘉千面女郎溫感唇膏3.5g,添加維他命E、荷荷巴油、蜂蠟、玫瑰果油,498.0,2
7099552,Dermal 毛孔緊緻面膜25g-5入裝-多款任選,令肌膚保濕，調理毛孔(雙重調理毛孔),498.0,2
8237121,P&G_Ariel新超強潔淨4D洗衣膠球26P補,,498.0,2
7106149,瑪榭3次元防護護膝-單入-尺寸任選,關節防護，給予穩定支撐，加強保護,498.0,2
8533978,反轉UNO遊戲卡,只要Flip 逆轉牌一出，所有牌都要一齊反轉，背面的「暗黑面」卻同樣有顏色、有數字、有功能， 每隻牌正反兩面完全不同：原本是數字的，反轉隨時是Draw，加上正反面各有8隻「Flip」，反牌機會率相當高！,498.0,2
8091560,【廠商直送】炫動高筒防雨鞋套,收納、攜帶方便! 全防水材質,498.0,2
8051327,UYEKI植木不銹鋼拋光橡皮擦,4968909120075,498.0,2
7433116,Farcent香水奇蹟洗髮露600ml_微醺小蒼蘭,4710731061442,498.0,2
7125506,卡樂芙奢彩安瓶染髮霜-薄暮霧茶棕,添加光感持色配方!染髮同時護色固色鎖色!,498.0,2
8036159,樂扣樂扣家家必備尼龍烹具/大煎鏟,最適合亞洲人料理習慣的多用途神器,498.0,2
7445175,我的心機高效安瓶極致保濕精華水150ml,[蛋白聚醣] 提升肌膚柔滑細嫩,498.0,2
7375252,Batiste乾洗髮200ml輕盈柔順(新舊包裝隨機出貨),"添加椰子油,撫平毛鱗片,柔順秀髮",498.0,2
7979895,OMORY無痕壁貼PU皮革面紙盒-千歲綠,PU皮革耐磨耐用，防水防髒汙。,498.0,2
7649823,NAILTURE 厚植感光亮上層油 9mL,使用高達90%以上植物基底原料,498.0,2
7861070,艾戀 牛奶絲膠細緻胸貼,超薄貼合無痕無黏膠觸感如牛奶般絲滑細緻,498.0,2
7433114,【官網限定販售】Farcent香水奇蹟洗髮露600ml_同名花語,4710731061404,498.0,2
7649601,NAILTURE 自然美學指甲油9mL-多款任選,使用高達85%以上植物基底原料,498.0,2
7307439,依洛嘉紫草潤色唇膏3.5g-滋潤,添加維他命E、紫草根萃取、蜂蠟、葡萄籽油,498.0,2
8036124,樂扣樂扣高密度木纖維筷/二雙入,採用高溫高壓的木材壓縮工藝，纖維密度1.41-1.47 -抗菌，不發黴，更健康,498.0,2
7274622,LUCIDO倫士度去味沐浴露 450ml,高洗淨力確實去除產生味道的元兇、汗及黏膩油脂,498.0,2
8099726,Miro.lu 原木氣墊針梳,天然櫸木質感實用兼具,498.0,2
7104953,NATIO保濕水凝霜75ml-玫瑰精粹,添加純淨的玫瑰水與多種天然植萃精華成分，蘊含多種維生素與具抗氧化功效的單寧酸，提供肌膚豐富養分，達到持久保濕、柔嫩光滑的亮顏效果,498.0,1
7097807,OTB足嫩肌泡沫清潔液檸檬薄荷385ml,不須搓揉起泡，噴灑即可產生泡沫,497.0,3
8122740,J lin X AM Iris-a2增艷腮紅刷,,496.0,1
7425258,可爾必思開心成長飲160ml,4714947160012,495.0,45
8147178,品客洋芋片(原味)110G,,495.0,11
8258200,糖果禮物袋-10入-1.8*1.2cm-紫藍,,495.0,11
7057402,IM 智慧美肌氣墊粉撲2入,採親膚聚氨脂面料，乾濕兩用省妝品,495.0,9
8022058,克潮靈集水袋補充包  玫瑰香/檜木香/去霉味(包裝隨機出貨),,495.0,9
7767916,IM 非乳膠化妝海綿-屋型 12 入,●美國非乳膠素材，遇水變大。,495.0,9
7068402,貝印 L 型修毛刀-5入,刀身外層帶防護套(外蓋)的不銹鋼刀片，拿取時更加安全。,495.0,9
7135834,森之精靈膠黏拖把補充(16*60*2入)大頭兒款式,黏塵去髒,495.0,9
8022064,克潮靈除濕桶補充包 3入 玫瑰/檜木/去霉味,,495.0,9
7122311,Lucido-L輕盈塑捲S型腊20g,1.隨風飄揚的空氣感，散發甜美氣息,495.0,5
7295094,LM網狀隱形美眼貼80枚-標準版,1高黏著力，瞬間解決大小眼、單眼皮危機,495.0,5
7393068,惡名昭彰3/4條紋氣墊運動襪-多色任選,透氣排汗.舒適彈性.天然素材,495.0,5
7365891,VOLA　120D全足全彈褲襪-黑,100%台灣在地製造,495.0,5
7064240,凡士林完美十效亮白修護潤膚露 100ML,"一瓶滿足十大功效,肌膚亮白並煥發青春",495.0,5
7570832,韓國DERMAL櫻花亮白柔嫩洗面乳150g,"質感溫和如春日櫻花,能深層清潔毛孔髒污同時淨白肌膚",495.0,5
7459635,MARUSAN火鍋湯底750g-什錦,日本原裝進口,495.0,5
7987776,妮維雅無敵水感凝露200ml-玫瑰,玫瑰成分有效補水&柔潤，保濕x封存一次到位,495.0,5
8182293,節奏自動螢光筆套組-兩款任選,輕鬆按壓收回.筆記重點適用,495.0,5
7427138,風倍清浴廁用抗菌消臭防臭劑1入_山谷微香,4987176030382,495.0,5
7227934,Panasonic 鈦元素鹼性3號電池-4s藍收縮,Panasonic最高等級電池,495.0,5
8090078,OMORY無痕壁貼半自動擠牙膏器-牙白,可拆卸清洗、杜絕細菌滋生。,495.0,5
7931586,格安德成人平面醫療口罩25入愛戀蜀葵白,,495.0,5
8585042,順易利立體醫用口罩-米棕/莫蘭綠/白/黑 20入,,495.0,5
7129430,成功防滑塑身啞鈴1kg,防滑、居家健身使用 協助全身肌群訓練,495.0,5
8223859,POP POP 玩色主義保濕去光水,添加葵花籽油(保濕) 、甜杏仁油(舒緩)、酪梨油(滋養)、天然有機摩洛哥堅果油(修護)與天然維他命E，蘊含卓越保濕成分，能潤澤保養指尖。,495.0,5
7146245,樹頂100%蜜桃綜合果汁晶鑽包1L,新鮮天然如同現榨果汁,495.0,5
7708333,石墨烯健康護腕-多色任選,舒緩肌肉緊繃,495.0,5
7426444,蘇菲繽紛香氣護墊14cm80片_甜心玫瑰,4710054163427,495.0,5
7620402,韓國AROUND ME香水護手霜60g-乳油木果,韓國製造精品級香水護手霜,495.0,5
7432294,KOSE光映透嬰兒肌玻尿酸潤澤面膜7入,4971710383515,495.0,5
7325459,勁威衛生套12入-粗顆粒型,衛署醫器輸字第012919號,495.0,5
8526166,水舞醫用成人口罩10入-聖誕市集,1.符合台灣CNS14774口罩品質規範,495.0,5
7064239,凡士林透亮修護潤膚露 120ml,維他命C衍生物，有效透亮成分,495.0,5
7348861,日本貝印Pretty安全修毛刀L型,超大尺寸帶有易於握持的防滑軟手柄，以及貼合皮膚角度的光滑刀片。,495.0,5
7311078,Lumina A53星鑽化妝刷五件組,便捷刷具組，隨時維持良好妝感。附收納袋更好攜帶。,495.0,5
7427350,小林製藥櫻花凍潔廁劑_新鮮蜜桃3入,4987072058190,495.0,5
8034961,OMORY沁透倒立可瀝水漱口杯-薄荷綠,◆漱口杯弧度設計，倒置時不弄髒杯口。,495.0,5
8496131,Shea Solutions乳油木果保濕潤絲237ml,美國熱銷品牌,495.0,5
7452657,瑪榭足的科學止滑五趾隱形襪-多色任選,防滑3D立體顆粒設計，絕佳抓地力,495.0,5
7599588,微波麵碗-2入,台灣製造，安心品質,495.0,5
7426748,Gum588牙周護理牙刷超彈力極細毛-小頭(中毛),4901616211759,495.0,5
8528450,防風 圓形 不鏽鋼 衣架 曬衣架 20夾 立體 圓型 曬襪夾 晾衣夾,,495.0,5
8237889,SUN_FRIEND益生菌蒟蒻果凍_原味280g_魯,,495.0,5
7931588,格安德成人平面醫療口罩25入蜜橘霧語,,495.0,5
7931587,格安德成人平面醫療口罩25入茶香玫瑰,,495.0,5
7231941,棉花共和國 舒爽抗菌網眼透氣三角褲(二入裝),奈米鋅技術、長效抗菌,495.0,3
7931899,小林製藥廚浴排管通400ml,,495.0,3
7083136,施巴溫和洗髮乳400ml,pH5.5微酸打造健康頭皮毛髮益生態環境,495.0,1
7114783,BOTANIST植物性潤髮乳460g滋潤型(新舊包裝隨機出貨),蘋果&莓果的香氣，賦予滋潤至頭髮內部，帶來水潤秀髮。,495.0,1
7587586,Love Liner隨心所慾超防水眼線筆-多色任選,1.不色素沉澱,495.0,1
7433229,BOTANIST植物性洗髮精_髮肌淨化型460g,4582521680733,495.0,1
7064462,Melano CC高純度維他命C亮白精華 20ml,3重維他命亮白精華，深入滲透角質層，有效改善乾燥暗沉肌膚，實現白皙無瑕的透明感美肌,495.0,1
7134310,日本芮芙茹植物蛋白護髮素500ml-柔順亮澤,輕透滋潤，賦予髮絲光澤感,495.0,1
7523652,森下仁丹晶球敏益菌14入,4719552020355,495.0,1
7114782,BOTANIST植物性潤髮乳460g清爽柔順(新舊包裝隨機出貨),清爽輕盈，洗出滋潤保水的秀髮,495.0,1
7432421,BOTANIST植物性洗髮精_滋潤型460g,4582267391443,495.0,1
8145762,【買一送一】Medimix阿育吠陀百年典美膚皂(下單1出貨2),,494.0,6
7432178,Pharmaact花香潔手慕斯250mL,4513574016064,493.0,5
8182742,待刪除-水之印 全能5D精油緊緻彈力霜(加大版) 117g,一瓶五效具有:化妝水、乳液、乳霜、精華液、面膜效果。有效淡化乾燥紋路，成熟肌膚重現彈潤光澤！,493.0,1
8273107,【廠商直送】愛司盟貝維D液4.8mlVitamin D3 Drops,1滴，符合每日建議食用量,493.0,1
7301401,OMORY氣炸鍋方形無孔烘焙紙20CM-50入,矽油紙材質製成，不含螢光劑。,492.0,7
7160554,凱蒂娃娃 超持久濃黑極細眼線筆0.8g,精準使用 一整天無須擔心褪色問題 輕鬆打造魅力眼眸,492.0,3
7105871,多芬滋養柔膚沐浴乳1000g-溫和去角質,全新多芬美肌益生元配方,492.0,3
7900837,【廠商直送】秘之湧水美媒全家水嫩好康組(50mlx1瓶+160mlx1瓶+水面膜24gx5片),保養神器X彩妝神器,492.0,1
8500621,OTTOGI韓國不倒翁韓式正Q寬冬粉100g,,491.0,9
7164242,獅子寶寶私密淨柔濕巾12抽,珍珠精粹，柔嫩保養，減緩暗沉，嫩白亮回來,490.0,10
8021528,無塵氏酒精抗菌擦拭布 80抽,,490.0,10
7255173,尼克加大消臭拼色船襪-多色任選,消除惱人的腳臭問題,490.0,10
8082947,光妍-美甲鋼推刀,輕巧方便攜帶,490.0,10
7832675,大耳狗手口柔濕巾80抽_加厚加蓋,4715664505797,490.0,10
7432179,Pharmaact花香潔手慕斯補充包200ml,4513574016071,490.0,10
7426614,Dr.C-UP剔爽牙籤刷第二代,4589457680011,490.0,10
7253167,妮維雅男士亮白控油潔面泥100g,深層淨化毛孔,490.0,5
7254022,妮維雅男士深極炭清爽控油潔面泥100g,深層清潔：獨特極致炭配方，深層清潔並緊緻毛孔。,490.0,5
7481624,D&G星星1/2童襪2雙入-17-21CM-多色任選,"採用優棉精製,透氣、舒適",490.0,5
7701841,米森無加糖蘋果脆片8g*5入,米森與國際大廠合作，嚴選新鮮蘋果並採用專業低溫冷凍乾燥技術，完全鎖住蘋果的自然原味及完整營養,490.0,2
7435188,日本金鳥-腹部專用溫熱貼生薑8枚入(生理用),4987115826410,490.0,2
7094453,I DEW CARE潤唇膜12g-花果C,強效滋潤可可油基底和天然扶桑花萃取,490.0,2
7435536,純白專科雪白美肌精華35g,4901872461493,490.0,1
7936813,【廠商直送】Hangten 舒適包臀三角褲6入組,柔軟、透氣，好舒適,490.0,1
7267010,R.R天使觸感蜜粉刷,粉刷柔軟富有彈性，刷在肌膚上時追求如羽毛般輕柔觸感。,490.0,1
8520413,【廠商直送】Kamera-萌寵鬧鐘LED小夜燈-灰色(頭飾隨機出貨 - 小貓/小鹿/小兔/小樹苗/米老鼠),入眠夜燈、貪睡鬧鐘和時鐘功能,490.0,1
8600672,【廠商直送】cocodor經典擴香瓶200ml- 兩入組,經典款英國小蒼蘭「新舊包裝隨機出貨」新包裝如圖6,490.0,1
7234979,舒芙蕾 蜂巢透氣呼吸背心,舒適無痕：無鋼圈輕盈舒適零壓迫,490.0,1
7404104,AminoMason2胺基酸植物保濕潤髮乳450mL,4589919563296,490.0,1
7949642,Unlabel粉刺毛孔酵素潔顏凝膠200g-(日間/夜間),(日間)A醇+維他命C膠囊,490.0,1
7245416,碧歐斯BIO金萃黃金賦活霜40g,【全方位完整修護】,490.0,1
8504771,【廠商直送】THE LOEL不沾鍋強化玻璃鍋蓋30cm,不沾鍋強化玻璃鍋蓋30cm,490.0,1
8133975,【預購】LAROCHEPOSAY全面修復霜100ml,9200000000573,489.0,1
7427215,SABRINA極上舒適鍍圈絲襪140D黑L~LL,4908068515480,489.0,1
7665277,艾諾琪-大師系列-M412完美修容刷,特殊曲線設計，極致貼合臉部弧度，無倫是顴骨及腮幫子都能完美修飾。,488.0,1
8569049,艾瑪絲洗髮精 4款,,488.0,1
7658835,煙斗絲光棉典雅平口褲,絲光棉超細柔質感、透氣舒適,487.0,3
7426616,歐樂B 深層潔淨牙線40m,4902430789646,486.0,4
7446442,OTTOGI韓國不倒翁金咖哩塊200g-原味,由天然熱帶香料、韓國水果和熱帶水果泥混合而成的咖哩粉，提供豐富和柔軟口感的完美結合。,486.0,4
7426615,歐樂B 舒適深潔牙線40m,4902430789639,486.0,4
7940419,【廠商直送】女款日系棉質透膚花朵船型襪-5雙入各色一,日系花朵刺繡玻璃短襪,486.0,2
7104805,CHIC CHIC 日本造型大圈束-2款任選,跟著日本流行趨勢走~~高貴典雅，百搭精選,485.0,5
7257990,大板跟去角質腳皮器-附蓋,"美足好幫手,附蓋",485.0,5
7105035,洗顏髮帶貓耳-4款任選,可愛舒適絨毛材質，高品質獨家訂製，版型立體，彈性佳不脫毛～,485.0,5
7103860,金屬方塊滴油O束-2款任選,裝飾、造型用,483.0,7
7146064,酷比涼二合一清新薄荷精油棒(多款包裝隨機出貨),天然薄荷精油棒，沁涼薄荷，清新舒暢,483.0,7
8019711,韓國襪基本款無痕素色中筒襪-多色任選,"韓國製造,大廠出品",483.0,7
7072819,麗奇 潔牙線含蠟(薄荷)50m,1972年由2位工程師與牙醫共同研發出的世界級專業口腔品牌-麗奇，多年來專心研究牙醫在診療時常見的8種口腔問題，堅持符合現代人需求的創新概念，結合高科技研究技術，有效解決看不見的口腔問題。 *由韓國第一品牌LG集團專業團隊研發，提供完整口腔產品項 *符合現代人需求聰明設計，有效解決牙齦八大問題,483.0,7
7372006,美味關係-8吋氣炸鍋用紙50枚,"食物不沾鍋底,好清洗",483.0,7
7953106,韓國童迪士尼公主短襪-多色多尺寸任選,童襪必備,483.0,7
8561621,攜帶式輕巧收納折疊凳 折疊椅,,483.0,7
7094882,毛寶熱水瓶洗淨劑25g*3入,本產品原料採用優質嚴選檸檬酸，使用更安心,483.0,7
7271549,VOLA 30D全彈大腿襪-黑,寬口設計 舒適壓力包覆腿部,483.0,7
7337989,首爾DESIGN 小熊抓夾系列,可愛小熊造型髮夾,483.0,7
8254773,花仙子去味大師衣物香氛袋3入-蜜香貴妃,添加專利植物消臭因子,483.0,7
7436826,去味大師衣物香氛袋_玫瑰烏龍,添加天然植物精油，散發純淨氣息,483.0,7
7390473,斜+彎粉刺夾,擠粉刺用，好用，好拿。,483.0,7
7875167,IM完美女神妝美妝蛋(雙切平底),智慧氣孔，加強持妝,483.0,7
7652129,韓國可瑞絲香氛沐浴乳200ml-英倫粉紫,優雅花香調,483.0,7
7275817,夢17草本泡泡染髮乳-楓糖紅(單包),"灰、白髮專用   恢復亮麗秀髮,變年輕不是夢",483.0,7
8021366,淨新 醫用口罩兒童平面口罩 50入 MIT鋼印 白/紫/藍/粉/黃/綠/黑,,483.0,7
7105923,無染系列-細緻沐浴巾,安心、無染色、無甲醛,482.0,8
7108603,節奏簡約風0.7中油筆 (6入)-3款任選,霧桿0.7mm筆芯，咕溜咕溜超滑順,480.0,10
7326781,可瑞絲精油香皂100g-水蜜桃&牡丹花,杏仁精油添加，柔順保濕肌膚。,480.0,8
7562704,Pentel飛龍 柔色文具組-多色任選,除了一般書寫使用，也可拿來當作兒童禮品,480.0,6
7435954,CSD中衛酒精棉片100片,4711908601645,480.0,6
7257969,雙層瀝水無痕皂盒-灰,雙層瀝水無痕貼片,480.0,6
7322938,Pentel飛龍 輕油性三色筆,Pentel獨特Feel系列款輕油性原子筆,480.0,5
7095918,興農天然防蚊噴液80ml,可直接噴灑於皮膚,480.0,5
7250298,菇王素食燒烤醬230g,"菇王專為素食者研發的素食燒烤醬,以豆瓣醬、醬油、些許辣椒為主精心調合而成",480.0,4
7523701,貼利膚親水性敷料10x10cm_1入,4712244010498,480.0,4
7480159,日方面達母軟膏28g,4979949001583,480.0,4
7673287,【廠商直送】女款純棉學院風過膝襪高筒襪-2雙入,百搭學院風格,480.0,3
7096306,瑞霖炫萌多效保養液120ml,舒適水潤:,480.0,3
7871972,東文CT-15 小伯樂修正帶10入/盒裝-多色任選,外型輕巧、方便攜帶,480.0,3
8237740,諾得抗酸寧牙膠130g,,480.0,3
7406520,阿久師米香鬆6g*12入,"全部使用天然食材調味, 沒有重口味跟化學調味料、豆粉",480.0,3
7350209,成功乳膠訓練拉力帶-初階用,"環狀設計,可輕易讓手掌或腳掌握住或套住,鍛鍊各部位肌群",480.0,2
8223222,捏捏8色黏土-動物,本產品內含8色30G小麥黏土及動物模具，讓孩子盡情享受揉捏黏土的樂趣。黏土通過ST安全玩具檢測，使用無毒安全的原料，天然環保、好捏，且塑形力強。利用壓、揉、搓、剝、捏等動作，搭配黏土工具，可創造出各式各樣的字母樣式及DIY創意造型。8色黏土能隨意搭配，混合揉捏，變化出更多顏色，豐富視覺體驗。孩子能在揉捏黏土的過程中，激發創作潛力、加強手部肌肉發展、培養專注力，並豐富其想像力！,480.0,2
7693405,永和三美人BEAUTY THREE 海特大 #424 專業化妝海綿 12入 抽取式盒裝,規格︱12入,480.0,2
7291963,曼秀雷敦舒緩按摩滾珠50ml-勁涼,獨特35mm超大滾珠頭，方便按摩肩頸、後腰、雙腿等部位，搭配立即產生的清涼感，能促進循環，並放鬆身體緊繃。溫和配方不含藥，添加薄荷、薰衣草油、尤加利油，清新草本香味，隨時隨地舒緩疲勞不適！,480.0,2
8045880,NailHolic 24_7指甲油,修護同時長時間維持亮麗光澤的溫和型指甲油。,480.0,2
7565521,黛絲恩工藝香水修護洗髮露500ml-玫瑰,深層沁潤修補髮絲,480.0,1
7833025,白花油萬應白花油特大號50ml,4711118600094,480.0,1
7833002,Mude裸光潤色護唇膏01cozyrosy,8809820740132,480.0,1
7931800,CLAYGE海泥洗髮精S系列_蓬鬆柔順500ml,,480.0,1
7064465,肌研卵肌溫和去角質化妝水170ml,嚴選葡糖酸及金縷梅萃取，能溫和有效去除老舊角質、黑頭粉刺，同時緊緻毛孔並改善暗沉粗糙,480.0,1
7260140,VISEE 濾鏡美肌粉底液限定組,超值限量組合,480.0,1
8596058,KOSE 高絲 涵萃 潤肌精 水感滋潤保養組限量販售超值優惠組合 水凝霜 乳液,,480.0,1
8504105,樂扣樂扣透明耐熱玻璃保鮮盒1600ML長方形,Bisfree材質上蓋，不含雙酚A與環境賀爾蒙,479.0,1
7773366,【廠商直送】十銓 USB3.1隨身碟-64GB,圓潤流線外型,479.0,1
8051290,夢納明草本淨白護齦漱口水1080ml,4901080586315,479.0,1
7319914,首爾DESIGN-法式鋼圈內衣套組,,479.0,1
7432418,絲花潤澤化妝棉(40片),4903111478064,478.0,10
8051174,BCL_Cucupore毛穴調理局部面膜10入,4515061189411,478.0,2
7432976,韓國isLeaf咖啡因乾洗髮噴霧_湛藍海洋,8809635230521,478.0,2
7446425,BellaBeauty B5胺基酸洗卸合一潔顏慕絲150ml,濃密的泡泡慕絲,478.0,2
7811754,Eco denta幕斯漱口水150ml-黑炭亮白,來自立陶宛的口腔保健品牌,478.0,2
7908099,李施德霖全效護理抗敏漱口水無酒精750ml,十效合一，深入源頭、舒緩並保護敏感性牙齒,478.0,2
8507664,Forever Young玫瑰情緣項鍊-玫金,緣起花間傳情 優雅風格時尚 展現女人搖曳生姿,478.0,2
7811815,Eco denta牙膏100ml-黑炭亮白,來自立陶宛的口腔保健品牌,478.0,2
8522019,飛柔清爽修護瞬效柔順護髮精華380g,,478.0,2
8124638,菱格男款毛線觸控手套-深灰,彈性紗線-舒適穿戴,478.0,2
7832868,森田藥粧保濕水光潤透面膜3入,4718009815070,478.0,2
7432977,韓國isLeaf咖啡因乾洗髮噴霧_紫愛瑰蜜,8809635230538,478.0,2
7404913,棉麻橫式收納盒-38*27*26cm,1.北歐風仿棉麻設計，舒適高質感,478.0,2
8245888,non-no石墨烯紗浴巾-多色任選,環保科技石墨烯紗有效抗菌除臭,478.0,2
7283342,龍牌一條根精油霜-清涼型100ml,草本植物萃取精油,478.0,2
7097830,舒妃馬油添加捲捲波浪魔髮球320ml,能夠創造自然柔美的髮線，完美呈現捲髮造型,478.0,1
8527306,百特兔透明包包防塵袋-多款任選,適用多型包款，防塵防髒保護，吊掛收納方便，透明材質一目了然,477.0,3
7265840,女士刺繡麋鹿雙層手套-多款任選,"台灣製經典麋鹿刺繡雙層針織手套雙層內裡,保暖舒適升級",477.0,3
7540703,待刪除-Jealous Sweets軟糖125g-氣泡酸爽,100%純素。,477.0,3
8241482,童角落夥伴愛心手套-中粉,3-8歲適用。,477.0,3
8220629,CB莫蘭迪男格紋半指手套-海軍藍,CB經典鹿身刺繡，搭配簡約立體格線編織紋路，質感加倍。,477.0,3
7098849,MEN’S Biore沁涼醒膚沐浴精750g,[10倍炭*控油配方] 源自天然竹炭吸油成分，吸附髒污,477.0,3
8114402,成語故事AllinOne,成語是中國人智慧的結晶，本書收錄六十九個常用成語，內容除了介紹成語的故事及含義外，並有主角簡介、例句示範、同義詞或反義詞，讓讀者了解成語的由來及意義，學習靈活運用；每則故事後並有啟發式的問題，提供心靈思考的空間，是讓孩子活學活用成語，提升語文能力的最佳讀物。,477.0,3
7403775,DEVE橄欖摩洛哥堅果潔顏卸妝油200ml,4513574017276,477.0,3
7225607,簡單工房竹纖維毛巾3入,手感輕柔、涼感、懸垂性佳,477.0,3
7325827,VOLA 防風手套-反光黑 L/男款,外層防潑防風面料,477.0,3
7138813,依必朗香氛洗髮乳850ml-炙熱情迷,浪漫香水調 柑橘、玫瑰、麝香等馥郁浪漫的木質花香，秀髮輕盈擺動間，散發迷人魅力。,477.0,3
7048690,SEXYLOOK乳酸菌洗面乳120g-控油,"\"\"\"乳酸菌\"\" 具有保護及調理膚況功效，能讓肌膚維持良好的新陳代謝、讓肌膚提升彈力及亮白感。\"",477.0,3
7253950,妮維雅止汗爽身噴霧 經典呵護系列150ml,長效止汗乾爽效果，滋養修護腋下肌膚,477.0,3
7105413,Eni Mani SILK透氣中高腰褲,親膚．抑菌．不易過敏,477.0,3
8230723,Protecort抗菌粉撲8入-菱形型,"特殊抗菌加工處理,天天乾淨上妝,肌膚健康亮麗. 菱型多面多角度,完美修飾鼻翼眼周嘴角等細微處. 乾濕兩用,大面積延展打底,局部遮瑕修容,一顆搞定.",477.0,3
8489998,VOLA X 艾爾絲4D成人醫用口罩10入-多色任選,4D設計，全面包覆性高,477.0,3
7262417,巴黎Evoluderm零殘妝保濕卸妝乳250ml,經皮膚科測試,477.0,3
8604161,ins韓風造型保溫保冷便當袋-兩色任選,大容量保溫袋，耐用保溫保冷保鮮,477.0,3
7250293,樂扣樂扣-PP保鮮盒1.1L長方形,適用於微波爐低溫、中溫加熱食物,477.0,3
7111861,美吾髮玻尿酸植萃髮膜190g-鼠尾草海鹽,美吾髮香水髮膜 60秒結構式瞬護 玻尿酸精華注入 居家的沙龍級護髮,477.0,3
8237699,ST雞仔牌多用途乾燥劑10g12入,,477.0,3
7265823,交織條紋麋鹿刺繡雙層圍脖-多款任選,"CERFBELL台灣製,爆款格紋組織",477.0,3
7158456,樂司 噴霧油瓶100ml,,477.0,3
8237329,風倍清玄關用芳香消臭劑_白茶百合7ml,,477.0,3
7931853,美麗佳人口罩香氛貼片48枚,,477.0,3
8261915,美麗佳人口罩香氛貼片48枚入,抗菌 芳香 清新 除味,477.0,3
7265347,日本獅王固齒佳薄深潔牙刷-小頭(顏色隨機出貨),牙科醫師推薦設計。,476.0,4
7634425,洗顏髮帶大眼睛-多色任選,快速塑起造型使用簡捷讓人更年輕,476.0,4
7403784,Loshi日本製保濕潔顏乳-宇治綠茶(120g),4936201101467,476.0,4
7143413,舒妃玻尿酸添加染燙受損護髮霜800g,乳油木果-深層保濕潤澤，預防髮絲乾燥。,476.0,4
7365893,VOLA　180D不起球足底止滑褲襪-黑,彈力針織織造,476.0,4
7426821,Ora2淨白無瑕牙膏-清蘋玫瑰薄荷,4901616009950,476.0,4
8250202,樂司滴漏油醋瓶小200ml,出油順，止油不會滴流到瓶身,476.0,4
7134976,海洋風貼心衣物洗淨袋2件組,細密網目緊密縫合，柔韌耐用完整保護。,476.0,4
7041918,essence柔霧名媛粉餅-多色任選,霧面妝感，將毛孔瑕疵通通遮住,476.0,4
7581366,立夢北海道牛奶糖135g-草莓牛奶盒,草莓口味的北海道牛奶糖,476.0,4
7305873,MEKO 植株睫毛-25/S-089,能使眼睛更有神、更有魅力,476.0,4
7426492,Jordan兒童牙刷6至9歲超值包限定組,8801441008462,476.0,4
7581365,立夢北海道牛奶糖160g-牛奶盒,使用道地北海道牛奶口感,476.0,4
7357835,ARTiS香氛保濕酒精噴霧9g-多款任選,"\"\"\"提升手部肌膚健康防護力",476.0,2
7278913,DARLIE好來清新隨行組,"口氣清新+防蛀,天然薄荷精華",475.0,5
7369706,安多精品-免洗船型襪5入,"合身版型,符合人體工學",475.0,5
7371987,Udilife 洞洞樂組合收納板-白,艒約外型、多變化組合,475.0,5
8237828,三立巧克力味夾心餅盒裝12入,,475.0,5
7298748,一匙靈超濃縮洗衣精1.8kg補充-亮彩,"獨特HPS滲透洗淨科技,能將深藏纖維底層的頑垢徹底洗淨",475.0,5
7105740,樂扣樂扣沁涼隨身水壺/500ML/白蓋,不含塑化劑、雙酚A,475.0,5
7426278,Elmie女性衣物泡沫洗滌劑200ml,4983239160492,475.0,4
7970063,待刪除-狗-單身狗雞肉機能潔牙骨10g-口味任選,毛亮眼、口齒清新、潔齒機能,474.0,38
7426675,marumanPROSONIC音波振動牙刷替換刷頭-極細毛(2P),4957669690775,474.0,6
7330306,巴黎香頌牛奶薄餅70g,法國人喜愛的下午茶點心,474.0,6
7393063,惡名昭彰素色1/2氣墊襪-多色任選,透氣排汗.舒適彈性.天然素材,474.0,6
8166957,彼得兔菱格童巾-多色任選,柔軟、親膚,474.0,6
8490012,Kid-O 日清 奶油/巧克力/檸檬 三明治餅乾340G,,474.0,6
7932355,IM三段式美妝蛋防塵收納盒-上斜切,三段式晾曬，收納、攜帶、晾曬3in1,474.0,6
7440656,曼秀雷敦Acnes痘痘貼-綜合型26片,4719865607205,474.0,6
8530357,蜻蜓牌高級素色紳士有機棉方巾-多款任選,台灣本土品牌經典款式再升級,474.0,6
7105516,ellips護髮時空膠囊8入染髮修護,膠囊包裝 不易氧化 髮油好新鮮,474.0,6
7932363,IM捲筒蕾絲雙眼皮貼360枚-尖橄欖(深邃款),黏性佳、透氣溫和不敏感,474.0,6
7427206,媚力惑色女用棉洗褲5入包_L,4711467268136,474.0,6
7105517,ellips護髮時空膠囊8入護色補水,膠囊包裝 不易氧化 髮油好新鮮,474.0,6
8186002,複合纖維羊毛1/2襪-M-多色任選,彈性襪口不勒腳,474.0,6
7089059,(已結束合作)RIMMEL 超亮感快閃刷手指甲油,底油、指甲油、護色油的3 in 1功效,474.0,6
7114953,安多精品 免洗床單(單人) 1入,乾淨衛生,474.0,6
7258313,樂品KF94非醫用4層口罩10入(成人酷炫黑),獨立呼吸空間,474.0,6
8237408,Mamolly滋潤護手霜60g,,474.0,6
8536925,卡娜赫拉的小動物文件袋-多色任選,,474.0,6
8179960,點胭脂恆春山茶橄欖斜切美妝蛋 1入,• 點胭脂透過原生系列，讓您看見台灣的特有原生花卉,474.0,3
7800909,點胭脂蘭嶼角鴞四切面角型美妝蛋 1入,• 點胭脂透過原生系列，想讓您看見台灣的特有動植物,474.0,3
8118919,點胭脂玉山杜鵑水滴型美妝蛋 1入,• 點胭脂透過原生系列，讓您看見台灣的特有原生花卉,474.0,3
7588648,non-no 140D 中壓力褲襪-2雙入-多色任選,針對長時間工作、久站的女性設計,474.0,3
7899384,MEKO元森純素主義多功能點彩刷,柔軟蓬鬆的刷毛觸感及超強抓粉控粉力,474.0,2
8167606,【廠商直送】RASTO-AL5磁吸LED充電感應燈50cm-多色任選,供電方式：充電式 (內建電池),474.0,1
8561410,【廠商直送】巧奇兒童口罩10入6包-綜合款,夾鏈袋設計!每袋10入同色系~外出攜帶好方便👍,474.0,1
8552228,BROWN&FRIENDS充電傳輸線C-C-1.5m-多款任選,官方授權，台灣限定商品。,473.0,1
7291536,MEKO 圓弧矽膠專業敷臉刷/U-035,敷臉專用刷 採用矽膠刷頭,472.0,8
7426272,HelloKitty螺旋塑棉補充包100入x6,4715664203259,472.0,8
7069742,MOTO噴瓶50ml-耐酒精PP,分裝液狀品，可噴出霧狀。,472.0,8
8529489,KALAIFU 超緊實鐵壓夾3入-8型 多款任選,,472.0,8
8046472,Solone毛孔淨化洗顏綿1入,,472.0,8
7403777,CottonLabo淨顏化妝棉80枚x2,4973202301168,472.0,8
7105926,台灣製-粗細雙重體驗沐浴球,SGS檢測，無塑化劑,472.0,8
7596827,韓國反摺刺繡行星中筒襪-多色任選,流行穿搭,472.0,8
8248870,尼克加大石墨烯船襪-多色任選,使用黑金石墨烯素材,472.0,8
8529505,KALAIFU 超緊實鐵壓夾3入 多款任選,,472.0,8
8122950,宇宙人少女襪2雙入- 22-26CM-多組任選,柔軟舒適,472.0,4
7064463,曼秀雷敦Acnes多效抗痘洗面乳 100g,抗痘、控油、去黑頭、保濕、舒緩、沁涼一瓶皆可完成,472.0,4
7932351,樂品水感皂香淨肌擦澡濕巾15抽x3包,水感，皂香淨肌,472.0,4
8499467,永和三美人 美妝蛋 水滴雙切 1入,• 粉餅乾用，減量輕彈，預防卡粉,472.0,4
8179958,永和三美人 多角度 方塊海綿 6入,• 大面積+多角度=快速上妝零死角,472.0,4
8173660,1/2少女襪 細橫條-2雙入-多色任選,觸感柔順 ，吸汗透氣,472.0,4
7801558,毛寶葳香抗菌洗衣精3000g-防霉淨味(限量包裝隨機出貨),實驗證實 有效洗淨4大病毒,470.0,2
7117315,法國沛綠雅氣泡天然礦泉水250ml*10入-多款任選,,470.0,1
7786043,【廠商直送】KS-蠶絲中腰平口褲3件組,專利蠶絲透氣乾爽,469.0,1
7050136,I’M MEME我愛甜茶晨光腮紅盤,集結春夏最新三美色，滿足花心女孩的選擇困難症,469.0,1
7049908,霓淨思玻尿酸深度潤澤霜50ml,三重滋潤配方，修護皮脂膜加強鎖水,469.0,1
8090340,【廠商直送】EAGLE單段自潔按摩蓮蓬頭HS170KP-黑,單段式出水模式,469.0,1
7256259,J-lin 大眼貼-自然隱形款(40枚),向那些容易漏餡的雙眼皮貼說bye，換上J lin雙眼皮貼開啟你的桃花眼,468.0,12
7403980,Pelican澀柿潤澤美膚皂80g,4976631477695,468.0,12
7426721,獅王3D潔淨牙刷-標準軟毛1入,4903301142706,468.0,12
7426548,Dent-Inn寬頭超細毛牙刷_中毛1入,4538604000448,468.0,12
7492162,童止滑襪-兔子-13-15cm-多色任選,好穿舒適,468.0,12
7105236,台灣製O束10入半圓雙線皮管-2款任選,台灣製超彈力粗O束    簡單大方  黑色高雅大方永不退流行   量多交換使用 也可以找好朋友一起買喔    寶雅獨家,468.0,6
7587334,台製沐浴夾4入- 9cm,材質：鐵、聚丙烯(PP)不易斷材質,468.0,6
7665259,艾諾琪-大師系列-M111小眼影刷,小巧刷型適用於眼影暈染、眼褶處少量多次上色，增加眼影飽和度。,468.0,3
8208976,銀離子抗菌輕量拖鞋-多色任選,可當一般室內外拖鞋使用,468.0,2
7581783,【廠商直送】杏輝私密緊實嫩白露200ml專科使用 x2瓶,專利柿子淨味因子,468.0,1
7099574,珂潤Curel 潤浸保濕清爽身體乳液220ML,專為乾燥敏感型肌膚設計,468.0,1
8489699,【廠商直送】【et seq.羽毛筆指甲油】ED1886 遺忘．記憶 舒緩去光水凝霜,舒緩推薦！讓那些該逝去的不再沾染，也不留下痕跡，,468.0,1
7105695,時尚款超輕量高彈力減壓拖鞋- 4色任選,行走時腳趾帶來的壓力，加厚，舒適減震，給您更優質的穿鞋體驗!戶外、居家皆適合穿著!,467.0,3
7149284,Mdmmd.二合一霧面啞光唇膏,長效水感遮瑕×漸層唇彩雙重享受,467.0,1
7688862,【廠商直送】Leocrema多功能護理霜150ml-蘆薈清爽 * 2件,成分中含豐富的維他命E和大米提取物等,466.0,1
8212577,【廠商直送】Catchmop 菜瓜布海綿4入裝,專利新概念清潔菜瓜布,466.0,1
7425201,LOTTEXYLITOL木糖醇無糖口香糖-清新薄荷(迷你瓶)26.1g,8934677000938,465.0,15
7104823,CHIC CHIC日本製造型抓夾-蝴蝶,跟著日本流行趨勢走~~高貴典雅，百搭精選,465.0,5
7059816,一匙靈制菌超濃縮洗衣粉1.9KG,洗淨力110%新升級,465.0,3
7818894,Forest Story豐盈髮膜200ml-猴麵包樹,猴麵包樹被稱為生命之樹，豐富的胺基酸深層修護，賦活髮絲，改善細軟脆弱髮質，防止頭髮乾燥斷裂,465.0,3
8504091,樂扣樂扣好堆疊WavePP保鮮盒670ML白,四面環扣完美密封,465.0,3
7060297,3M人工皮防水透氣繃6片-指用,適用傷口：表淺燒燙傷、切割傷、水泡、雷射後傷口,465.0,3
7818877,Forest Story絲滑亮澤髮膜200ml-辣木油,珍貴的辣木籽油，蘊含豐富維他命和高保濕油酸瞬間撫平毛燥，閃耀質感光澤,465.0,3
7105833,魔術靈 濕拖巾單包裝16張,新3D立體構造的濕拖巾含地板潔淨成分，不僅能吸附灰塵、毛髮、粉塵，還能同時清除皮脂污垢與食漬,465.0,3
8026508,成功石墨烯遠紅可調式護膝,搭配遠紅外線 效果更加倍,464.0,1
7426247,蘇菲彈力貼身超熟睡42cm10片,4903111372492,463.0,3
7523658,森下仁丹魔酷雙晶球50粒_勁涼薄荷,4719552024001,462.0,7
7506848,涼感柴犬+紳士貓腳印緹花船襪3雙入,涼感纖維,460.0,4
8122574,大童恐龍緹花襪-2雙入-18-20cm-多款任選,CB嚴選台灣製造,460.0,4
7567675,狗家族刺繡小方巾-3入,100%純棉材質,460.0,4
7044910,千代田高質海帶芽65g,精選上等海帶芽,460.0,4
8082922,VOLA 消臭1/4漸層條2雙入-M-2色任選,瑞士專利除臭紗抑菌消臭,460.0,4
7786608,【廠商直送】HangTen 經典款船型襪三雙入組M-多色任選,運動休閒款,460.0,2
7760186,洗顏專科超微米卸妝水-控油,卸掉三層髒污,460.0,2
7323660,韓國可瑞絲香氛洗髮精600ml-華麗琥珀,1.精品香水調香洗髮精。,460.0,2
7914527,【廠商直送】【pure.tiful純淨妍】B12修護乳液30ml,維他命B12 全方位深層修護,460.0,1
7426563,Zettoc小鱷魚兒童健齒牙膏_可樂,4582118954421,459.0,3
8583127,EDGEU凝膠美甲貼設計款-506 SOUR SWEET CHECK,紅色與黃色的組合帶來熱帶水果才有的酸甜與清爽,459.0,1
7432146,肌研極潤完美多效凝露100g,"全新配方添加『2倍吸附型玻尿酸*」,能與肌膚緊密結合,強",459.0,1
7555820,迪士尼公主系列連帽浴巾60*120cm,柔軟舒適,459.0,1
7397202,ZEESEA愛麗絲幻境國度9色眼影盤,五種質地:細膩、絲滑、持久顯色不飛粉,459.0,1
8241836,【廠商直送】RASTO RT3 晶片ATM+五合一憶讀卡機,"BSMI識別碼：D53771,檢磁型號：R-PCE003",459.0,1
7432870,MelanoCC維他命C美白淡斑凝露100g,4719865615064,459.0,1
8584832,EDGEU凝膠美甲貼設計款-226 WILD CHEETAH,完美展現獵豹獨有的黑色水滴動物紋路，增添摩卡棕色的溫柔魅力,459.0,1
7111978,美國棉簡約素色浴巾(68*137cm)- 2款任選(條),歐式典雅緞帶設計美學,459.0,1
8489211,【廠商直送】cocodor夢幻雪球擴香禮盒-小森林,內容物:擴香補充瓶200ml、擴香空瓶、擴香棒5支、造型擴香棒1支、圍巾1入、漏斗1個、裝飾花材1入,459.0,1
7994159,盈采制菌刷具系列,直絲人造纖維毛，觸感柔軟，平刷頭設計，適用於粉底上妝，快速出門救星！可分解木質握柄，善良與美麗，上妝與潔淨，可可愛愛，無需抉擇。由外而內乾淨顏。,458.0,2
7816907,YOKU_KF94成人立體醫用口罩_霧鐵灰20入,4719882920387,458.0,2
7336381,【J′ADORE】銀針耳環4入麋鹿冬雪,【J′ADORE】精品,458.0,2
7103848,趣味兔耳造型髮圈-2款任選,裝飾、造型用,458.0,2
7083947,沙宣強力持久造型噴霧150ml,"強力支撐因子,持久定型不黏膩",458.0,2
8090114,樂扣樂扣優質水壺700ML/附掛帶/粉色,瓶身為食品級TRITAN(共聚酯)，不含塑化劑和雙酚A。,458.0,2
7091904,貓-消臭貓砂5L-多款任選,"瞬間消臭, 確實結團",458.0,2
7325823,VOLA 防水觸控手套-雙色灰 M/女款,防水、防風襲雙料夾層,458.0,2
7325901,VOLA 防水觸控手套-雙色黑 L/男款,防水、防風襲雙料夾層,458.0,2
7105711,樂扣樂扣第二代耐熱玻璃保鮮盒圓形650ML/白,採用耐熱400℃玻璃材質，烹調保鮮一手包辦,458.0,2
7171402,小橄欖樹草本極致超柔香皂250g-乳油木,100%草本，採用世界香水之都格拉斯的天然香料製造,458.0,2
7230802,橫條咖啡紗浴巾-多色任選,材質:96%棉4%聚酯纖維(咖啡紗),458.0,2
7310500,Lumina高精密彎粉刺夾,適用於粉刺拔除，痘痘護理。,458.0,2
7897332,【廠商直送】Ronever M17金屬調音耳麥(3)-銀,入耳式輕量小巧設計，配戴舒適，隔絕外部噪音。,458.0,2
7125490,美吾髮卡樂芙染髮霜-松子亞麻 50gm(新舊包裝隨機出貨),顯色度+58%有感超顯色,458.0,2
8224111,YABY針織加絨毛線帽-毛球-多色任選,流型百搭.保暖禦寒,458.0,2
7688852,【廠商直送】Leocrema潤澤護唇膏-摩洛哥果油5.5ml * 3件,摩洛哥堅果油提供雙唇超絲滑和柔軟的有效護理，同時誘人而濃郁的香氣包覆唇部,458.0,1
7432270,SALONLINK加強修護洗髮乳1000ml,4513574022812,457.0,2
7970074,待刪除-狗-單身狗軟嫩筷子多汁雞肉條10g-口味任選,真空獨立包裝、低鹽、新鮮、優質、國產,456.0,38
7693240,永和三美人BEAUTY THREE 全系列化妝海綿7片入體驗包,規格︱海特大1入、海大2入、海小2入、新粹1入、竹炭1入,456.0,3
7702526,【廠商直送】陽明生醫葉黃素晶亮凍10入,添加陽明專利益生菌,456.0,1
7326227,Lumina極吸日本黏取式吸油面紙,特色：,455.0,13
7523715,波特醫療口罩成人10入淺紫,4711467263636,455.0,13
7440020,ZP幼兒牙刷(6~24個月適用)-顏色隨機,ZP幼兒牙刷(6~24個月適用),455.0,7
7836578,依必朗簡單任務消臭劑150g-鞋櫃專用,消臭制菌 雙重功效,455.0,7
7800898,LuLuLun面膜升級款22ml-高效保濕,1.添加保水力絕佳的高效成分,455.0,7
7800905,LuLuLun大女孩面膜升級款22ml(1片裝)-緊致嫩肌,1.專為30-40多歲的成熟肌所設計的修護型面膜,455.0,7
8030902,MakeCover毛孔隱形遮瑕美肌霜20g,凹凸肌膚的佳音!,455.0,1
7265424,白雪姬美白水潤美頸奇蹟晚安霜40g,美頸霜/淡化頸紋/美白,455.0,1
7050156,J-lin雙切角軟Ｑ蛋-抹茶牛奶色,軟Ｑ材質、回彈力強，拍打在臉上十分舒適。,453.0,3
8543965,妖制 菠蘿派氣墊粉撲(三入組),全款式乾濕兩用 打濕使用底,452.0,4
7426336,靠得住暖心香氛瞬吸護墊_梔子花17.5cm,4710036613070,450.0,10
7426335,靠得住安全草本瞬吸護墊加長香氛17.5cm,4710036598810,450.0,10
7436754,泡澡時光_北海道牛奶風呂入浴劑30g,1.小蘇打泡澡讓肌膚更光滑細嫩!,450.0,6
7248930,台製壓克力壓夾3入鏤空-12cm,商品材質：聚苯乙烯,450.0,6
7307846,Lumina超捲翹睫毛夾,1.標準型，正常眼窩深度皆可適用。,450.0,6
7260610,達樂美多良見果凍230g-綜合,日本原裝進口,450.0,6
7833046,Calbee蝦之脆日式七味唐辛子味蝦片50g,4892294503932,450.0,6
7406519,阿久師臺灣米夾心餅77g-多款任選,"酥脆米餅乾 + 香濃內餡,清爽無負擔!",450.0,3
7427346,獅子化學全淨(多用途洗淨除菌劑),4900480199187,450.0,3
7433037,泡泡入浴棒_心型,4535304299882,450.0,3
7237233,依洛嘉磁石撫紋精華面膜5入裝-黑,添加添加秋葵植物多醣、魚鱗膠原蛋白,450.0,2
7237232,依洛嘉磁石晶澈白皙面膜5入裝-白,添加維他命C、薏仁萃取,450.0,2
7819069,Caravan染髮拋棄式配件組*3組,使用染髮、護髮商品時的便利套裝。,450.0,2
7048758,帕瑪氏撫紋按摩霜新配方125g,有效提升98%女性肌膚彈性,450.0,1
8541519,【廠商直送】美德醫療醫用防護口罩10入5盒-妃迷彩/夜迷彩,1. 細菌過濾效率BFE99%,450.0,1
7931904,比得兔第三代小精油燈_側兔,,450.0,1
8620212,【廠商直送】美德彩色醫用防護口罩50入3盒- 嘿嘿黑,經防潑水處理，阻擋飛沫及顆粒粉,450.0,1
7054577,Avene 雅漾舒護活泉水150ml,有效舒緩肌膚敏弱不適,450.0,1
7230824,帕瑪氏美胸緊緻霜125g,"肌膚的緊緻度與彈性會隨著體重變化、生育、懷孕與年齡的增加而降低,",450.0,1
7443060,OMORYx柴語錄-304不鏽鋼泡麵碗850ml-紅,《柴語錄》X OMORY_療癒感聯名設計~,450.0,1
7251001,D-up完美延伸捲翹睫毛膏,半月型刷頭，更符合東方人眼型，前中後段睫毛都刷的到，,450.0,1
7440287,日本味王暢快人生草玫精華版30入,4710829654716,450.0,1
7443065,OMORYx柴語錄-304不鏽鋼泡麵碗850ml-綠,《柴語錄》X OMORY_療癒感聯名設計~,450.0,1
7425360,樂天小熊餅-巧克力37g,8852008300185,449.0,16
7833011,白雪姬夜夜密集美白水潤美頸奇蹟晚安霜40g,4533213679283,449.0,1
7187058,Eni Mani立裁瘦身七分瑜珈褲,貼身舒適,449.0,1
8608317,【廠商直送】NAKAY藍牙讀卡絢彩喇叭,可搭配具藍牙功能的平板電腦/筆記型電腦/智慧型手機。,449.0,1
7650985,美吾髮植優護髮染髮霜40+40ml-3C霧感焦糖棕,"花植菁萃溫和配方,減少頭髮傷害",449.0,1
7415061,角落小夥伴童厚棉睡衣套裝,台灣製造,449.0,1
7261475,Nature Tree高濃縮玻尿酸修護液100ml,"三重玻尿酸,高效保濕補水",449.0,1
7403834,MANUP近江水鏡高保潤乳液80mL,4562227459444,449.0,1
7064278,Simple清妍親膚舒緩保濕化妝水200ml,維他命B3可舒緩肌膚，強化肌膚抵抗力,449.0,1
7433093,Relove_G7私密弱酸私密護理噴霧_慾望玫瑰,4712933175637,449.0,1
7433149,MixiPpotion精油修護洗髮精440ml,4589546891076,449.0,1
7661079,白雪姬完美腋下不羞羞美白晚安霜30g,4533213678347,449.0,1
8094315,西歐科技藍光噴霧無線消毒槍,大面積噴霧消毒槍,449.0,1
7064267,Simple清妍極致補水長效保濕精華 25ml,添加天然來源植萃保濕成分#與礦物精華,449.0,1
7600615,rico316真空彈跳杯500ML-兩色任選,單手操作彈蓋式杯蓋，飲用最方便。,449.0,1
8059473,簡單工房石墨烯典雅浴巾-藕灰,石墨烯是一種透明、良好的導體，導熱系數高，不僅透氣性佳、持久耐用、有效抑臭，且環保安全。,449.0,1
8122438,多功能桌掛兩用電子鐘TD-420,超薄機身,449.0,1
7325854,Lumina貝印22mm安全修眉刀CBM-1P-顏色隨機出貨,特色：適用於臉部及身體細毛的剃除。特別適用於眉形整理。,448.0,14
7313185,Pentel飛龍 標準型橡皮擦-特大,Pentel招商商品，經典橡皮擦,448.0,8
8585587,【廠商直送】Versace香戀水晶迷你瓶5ml,使用香水可使女性散發性感魅力、充滿女人味、沉浸在清新花香之中。,448.0,2
7372584,UNO瑪莉歐賽車,玩家輪流將手中的一張牌與當前牌以顏色或數字顯示在牌組頂部的方式進行匹配。,448.0,2
7138845,奈良彌亞護髮染髮霜40g-初戀玫金J5,不添加 PPD,448.0,2
7237042,角落小夥伴-可愛不鏽鋼水杯(附蓋子),童趣餐具,448.0,2
7425569,海太脆皮黑森林蛋糕112g,8801019315046,447.0,9
7148818,Miro.lu韓式空氣瀏海夾4入,新一代內層髮捲，魔鬼氈設計，柔軟透氣 附專用固定夾,447.0,3
7105701,經典室內皮拖鞋-3色任選,「Vero＆Nique 維諾 妮卡」為精品室內鞋品牌，以時尚設計呈現出與眾不同的機能特性，不斷研發與創新，近年來更是積極的開發更加舒適的拖鞋，所以每款拖鞋都必須在「靜音」、「防滑」與「舒適好穿」的前提之下才能生產製造。,447.0,3
7097862,舒妃葵花護髮霜1000g,修補受損毛髮，防止頭髮乾燥、分岔、斷裂,447.0,3
7594112,CHICCHIC日本造型醋酸抓夾-雲紋黃,跟著日本流行趨勢走~~高貴典雅，百搭精選,447.0,3
7327149,小白兔貼式暖暖包14hr/10p-日文版,最高溫度63℃，平均溫度53℃(維持溫度40℃以上),447.0,3
7993516,爾木萄流星極細雙頭防水眉筆,以眉筆創造毛流感來表現自然眉型,447.0,3
7638385,新韓國Brillante reve旋轉眉筆,Brillante rêve韓國旋轉眉筆,447.0,3
7446423,韓國isLeaf Q10水感保濕身體乳400ml,"含有Coenzyme Q10，幫助減少肌膚細紋,",447.0,3
7436828,【官網限定販售】去味大師竹木香_麝香綠茶80ml,˙專利松木塊 持久擴香,447.0,3
7098898,曼秀雷敦男士洗髮精550ml-抗屑冰涼,"添加Climbazole抗屑成分, 能有效去除頭皮屑,止頭皮癢",447.0,3
7166288,好自在Radiant液體衛生棉幻彩系列9片(日用24cm),尾端凹槽3D FIT超貼合身體,447.0,3
7820324,抗菌消臭足弓女五趾襪-灰,抗菌消臭改善異味產生,447.0,3
7643141,熊大與好朋友們的系列小方巾3入20*20cm,柔軟舒適,447.0,3
7048913,泡泡洗顏網-極細泡泡,"極細泡泡製造網,雙層細紗網設計,泡泡比一般更加細緻,有如乳霜般的泡沫,泡泡越細緻,清潔更徹底.觸感更舒適.",447.0,3
7435613,溫太醫一條根(添加薑黃)貼布6片,4713014190112,447.0,3
7088372,妮維雅 止汗爽身乳液 清新舒涼50ml,長效止汗乾爽效果,447.0,3
8546511,柔蔓-美學修飾褲,柔蔓-美學修飾褲,447.0,3
7082476,S.D.R.奢華閃耀珍珠洗手乳500ml,含有保濕霜的特別配方，打造飽水柔嫩之肌底,447.0,3
8131338,LUCIDO-L護髮精華造型乳200ml鬆軟澎捲,"造型同時護髮,打造高質感捲髮造型",447.0,3
7148996,橘子工坊-家用類廚房烤爐清潔劑480ml,新升級橘油擊垢配方，免用力刷洗，輕鬆瓦解爐具油汙,447.0,3
7097236,妮維雅男士止汗爽身噴霧 無印乾爽系列(清新海洋),不殘留白印並減少黃色汗漬,447.0,3
7435614,溫太醫一條根(添加葡萄糖胺)貼布6片,4713014190136,447.0,3
7680977,日光生活-環保矽膠保鮮蓋6件套,1.6種尺寸，對應各種不同大小器皿或食材,447.0,3
7222384,舒適臉部修容刀-敏感肌用3入裝 (新舊包裝隨機),超密緻安全護網設計,447.0,3
8243066,日本彈潤蜜桃面膜20ml-亮澤撕除,兩種精華成分配合，打造擁有透明感的白桃美肌。,447.0,3
8168925,【廠商直送】mauve-柔感棉緹花包臀中腰褲-F,*柔感棉材質 * 親膚舒適好穿,447.0,3
